rxn_smiles	max_tanimoto_similarity
C#CC1(OC(C)=O)CCC2C3CCC4=CC(OC(C)=O)CCC4C3CCC21C.CC(O)(P(=O)(O)O)P(=O)(O)O>>CN1C(=O)CN=C(c2ccccc2F)c2cc([N+](=O)[O-])ccc21.CCNCC(O)c1cccc(O)c1.C1CC2CCC1CN2	0.6171428561210632
C#CC1(OC(C)=O)CCC2C3CCC4=CC(OC(C)=O)CCC4C3CCC21C.CC1NCCOC1c1ccccc1>>Nc1ncnc2c1ncn2[C@@H]1O[C@H](COP(=O)(O)OP(=O)(O)O)[C@@H](O)[C@H]1O.COCC1OC(=O)c2coc3c2C1(C)C1=C(C3=O)C2CCC(=O)C2(C)CC1OC(C)=O	0.4910714328289032
C#CC1(OC(C)=O)CCC2C3CCC4=CC(OC(C)=O)CCC4C3CCC21C.Cn1cc(C(=O)NCC2CCN(CC(F)(F)F)C2)cn1>>Nc1ncnc2c1ncn2[C@@H]1O[C@H](COP(=O)(O)OP(=O)(O)O)[C@@H](O)[C@H]1O.CCC(CC)C(=O)OCCOCCOCCOC(=O)C(CC)CC	0.6915887594223022
C#N.O>>O=C[O-].[NH4+]	1.0
C/C(=C\C[n+]1cnc2c(ncn2[C@@H]2O[C@H](CO)[C@@H](O)[C@H]2O)c1N)CC[C@@]1(C)[C@@H]2CCCC(C)(C)C2=CC[C@@H]1C.O=P([O-])([O-])OP(=O)([O-])O>>C/C(=C\COP(=O)([O-])OP(=O)([O-])[O-])CC[C@@]1(C)[C@@H]2CCCC(C)(C)C2=CC[C@@H]1C.Nc1ncnc2c1ncn2[C@@H]1O[C@H](CO)[C@@H](O)[C@H]1O.[H+]	1.0
C=C(OP(=O)([O-])[O-])C(=O)[O-].O=C([O-])O>>O=C([O-])CC(=O)C(=O)[O-].O=P([O-])([O-])O	1.0
C=C(OP(=O)([O-])[O-])C(=O)[O-].O>>O=C([O-])[C@@H](CO)OP(=O)([O-])[O-]	1.0
C=CC(O)C#CC#CC(O)C=CCCCCCCC.COC(=O)CCCc1cc2ccccc2[nH]1>>C=C1C(=CC=C2CCCC3(C)C2CCC3C(C)CCCC(O)(C(F)(F)F)C(F)(F)F)CC(O)CC1O.COC(=O)c1c(OC)cc2cc3c(c(O)c2c1C)C(=O)c1c(O)cc(OC)cc1C3=O	0.6451612710952759
C=CC(O)C#CC#CC(O)C=CCCCCCCC.C[C@H](N)[C@H](O)c1ccccc1>>C=C(C)C1OC2CCC3(C)C4(C)c5[nH]c6cc(Cl)c7c8c6c5C(OC(C)(C)C5CC(C(=C)C7)C85O)C4CCC3(O)C23OC3C1O.C=C1C(=CC=C2CCCC3(C)C2CCC3C(C)CCCC(O)(C(F)(F)F)C(F)(F)F)CC(O)CC1O	0.4336734712123871
C=CC(O)C#CC#CC(O)C=CCCCCCCC.Cc1ccc(NCC(O)c2ccccc2)nc1>>C=C1C(=CC=C2CCCC3(C)C2CCC3C(C)CCCC(O)(C(F)(F)F)C(F)(F)F)CC(O)CC1O.Cc1cc(C(=O)NNCc2ccccc2)on1	0.5902777910232544
C=CC(O)C#CC#CC(O)C=CCCCCCCC.NC([NH3+])=NCc1ccccc1Cl.[Cl-]>>C=C1C(=CC=C2CCCC3(C)C2CCC3C(C)CCCC(O)(C(F)(F)F)C(F)(F)F)CC(O)CC1O.CCc1ccc(C)c2ccc(C)c-2c1	0.6159420013427734
C=CC1=C(C(=O)O)N2C(=O)C(NC(=O)C(=NO)c3csc(N)n3)C2SC1.O>>CC(C)CBr	0.8235294222831726
C=CC1=C(C)C2=CC3=NC(=CC4=NC(=CC5=NC(=CC1=N2)C(C)=C5C=C)C(C)=C4CCC(=O)[O-])C(CCC(=O)[O-])=C3C.[Fe+2]>>C=CC1=C(C)c2cc3[n-]c(cc4nc(cc5[n-]c(cc1n2)c(C)c5CCC(=O)[O-])C(CCC(=O)[O-])=C4C)c(C)c3C=C.[Fe+2].[H+]	1.0
C=CC1=C(C)c2cc3[n-]c(cc4nc(cc5[n-]c(cc1n2)c(C)c5CCC(=O)[O-])C(CCC(=O)[O-])=C4C)c(C)c3C=C.[Fe+2].[N]=O.O>>C=CC1=C(C)c2cc3[n-]c(cc4nc(cc5[n-]c(cc1n2)c(C)c5CCC(=O)[O-])C(CCC(=O)[O-])=C4C)c(C)c3C=C.O=N[O-].[Fe+2].[H+]	1.0
C=CC1=C(C)c2cc3[n-]c(cc4nc(cc5[n-]c(cc1n2)c(C)c5CCC(=O)[O-])C(CCC(=O)[O-])=C4C)c(C)c3[C@@H](O)CC/C=C(\C)CC/C=C(\C)CCC=C(C)C.O=P([O-])([O-])OP(=O)([O-])O.[Fe+2]>>C=CC1=C(C)c2cc3[n-]c(cc4nc(cc5[n-]c(cc1n2)c(C)c5CCC(=O)[O-])C(CCC(=O)[O-])=C4C)c(C)c3C=C.CC(C)=CCC/C(C)=C/CC/C(C)=C/COP(=O)([O-])OP(=O)([O-])[O-].[Fe+2].O	1.0
C=CC1=C(C)c2cc3[n-]c(cc4nc(cc5[n-]c(cc1n2)c(C)c5CCC(=O)[O-])C(CCC(=O)[O-])=C4C)c(C)c3[C@@H](O)CC/C=C(\C)CC/C=C(\C)CCC=C(C)C.[Fe+2].[H].O>>C=CC1=C(C)c2cc3[n-]c(cc4nc(cc5[n-]c(cc1n2)c(C)c5CCC(=O)[O-])C(CCC(=O)[O-])=C4C=O)c(C)c3[C@@H](O)CC/C=C(\C)CC/C=C(\C)CCC=C(C)C.[Fe+2].[H].[H]	1.0
C=CCC(=O)O.O>>CC(=O)O.CCO	0.22580644488334656
C=CCSc1nc2sc3c(c2c(=O)n1-c1ccc(C)cc1)CCC3.C=CC(O)C#CC#CC(O)C=CCCCCCCC>>C=C1C(=CC=C2CCCC3(C)C2CCC3C(C)CCCC(O)(C(F)(F)F)C(F)(F)F)CC(O)CC1O.O=C(C=Cc1ccccc1)NC(N=C(S)Nc1cccc(O)c1)C(Cl)(Cl)Cl	0.4433497488498688
C=COC[C@@H](O)COP(=O)([O-])[O-].[NH3+]CCO.[H+]>>C=COC[C@@H](O)COP(=O)([O-])OCC[NH3+].O	1.0
CC(=O)C(=O)[O-].[NH4+].[SH-].[H+]>>[NH3+][C@@H](CS)C(=O)[O-].O	1.0
CC(=O)C(=O)[O-].[NH4+]>>[NH3+][C@H](CO)C(=O)[O-]	1.0
CC(=O)NC1C(OC2C(C(=O)O)OC(O)C(O)C2O)OC(CO)C(O)C1O.O>>CC(=O)NC1C(O)OC(CO)C(O)C1O.O=C(O)C1OC(O)C(O)C(O)C1O	0.5789473652839661
CC(=O)NCCCC[C@H](N)C=O.O>>N[C@H](C=O)CCCC[NH3+].CC(=O)[O-]	1.0
CC(=O)NCCCC[NH3+].O=O.O>>CC(=O)NCCCC=O.[NH4+].OO	1.0
CC(=O)NC[C@H]1NCCc2cc(C)c(C)cc21>>CC1=C[C@H](O/C=C2/C(=O)O[C@@H]3C4=C(C[C@H]23)[C@@H](O)CCC4(C)C)OC1=O	0.5970149040222168
CC(=O)N[C@@H]1[C@@H](O)[C@H](O[C@@H]2O[C@H](CO)[C@@H](O[C@@H]3O[C@H](CO[C@H]4O[C@H](CO[C@H]5O[C@H](CO)[C@@H](O)[C@H](O)[C@@H]5O)[C@@H](O)[C@H](O[C@H]5O[C@H](CO)[C@@H](O)[C@H](O)[C@@H]5O)[C@@H]4O)[C@@H](O)[C@H](O[C@H]4O[C@H](CO)[C@@H](O)[C@H](O)[C@@H]4O)[C@@H]3O)[C@H](O)[C@H]2NC(C)=O)[C@@H](CO)O[C@H]1NC(=O)C[C@H](N)C=O.OC[C@H]1O[C@@H](O)[C@@H](O)[C@@H](O)[C@@H]1O>>CC(=O)N[C@@H]1[C@@H](O)[C@H](O[C@@H]2O[C@H](CO)[C@@H](O[C@@H]3O[C@H](CO[C@H]4O[C@H](CO[C@H]5O[C@H](CO)[C@@H](O)[C@H](O)[C@@H]5O[C@H]5O[C@H](CO)[C@@H](O)[C@H](O)[C@@H]5O)[C@@H](O)[C@H](O[C@H]5O[C@H](CO)[C@@H](O)[C@H](O)[C@@H]5O[C@H]5O[C@H](CO)[C@@H](O)[C@H](O)[C@@H]5O)[C@@H]4O)[C@@H](O)[C@H](O[C@H]4O[C@H](CO)[C@@H](O)[C@H](O)[C@@H]4O[C@H]4O[C@H](CO)[C@@H](O)[C@H](O)[C@@H]4O[C@H]4O[C@H](CO)[C@@H](O)[C@H](O)[C@@H]4O)[C@@H]3O)[C@H](O)[C@H]2NC(C)=O)[C@@H](CO)O[C@H]1NC(=O)C[C@H](N)C=O.O	1.0
CC(=O)N[C@H]1C(O)O[C@H](COP(=O)([O-])[O-])[C@@H](O)[C@@H]1O[C@H](C)C(=O)[O-].Nc1ncnc2c1ncn2[C@@H]1O[C@H](COP(=O)([O-])OP(=O)([O-])[O-])[C@@H](O)[C@H]1O.[H+]>>Nc1ncnc2c1ncn2[C@@H]1O[C@H](COP(=O)([O-])OP(=O)([O-])OP(=O)([O-])[O-])[C@@H](O)[C@H]1O.CC(=O)N[C@H]1[C@@H]2OC[C@@H](O2)[C@@H](O)[C@@H]1O[C@H](C)C(=O)[O-].O	1.0
CC(=O)N[C@H]1[C@H](O[C@@H]2[C@H](O[C@]3(C(=O)[O-])C[C@H](O)[C@@H](NC(C)=O)[C@H]([C@H](O)[C@@H](CO)O[C@]4(C(=O)[O-])C[C@H](O)[C@@H](NC(C)=O)[C@H]([C@H](O)[C@H](O)COC(C)=O)O4)O3)[C@@H](O)[C@H](O[C@H]3[C@H](O)[C@@H](O)[C@H](OC[C@@H](CO)NC=O)O[C@@H]3CO)O[C@@H]2CO)O[C@H](CO)[C@H](O)[C@@H]1O[C@@H]1O[C@H](CO)[C@H](O)[C@H](O)[C@H]1O>>CC(=O)N[C@H]1[C@H](O[C@@H]2[C@H](O[C@]3(C(=O)[O-])C[C@H](O)[C@@H](NC(C)=O)[C@H]([C@H](O)[C@@H](CO)O[C@]4(C(=O)[O-])C[C@H](O)[C@@H](NC(C)=O)[C@H]([C@H](O)[C@@H](CO)OC(C)=O)O4)O3)[C@@H](O)[C@H](O[C@H]3[C@H](O)[C@@H](O)[C@H](OC[C@@H](CO)NC=O)O[C@@H]3CO)O[C@@H]2CO)O[C@H](CO)[C@H](O)[C@@H]1O[C@@H]1O[C@H](CO)[C@H](O)[C@H](O)[C@H]1O	1.0
CC(=O)N[C@H]1[C@H](O[C@H]2[C@@H](O)[C@@H](CO)O[C@@H](O[C@H]3[C@@H](O)[C@@H](CO)O[C@H](O[C@H](C)[C@H](N)C=O)[C@@H]3NC(C)=O)[C@@H]2O)O[C@H](CO)[C@@H](O)[C@@H]1O.Nc1ncnc2c1ncn2[C@@H]1O[C@H](COP(=O)([O-])OS(=O)(=O)[O-])[C@@H](OP(=O)([O-])[O-])[C@H]1O>>CC(=O)N[C@H]1[C@H](O[C@H]2[C@@H](O)[C@@H](CO)O[C@@H](O[C@H]3[C@@H](O)[C@@H](CO)O[C@H](O[C@H](C)[C@H](N)C=O)[C@@H]3NC(C)=O)[C@@H]2O)O[C@H](COS(=O)(=O)[O-])[C@@H](O)[C@@H]1O.Nc1ncnc2c1ncn2[C@@H]1O[C@H](COP(=O)([O-])[O-])[C@@H](OP(=O)([O-])[O-])[C@H]1O.[H+]	1.0
CC(=O)Nc1ccc(OCC(O)CNC(C)C)cc1.NC(=O)OCC(COC(N)=O)c1ccccc1>>C[C@@H]1O[C@@H](Oc2c(-c3ccc(O)c(O)c3)oc3cc(O[C@@H]4O[C@H](CO)[C@@H](O)[C@H](O)[C@H]4O)cc(O)c3c2=O)[C@H](O)[C@H](O)[C@H]1O.CCCCC=CC=CCC(=O)OC12CC(C)C3(O)C(C=C(CO)CC4(O)C(=O)C(C)=CC43)C1C2(C)C	0.6023622155189514
CC(=O)OCC(=O)C1(O)C(C)CC2C3CCC4=CC(=O)C=CC4(C)C3(F)C(O)CC21C.CN1C(=O)CN=C(c2ccccc2F)c2cc([N+](=O)[O-])ccc21.O=O>>CN1C(=O)CN=C(c2ccccc2F)c2cc([N+](=O)[O-])ccc21.CCOc1ccc2c3c1OC1C(O)C=CC4C(C2)N(C)CCC341.CC(C(O)c1ccc(O)cc1)N1CCC(Cc2ccccc2)CC1	0.6244344115257263
CC(=O)OCC1=C(C(=O)O)N2C(=O)C(NC(=O)Cc3cccs3)C2SC1.O>>CC(C)CBr	0.6700000166893005
CC(=O)OCC[N+](C)(C)C.O>>C[N+](C)(C)CCO.CC(=O)[O-].[H+]	1.0
CC(=O)OO.O>>CC(=O)[O-].[H+].OO	1.0
CC(=O)OP(=O)(O)OC[C@H]1O[C@@H](n2cnc3c(N)ncnc32)[C@H](O)[C@@H]1O.CCOC(=O)C=C(C)C=CC=C(C)C=Cc1c(C)cc(OC)c(C)c1C>>CC(C)c1c(CN(C)C(C)Cc2ccccc2)n(C)n(-c2ccccc2)c1=O.C=CC(O)C#CC#CCC=CCCCCCCC	0.5442622900009155
CC(=O)Oc1ccc([N+](=O)[O-])cc1.O>>O=[N+]([O-])c1ccc(O)cc1.CC(=O)O	0.5
CC(=O)SCCNC(=O)CCNC(=O)[C@H](O)C(C)(C)COP(=O)([O-])OP(=O)([O-])OC[C@H]1O[C@@H](n2cnc3c(N)ncnc32)[C@H](O)[C@@H]1OP(=O)([O-])[O-].C/C=C1/C[NH+]2CC[C@]34C(=Nc5ccccc53)[C@@H]2C[C@@H]1[C@@]4(CO)C(=O)OC>>CC(C)(COP(=O)([O-])OP(=O)([O-])OC[C@H]1O[C@@H](n2cnc3c(N)ncnc32)[C@H](O)[C@@H]1OP(=O)([O-])[O-])[C@@H](O)C(=O)NCCC(=O)NCCS.C/C=C1/CN2CC[C@]34C(=Nc5ccccc53)[C@@H]2C[C@@H]1C4(COC(C)=O)C(=O)OC.[H+]	1.0
CC(=O)SCCNC(=O)CCNC(=O)[C@H](O)C(C)(C)COP(=O)([O-])OP(=O)([O-])OC[C@H]1O[C@@H](n2cnc3c(N)ncnc32)[C@H](O)[C@@H]1OP(=O)([O-])[O-].CSCC[C@H]([NH3+])C(=O)N[C@H](C=O)CC(C)C>>CC(C)(COP(=O)([O-])OP(=O)([O-])OC[C@H]1O[C@@H](n2cnc3c(N)ncnc32)[C@H](O)[C@@H]1OP(=O)([O-])[O-])[C@@H](O)C(=O)NCCC(=O)NCCS.CSCC[C@H](NC(C)=O)C(=O)N[C@H](C=O)CC(C)C.[H+]	1.0
CC(=O)SCCNC(=O)CCNC(=O)[C@H](O)C(C)(C)COP(=O)([O-])OP(=O)([O-])OC[C@H]1O[C@@H](n2cnc3c(N)ncnc32)[C@H](O)[C@@H]1OP(=O)([O-])[O-].C[NH2+]CCCC[C@H](N)C=O>>CC(C)(COP(=O)([O-])OP(=O)([O-])OC[C@H]1O[C@@H](n2cnc3c(N)ncnc32)[C@H](O)[C@@H]1OP(=O)([O-])[O-])[C@@H](O)C(=O)NCCC(=O)NCCS.CC(=O)N(C)CCCC[C@H](N)C=O.[H+]	1.0
CC(=O)SCCNC(=O)CCNC(=O)[C@H](O)C(C)(C)COP(=O)([O-])OP(=O)([O-])OC[C@H]1O[C@@H](n2cnc3c(N)ncnc32)[C@H](O)[C@@H]1OP(=O)([O-])[O-].N[C@H](C=O)CCCC[NH3+]>>CC(C)(COP(=O)([O-])OP(=O)([O-])OC[C@H]1O[C@@H](n2cnc3c(N)ncnc32)[C@H](O)[C@@H]1OP(=O)([O-])[O-])[C@@H](O)C(=O)NCCC(=O)NCCS.CC(=O)NCCCC[C@H](N)C=O.[H+]	1.0
CC(=O)SCC[N+](C)(C)C.O>>CC(S)[N+](C)(C)C.CC(=O)O	0.604651153087616
CC(=O)[C@@H](O)[C@H](O)COP(=O)([O-])[O-].NCC(=O)NCC(=O)[S-].[NH2+]=CC(=O)[O-]>>CC1=N[C@@H](C(=O)[O-])S/C1=C\COP(=O)([O-])[O-].NCC(=O)NCC(=O)[O-].[H+].O	1.0
CC(=O)[C@@H](O)[C@H](O)COP(=O)([O-])[O-].[NH3+]CC(=O)COP(=O)([O-])[O-]>>Cc1ncc(COP(=O)([O-])[O-])c(CO)c1O.O=P([O-])([O-])O.[H+].O	1.0
CC(=O)[O-].O>>O=C([O-])CO.[H+].[H]	1.0
CC(C(=O)Nc1cnc2ccccc2c1)n1ccnc1.O=O>>Cc1nc(CCNC(=O)C(C)n2ccnc2)cs1	0.27906978130340576
CC(C)(C)n1nc(-c2cccc3ccccc23)c2c(N)ncnc21.NCC(=O)NC1OC(COP(=O)([O-])[O-])C(O)C1O>>CCCCC=CC=CCC(=O)OC12CC(C)C3(O)C(C=C(CO)CC4(O)C(=O)C(C)=CC43)C1C2(C)C.CC(=O)N1CCC([C@@H]2NCCc3ccc(C)c(C)c32)CC1	0.5175879597663879
CC(C)(COP(=O)(O)OP(=O)(O)OC[C@H]1O[C@@H](n2cnc3c(N)ncnc32)[C@H](O)[C@@H]1OP(=O)(O)O)[C@@H](O)C(=O)NCCC(=O)NCCSC=O.Cc1cc2c(cc1C)[C@@H](c1cccnc1F)NCC2>>CCOC(=O)C=C(C)C=CC=C(C)C=Cc1c(C)cc(OC)c(C)c1C.NNc1nncc2ccccc12	0.6666666865348816
CC(C)(COP(=O)([O-])OC[C@H](N)C=O)[C@@H](O)C(=O)NCCC(=O)NCCSC(=O)CC(=O)[O-].CCCCCC(=O)SCCNC(=O)CCNC(=O)[C@H](O)C(C)(C)COP(=O)([O-])OC[C@H](N)C=O.[H+]>>CCCCCC(=O)CC(=O)SCCNC(=O)CCNC(=O)[C@H](O)C(C)(C)COP(=O)([O-])OC[C@H](N)C=O.CC(C)(COP(=O)([O-])OC[C@H](N)C=O)[C@@H](O)C(=O)NCCC(=O)NCCS.O=C=O	1.0
CC(C)(COP(=O)([O-])OC[C@H](N)C=O)[C@@H](O)C(=O)NCCC(=O)NCCSC(=O)CCO>>C=CC(=O)SCCNC(=O)CCNC(=O)[C@H](O)C(C)(C)COP(=O)([O-])OC[C@H](N)C=O.O	1.0
CC(C)(COP(=O)([O-])OP(=O)([O-])OC[C@H]1O[C@@H](n2cnc3c(N)ncnc32)[C@H](O)[C@@H]1OP(=O)([O-])[O-])[C@@H](O)C(=O)NCCC(=O)NCCS.CC(=O)C(=O)[O-].[Fe+3].[Fe+3].[S-2].[S-2]>>CC(=O)SCCNC(=O)CCNC(=O)[C@H](O)C(C)(C)COP(=O)([O-])OP(=O)([O-])OC[C@H]1O[C@@H](n2cnc3c(N)ncnc32)[C@H](O)[C@@H]1OP(=O)([O-])[O-].[Fe+2].[Fe+3].[S-2].[S-2].O=C=O.[H+]	1.0
CC(C)(COP(=O)([O-])OP(=O)([O-])OC[C@H]1O[C@@H](n2cnc3c(N)ncnc32)[C@H](O)[C@@H]1OP(=O)([O-])[O-])[C@@H](O)C(=O)NCCC(=O)NCCS.CC(=O)NCCCC[C@H](N)C=O.[H+]>>CC(=O)SCCNC(=O)CCNC(=O)[C@H](O)C(C)(C)COP(=O)([O-])OP(=O)([O-])OC[C@H]1O[C@@H](n2cnc3c(N)ncnc32)[C@H](O)[C@@H]1OP(=O)([O-])[O-].N[C@H](C=O)CCCC[NH3+]	1.0
CC(C)(COP(=O)([O-])OP(=O)([O-])OC[C@H]1O[C@@H](n2cnc3c(N)ncnc32)[C@H](O)[C@@H]1OP(=O)([O-])[O-])[C@@H](O)C(=O)NCCC(=O)NCCS.CC/C=C\C/C=C\C/C=C\C/C=C\C/C=C\C/C=C\CCC(=O)O[C@H](COC(=O)CCCCCCC/C=C\CCCCCCCC)COP(=O)([O-])[O-]>>CC/C=C\C/C=C\C/C=C\C/C=C\C/C=C\C/C=C\CCC(=O)SCCNC(=O)CCNC(=O)[C@H](O)C(C)(C)COP(=O)([O-])OP(=O)([O-])OC[C@H]1O[C@@H](n2cnc3c(N)ncnc32)[C@H](O)[C@@H]1OP(=O)([O-])[O-].CCCCCCCC/C=C\CCCCCCCC(=O)OC[C@@H](O)COP(=O)([O-])[O-]	1.0
CC(C)(COP(=O)([O-])OP(=O)([O-])OC[C@H]1O[C@@H](n2cnc3c(N)ncnc32)[C@H](O)[C@@H]1OP(=O)([O-])[O-])[C@@H](O)C(=O)NCCC(=O)NCCS.CCCCCCCC/C=C\CCCCCCCCOCC(O)COC(=O)CCCCCCC/C=C\CCCCCCCC>>CCCCCCCC/C=C\CCCCCCCC(=O)SCCNC(=O)CCNC(=O)[C@H](O)C(C)(C)COP(=O)([O-])OP(=O)([O-])OC[C@H]1O[C@@H](n2cnc3c(N)ncnc32)[C@H](O)[C@@H]1OP(=O)([O-])[O-].CCCCCCCC/C=C\CCCCCCCCOCC(O)CO	1.0
CC(C)(COP(=O)([O-])OP(=O)([O-])OC[C@H]1O[C@@H](n2cnc3c(N)ncnc32)[C@H](O)[C@@H]1OP(=O)([O-])[O-])[C@@H](O)C(=O)NCCC(=O)NCCS.CCCCCCCCCCCCC/C=C/[C@@H](O)[C@H](CO)NC(=O)CCCCCCCCCCCCCCCCC.[H+]>>CCCCCCCCCCCCCCCCCC(=O)SCCNC(=O)CCNC(=O)[C@H](O)C(C)(C)COP(=O)([O-])OP(=O)([O-])OC[C@H]1O[C@@H](n2cnc3c(N)ncnc32)[C@H](O)[C@@H]1OP(=O)([O-])[O-].CCCCCCCCCCCCC/C=C/[C@@H](O)[C@@H]([NH3+])CO	1.0
CC(C)(COP(=O)([O-])OP(=O)([O-])OC[C@H]1O[C@@H](n2cnc3c(N)ncnc32)[C@H](O)[C@@H]1OP(=O)([O-])[O-])[C@@H](O)C(=O)NCCC(=O)NCCS.CCCCCCCCCCCCCCCC(=O)O[C@H](COC=O)COP(=O)([O-])OCC(O)COP(=O)([O-])OC[C@@H](COC=O)OC=O>>CCCCCCCCCCCCCCCC(=O)SCCNC(=O)CCNC(=O)[C@H](O)C(C)(C)COP(=O)([O-])OP(=O)([O-])OC[C@H]1O[C@@H](n2cnc3c(N)ncnc32)[C@H](O)[C@@H]1OP(=O)([O-])[O-].O=COC[C@@H](O)COP(=O)([O-])OCC(O)COP(=O)([O-])OC[C@@H](COC=O)OC=O	1.0
CC(C)(COP(=O)([O-])OP(=O)([O-])OC[C@H]1O[C@@H](n2cnc3c(N)ncnc32)[C@H](O)[C@@H]1OP(=O)([O-])[O-])[C@@H](O)C(=O)NCCC(=O)NCCS.Nc1ncnc2c1ncn2[C@@H]1O[C@H](COP(=O)([O-])OP(=O)([O-])OP(=O)([O-])[O-])[C@@H](O)[C@H]1O.CCCCC/C=C\C/C=C\C/C=C\C=C\C(O)CCCC(=O)[O-]>>CCCCC/C=C\C/C=C\C/C=C\C=C\C(O)CCCC(=O)SCCNC(=O)CCNC(=O)[C@H](O)C(C)(C)COP(=O)([O-])OP(=O)([O-])OC[C@H]1O[C@@H](n2cnc3c(N)ncnc32)[C@H](O)[C@@H]1OP(=O)([O-])[O-].Nc1ncnc2c1ncn2[C@@H]1O[C@H](COP(=O)([O-])[O-])[C@@H](O)[C@H]1O.O=P([O-])([O-])OP(=O)([O-])O	1.0
CC(C)(COP(=O)([O-])OP(=O)([O-])OC[C@H]1O[C@@H](n2cnc3c(N)ncnc32)[C@H](O)[C@@H]1OP(=O)([O-])[O-])[C@@H](O)C(=O)NCCC(=O)NCCS.Nc1ncnc2c1ncn2[C@@H]1O[C@H](COP(=O)([O-])OP(=O)([O-])OP(=O)([O-])[O-])[C@@H](O)[C@H]1O.C[N+](C)(C)CCCC(=O)[O-]>>CC(C)(COP(=O)([O-])OP(=O)([O-])OC[C@H]1O[C@@H](n2cnc3c(N)ncnc32)[C@H](O)[C@@H]1OP(=O)([O-])[O-])[C@@H](O)C(=O)NCCC(=O)NCCSC(=O)CCC[N+](C)(C)C.Nc1ncnc2c1ncn2[C@@H]1O[C@H](COP(=O)([O-])[O-])[C@@H](O)[C@H]1O.O=P([O-])([O-])OP(=O)([O-])O	1.0
CC(C)(COP(=O)([O-])OP(=O)([O-])OC[C@H]1O[C@@H](n2cnc3c(N)ncnc32)[C@H](O)[C@@H]1OP(=O)([O-])[O-])[C@@H](O)C(=O)NCCC(=O)NCCS.Nc1ncnc2c1ncn2[C@@H]1O[C@H](COP(=O)([O-])OP(=O)([O-])OP(=O)([O-])[O-])[C@@H](O)[C@H]1O.C[N+](C)(C)C[C@H](O)CC(=O)[O-]>>CC(C)(COP(=O)([O-])OP(=O)([O-])OC[C@H]1O[C@@H](n2cnc3c(N)ncnc32)[C@H](O)[C@@H]1OP(=O)([O-])[O-])[C@@H](O)C(=O)NCCC(=O)NCCSC(=O)C[C@@H](O)C[N+](C)(C)C.Nc1ncnc2c1ncn2[C@@H]1O[C@H](COP(=O)([O-])[O-])[C@@H](O)[C@H]1O.O=P([O-])([O-])OP(=O)([O-])O	1.0
CC(C)(COP(=O)([O-])OP(=O)([O-])OC[C@H]1O[C@@H](n2cnc3c(N)ncnc32)[C@H](O)[C@@H]1OP(=O)([O-])[O-])[C@@H](O)C(=O)NCCC(=O)NCCS.Nc1ncnc2c1ncn2[C@@H]1O[C@H](COP(=O)([O-])OP(=O)([O-])OP(=O)([O-])[O-])[C@@H](O)[C@H]1O.O=C[O-]>>CC(C)(COP(=O)([O-])OP(=O)([O-])OC[C@H]1O[C@@H](n2cnc3c(N)ncnc32)[C@H](O)[C@@H]1OP(=O)([O-])[O-])[C@@H](O)C(=O)NCCC(=O)NCCSC=O.Nc1ncnc2c1ncn2[C@@H]1O[C@H](COP(=O)([O-])[O-])[C@@H](O)[C@H]1O.O=P([O-])([O-])OP(=O)([O-])O	1.0
CC(C)(COP(=O)([O-])OP(=O)([O-])OC[C@H]1O[C@@H](n2cnc3c(N)ncnc32)[C@H](O)[C@@H]1OP(=O)([O-])[O-])[C@@H](O)C(=O)NCCC(=O)NCCSC(=O)CC(=O)[O-].CC(=O)SCCNC(=O)CCNC(=O)[C@H](O)C(C)(C)COP(=O)([O-])OP(=O)([O-])OC[C@H]1O[C@@H](n2cnc3c(N)ncnc32)[C@H](O)[C@@H]1OP(=O)([O-])[O-].[H+]>>CC(C)(COP(=O)([O-])OP(=O)([O-])OC[C@H]1O[C@@H](n2cnc3c(N)ncnc32)[C@H](O)[C@@H]1OP(=O)([O-])[O-])[C@@H](O)C(=O)NCCC(=O)NCCS.CC(=O)Cc1cc2cc3cc(O)cc(O)c3c(O)c2c(=O)o1.O=C=O.O	1.0
CC(C)(COP(=O)([O-])OP(=O)([O-])OC[C@H]1O[C@@H](n2cnc3c(N)ncnc32)[C@H](O)[C@@H]1OP(=O)([O-])[O-])[C@@H](O)C(=O)NCCC(=O)NCCSC(=O)CCC(=O)[O-].O>>Nc1ncnc2c1ncn2[C@@H]1O[C@H](COP(=O)([O-])[O-])[C@@H](OP(=O)([O-])[O-])[C@H]1O.CC(C)(COP(=O)([O-])[O-])[C@@H](O)C(=O)NCCC(=O)NCCSC(=O)CCC(=O)[O-].[H+]	1.0
CC(C)(COP(=O)([O-])OP(=O)([O-])OC[C@H]1O[C@@H](n2cnc3c(N)ncnc32)[C@H](O)[C@@H]1OP(=O)([O-])[O-])[C@@H](O)C(=O)NCCC(=O)NCCSC(=O)CCCCCC(=O)[O-].Nc1ncnc2c1ncn2[C@@H]1O[C@H](COP(=O)([O-])[O-])[C@@H](O)[C@H]1O.O=P([O-])([O-])OP(=O)([O-])O>>CC(C)(COP(=O)([O-])OP(=O)([O-])OC[C@H]1O[C@@H](n2cnc3c(N)ncnc32)[C@H](O)[C@@H]1OP(=O)([O-])[O-])[C@@H](O)C(=O)NCCC(=O)NCCS.Nc1ncnc2c1ncn2[C@@H]1O[C@H](COP(=O)([O-])OP(=O)([O-])OP(=O)([O-])[O-])[C@@H](O)[C@H]1O.O=C([O-])CCCCCC(=O)[O-]	1.0
CC(C)(COP(=O)([O-])OP(=O)([O-])OC[C@H]1O[C@@H](n2cnc3c(N)ncnc32)[C@H](O)[C@@H]1OP(=O)([O-])[O-])[C@@H](O)C(=O)NCCC(=O)NCCSC=O.Nc1ncnc2c1ncn2[C@@H]1O[C@H](COP(=O)([O-])[O-])[C@@H](O)[C@H]1O.O=P([O-])([O-])OP(=O)([O-])O>>CC(C)(COP(=O)([O-])OP(=O)([O-])OC[C@H]1O[C@@H](n2cnc3c(N)ncnc32)[C@H](O)[C@@H]1OP(=O)([O-])[O-])[C@@H](O)C(=O)NCCC(=O)NCCS.Nc1ncnc2c1ncn2[C@@H]1O[C@H](COP(=O)([O-])OP(=O)([O-])OP(=O)([O-])[O-])[C@@H](O)[C@H]1O.O=C[O-]	1.0
CC(C)(COP(=O)([O-])OP(=O)([O-])OC[C@H]1O[C@@H](n2cnc3c(N)ncnc32)[C@H](O)[C@@H]1OP(=O)([O-])[O-])[C@@H](O)C(=O)NCCC(=O)NCCSC=O.O>>CC(C)(COP(=O)([O-])OP(=O)([O-])OC[C@H]1O[C@@H](n2cnc3c(N)ncnc32)[C@H](O)[C@@H]1OP(=O)([O-])[O-])[C@@H](O)C(=O)NCCC(=O)NCCS.O=CO	1.0
CC(C)(ON=C(C(=O)NC1C(=O)N2C(C(=O)[O-])=C(C[n+]3ccccc3)CSC12)c1csc(N)n1)C(=O)O.O>>CC(C)CBr	0.6402877569198608
CC(C)=CCC/C(C)=C/CC/C(C)=C/CC/C(C)=C/CC/C(C)=C/CC/C(C)=C/CC/C(C)=C/CC/C(C)=C/Cc1cc(C(=O)[O-])ccc1O.O=P([O-])([O-])OP(=O)([O-])O>>CC(C)=CCC/C(C)=C/CC/C(C)=C/CC/C(C)=C/CC/C(C)=C/CC/C(C)=C/CC/C(C)=C/CC/C(C)=C/COP(=O)([O-])OP(=O)([O-])[O-].O=C([O-])c1ccc(O)cc1	1.0
CC(C)=CCC/C(C)=C/CC/C(C)=C/CC/C(C)=C\CC/C(C)=C\CC/C(C)=C\CC/C(C)=C\CC/C(C)=C\CC/C(C)=C\CC/C(C)=C\CC/C(C)=C\COP(=O)(O)OP(=O)(O)O[C@H]1O[C@H](CO)[C@H](O)[C@H](O)[C@H]1O.Cc1ncc(CO)c(C=O)c1O.Cl>>Cc1cc2c(cc1C)[C@@H](C(=O)Cc1ccc(O)cc1)NCC2.N=C(N)c1ccc(C=Cc2ccc(C(=N)N)cc2O)cc1	0.4535714387893677
CC(C)=CCC/C(C)=C/CC/C(C)=C/CC/C(C)=C\CC/C(C)=C\CC/C(C)=C\CC/C(C)=C\CC/C(C)=C\CC/C(C)=C\CC/C(C)=C\CC/C(C)=C\COP(=O)([O-])OP(=O)([O-])[O-].O>>CC(C)=CCC/C(C)=C/CC/C(C)=C/CC/C(C)=C\CC/C(C)=C\CC/C(C)=C\CC/C(C)=C\CC/C(C)=C\CC/C(C)=C\CC/C(C)=C\CC/C(C)=C\COP(=O)([O-])[O-].O=P([O-])([O-])O.[H+]	1.0
CC(C)=CCC/C(C)=C/CC/C(C)=C/CC/C(C)=C\CC/C(C)=C\CC/C(C)=C\CC/C(C)=C\CC/C(C)=C\CC/C(C)=C\CC/C(C)=C\CC/C(C)=C\COP(=O)([O-])O[C@@H]1OC[C@H]([NH3+])[C@H](O)[C@H]1O.O=C[O-]>>CC(C)=CCC/C(C)=C/CC/C(C)=C/CC/C(C)=C\CC/C(C)=C\CC/C(C)=C\CC/C(C)=C\CC/C(C)=C\CC/C(C)=C\CC/C(C)=C\CC/C(C)=C\COP(=O)([O-])O[C@@H]1OC[C@H](NC=O)[C@H](O)[C@H]1O.O	1.0
CC(C)=CCC/C(C)=C/CC/C(C)=C/CC/C(C)=C\CC/C(C)=C\CC/C(C)=C\CC/C(C)=C\CC/C(C)=C\CC/C(C)=C\CC/C(C)=C\CC/C(C)=C\COP(=O)([O-])[O-].O=P([O-])([O-])O.[H+]>>CC(C)=CCC/C(C)=C/CC/C(C)=C/CC/C(C)=C\CC/C(C)=C\CC/C(C)=C\CC/C(C)=C\CC/C(C)=C\CC/C(C)=C\CC/C(C)=C\CC/C(C)=C\COP(=O)([O-])OP(=O)([O-])[O-].O	1.0
CC(C)=CCCC(C)=CCC1CC2(CC=C(C)CCC=C(C)C)C(=O)C(=C(O)c3ccc(O)c(O)c3)C(=O)C(CC=C(C)C)(C2=O)C1(C)C.O=C(O)c1ccccc1-c1c2ccc(=O)cc-2oc2cc(O)ccc12.O=C1CN=C(c2ccccc2F)c2cc(Cl)ccc2N1CC1CC1>>CCOC(=O)C=C(C)C=CC=C(C)C=Cc1c(C)cc(OC)c(C)c1C.CC1C(OC(=O)C(O)c2ccccc2)CCC(C)(C)N1C.Cc1cc(C)c2c([N+]#N)c([O-])n(C)c2c1	0.66144198179245
CC(C)=CCCC(C)=CCCC(C)=CCO.NC(=O)Nc1ccccc1Cl>>CCOc1ccc2c3c1OC1C(O)C=CC4C(C2)N(C)CCC341.CCOc1ccc(C(=O)OCCN(CC)CC)cc1.Cl	0.5211267471313477
CC(C)=CCCC(C)=CCCC(C)=CCO.Nc1ncccn1>>Cc1c([N+](=O)[O-])cc([N+](=O)[O-])cc1[N+](=O)[O-].CCOc1ccc2c3c1OC1C(O)C=CC4C(C2)N(C)CCC341	0.5530303120613098
CC(C)=CCC[C@@H](C)[C@H]1CC[C@H]2C3=C(CC[C@]12C)[C@@]1(C)CC[C@H](O)[C@@H](C)[C@@H]1CC3.[Fe+2].[H+].O=O>>CC(C)=CCC[C@@H](C)[C@H]1CC[C@H]2C3=C(CC[C@]12C)[C@@]1(C)CC[C@H](O)[C@@H](C(=O)[O-])[C@@H]1CC3.[Fe+3].O	1.0
CC(C)=CCC[C@@H](C)[C@H]1CC[C@H]2C3=C(CC[C@]12C)[C@@]1(C)CC[C@H](O)[C@@](C)(C(=O)[O-])[C@@H]1CC3.[Fe+3].O>>CC(C)=CCC[C@@H](C)[C@H]1CC[C@H]2C3=C(CC[C@]12C)[C@@]1(C)CC[C@H](O)C(C)(C)[C@@H]1CC3.[Fe+2].[H+].O=O	1.0
CC(C)=CCc1c(O)c(CC=C(C)C)c(O)c(C(=O)C(C)C)c1O.CC(C)=CCOP(=O)([O-])OP(=O)([O-])[O-]>>CC(C)=CCC1=C(O)C(CC=C(C)C)(CC=C(C)C)C(=O)C(C(=O)C(C)C)=C1[O-].O=P([O-])([O-])OP(=O)([O-])O.[H+]	1.0
CC(C)C1=CC[C@H]2C(=C1)CC[C@H]1C(C)(C)CCC[C@]21C>>CC(C)CC(C)C(C)C	0.3658536672592163
CC(C)CCCC(C)CCC(=O)SCCNC(=O)CCNC(=O)[C@H](O)C(C)(C)COP(=O)([O-])OP(=O)([O-])OC[C@H]1O[C@@H](n2cnc3c(N)ncnc32)[C@H](O)[C@@H]1OP(=O)([O-])[O-].O>>CC(C)(COP(=O)([O-])OP(=O)([O-])OC[C@H]1O[C@@H](n2cnc3c(N)ncnc32)[C@H](O)[C@@H]1OP(=O)([O-])[O-])[C@@H](O)C(=O)NCCC(=O)NCCS.CC(C)CCCC(C)CCC(=O)[O-].[H+]	1.0
CC(C)Cn1c(=O)n(C)c(=O)c2[nH]cnc21.CCSC(N)=Nc1ccc(C(F)(F)F)cc1>>CC(CCC1(C(C)C)CC1C)C1CCC2(C)C3CC(OS(=O)(=O)O)C4CC(OS(=O)(=O)O)C(OS(=O)(=O)O)CC4(C)C3=CCC12C.O=C(O)c1cc(N(Cc2ccccc2O)Cc2cc(O)ccc2O)ccc1O	0.44223108887672424
CC(C)OC(=O)C(C)(C)Oc1ccc(C(=O)c2ccc(Cl)cc2)cc1.CCCCCCCCCCc1ccccc1>>CCOC(=O)C=C(C)C=CC=C(C)C=Cc1c(C)cc(OC)c(C)c1C.CC1=NNC(=O)C1	0.4534161388874054
CC(C)[C@@H]1O[C@]2(C)CC[C@@H]3[C@@H](C)CC[C@@]31C2.O=P([O-])([O-])OP(=O)([O-])O>>CC(C)=CCC/C(C)=C/CC/C(C)=C/COP(=O)([O-])OP(=O)([O-])[O-].O	1.0
CC(C)[C@@](O)(CC(=O)[O-])C(=O)[O-]>>CC(C)[C@H](C(=O)[O-])[C@@H](O)C(=O)[O-]	1.0
CC(C)[C@H](NC(=O)[C@H](Cc1ccccc1)NC(=O)[C@@H]1CCCN1C(=O)[C@@H]([NH3+])Cc1ccc(O)cc1)C(=O)N[C@@H](CCC(=O)[O-])C(=O)N1CCC[C@H]1C(=O)[O-].CC[C@H](C)[C@H]([NH3+])C(=O)[O-]>>CC[C@H](C)[C@H](NC(=O)[C@@H]1CCCN1C(=O)[C@H](CCC(=O)[O-])NC(=O)[C@@H](NC(=O)[C@H](Cc1ccccc1)NC(=O)[C@@H]1CCCN1C(=O)[C@@H]([NH3+])Cc1ccc(O)cc1)C(C)C)C(=O)[O-].O	1.0
CC(C)[C@H]([NH3+])C(=O)O[C@H]1[C@@H](O)[C@H](n2cnc3c(N)ncnc32)O[C@@H]1CO[PH](=O)[O-].Nc1ncnc2c1ncn2[C@@H]1O[C@H](COP(=O)([O-])[O-])[C@@H](O)[C@H]1O.O=P([O-])([O-])OP(=O)([O-])O>>Nc1ncnc2c1ncn2[C@@H]1O[C@H](COP(=O)([O-])OP(=O)([O-])OP(=O)([O-])[O-])[C@@H](O)[C@H]1O.Nc1ncnc2c1ncn2[C@@H]1O[C@H](CO[PH](=O)[O-])[C@@H](O)[C@H]1O.CC(C)[C@H]([NH3+])C(=O)[O-]	1.0
CC(C)c1c(CN(C)C(C)Cc2ccccc2)n(C)n(-c2ccccc2)c1=O.CC(C)CCOCCC(C)C>>CC(=O)OC(C)(C)/C=C/C(=O)[C@](C)(O)[C@H]1[C@H](O)C[C@@]2(C)[C@@H]3CC=C4[C@@H](C[C@H](O)C(=O)C4(C)C)[C@]3(C)C(=O)C[C@]12C.CCOC(=O)C=C(C)C=CC=C(C)C=Cc1c(C)cc(OC)c(C)c1C	0.5064935088157654
CC(C)c1c(CN(C)C(C)Cc2ccccc2)n(C)n(-c2ccccc2)c1=O.CCC=CCCO>>CCOC(=O)C=C(C)C=CC=C(C)C=Cc1c(C)cc(OC)c(C)c1C.CC(C)CCSCCC(C)C	0.7284768223762512
CC(NC(=O)OCc1ccccc1)C(=O)N1CCCC1C(=O)NC(Cc1ccccc1)C(C)O.CCOc1ccc2c3c1OC1C(O)C=CC4C(C2)N(C)CCC341>>COc1ccc(-c2coc3cc(=O)ccc-3c2O)cc1.O=C1NCC2(CCN(CCc3ccccc3)CC2)O1.CCCCCCOc1ccccc1C(N)=O	0.6102564334869385
CC(NS(=O)(=O)c1ccc(F)cc1Br)C1CCCO1.CNc1ccc(O)cc1.CNc1ccc(O)cc1.O=S(=O)(O)O.O=O>>CCOc1ccc2c3c1OC1C(O)C=CC4C(C2)N(C)CCC341.CCCCCCCCCCCCCCCCI.O=NN1CCOCC1	0.5916230082511902
CC(O)(P(=O)(O)O)P(=O)(O)O.C#CCBr>>CN1C(=O)CN=C(c2ccccc2F)c2cc([N+](=O)[O-])ccc21.CCNCC(O)c1cccc(O)c1.C=CC1CCC2OC2C1	0.7972972989082336
CC(O)(P(=O)(O)O)P(=O)(O)O.CCC(C)=O>>CCCCCCCCCCCC(=O)OOC(=O)CCCCCCCCCCC.CCNCC(O)c1cccc(O)c1	0.3961038887500763
CC(O)(P(=O)(O)O)P(=O)(O)O.CCCC>>CN1C(=O)CN=C(c2ccccc2F)c2cc([N+](=O)[O-])ccc21.CCNCC(O)c1cccc(O)c1.C=CCOCC1CO1	0.8134328126907349
CC(O)(P(=O)(O)O)P(=O)(O)O.CCCCCCCCCCCCCC(=O)OCCCC>>CN1C(=O)CN=C(c2ccccc2F)c2cc([N+](=O)[O-])ccc21.CCCCCCOC(=O)CCCCC(=O)OCCCCCC.CCNCC(O)c1cccc(O)c1	0.939130425453186
CC(O)(P(=O)(O)O)P(=O)(O)O.Nc1cc(Cl)ccc1S>>CN1C(=O)CN=C(c2ccccc2F)c2cc([N+](=O)[O-])ccc21.CCNCC(O)c1cccc(O)c1.CCOC(=O)N(C)N=O	0.7124999761581421
CC(O)(P(=O)(O)O)P(=O)(O)O.Nc1ccccc1>>CN1C(=O)CN=C(c2ccccc2F)c2cc([N+](=O)[O-])ccc21.CCCCCC=CCC=CCC=CCCCCC(=O)O.Nc1ccccc1	0.597122311592102
CC(O)(P(=O)(O)O)P(=O)(O)O.O=C(O)[C@@H](O)c1ccccc1>>CN1C(=O)CN=C(c2ccccc2F)c2cc([N+](=O)[O-])ccc21.O=C(O)C(=O)c1ccccc1.CCNCC(O)c1cccc(O)c1	0.7394366264343262
CC(O)C(=O)N[C@@H](CCC(=O)N[C@@H](CS)C(=O)NCC(=O)O)C(=O)O.O>>NC(CCC(=O)NC(CS)C(=O)NCC(=O)O)C(=O)O.CC(O)C(=O)O	0.5
CC/C(=C\CC/C(C)=C/C(=O)[O-])CC[C@H]1O[C@@]1(C)CC.[H+].CO>>CC/C(=C\CC/C(C)=C/C(=O)OC)CC[C@H]1O[C@@]1(C)CC.O	1.0
CC1(C)SC2C(N)C(=O)N2C1C(=O)O.O>>CC(C)CBr	0.5833333134651184
CC1(C)SC2C(NC(=O)C(N)c3ccc(O)cc3)C(=O)N2C1C(=O)O.O>>CC(C)CBr	0.604651153087616
CC1(C)SC2C(NC(=O)Cc3ccccc3)C(=O)N2C1C(=O)O.O>>CC(C)CBr	0.6547619104385376
CC1(C)S[C@@H]2[C@H](N=C(O)[C@H](C(=O)O)c3ccsc3)C(=O)N2[C@H]1C(=O)O.O>>CC(C)CBr	0.5684210658073425
CC1(C)S[C@@H]2[C@H](N=C(O)[C@H](N)c3ccccc3)C(=O)N2[C@H]1C(=O)O.O>>CC(C)CBr	0.8481012582778931
CC1(CC(N)=O)C2=NC(CC34[N-]C(C=C5[N-]C(=C6C(=O)CCc7c6[n-]c(c7CC(=O)O)C2)C(CCC(=O)O)C5CC(=O)O)C(CCC(=O)O)C3(C)CC(=O)N4)C1CCC(=O)O.CCOP(=O)(OCC)SCCN(CC)CC.[Ni+3]>>CCOc1ccc2c3c1OC1C(O)C=CC4C(C2)N(C)CCC341.CNCCS(=O)(=O)O	0.4840182662010193
CC1(O)O[C@H](CC(=O)O)CC2=C1C(=O)c1c(O)cccc1C2>>CCOc1ccc2c3c1OC1C(O)C=CC4C(C2)N(C)CCC341.Cc1cn(C2CCC(O)C(CO)O2)c(=O)[nH]c1=O	0.4516128897666931
CC1=C2N=C(C=C3N=C(C(C)=C4N[C@@](C)([C@@H]5N=C1[C@](C)(CCC(O)=NC[C@@H](C)OP(=O)(O)O[C@H]1[C@@H](O)[C@@H]([n+]6c[nH]c7cc(C)c(C)cc76)O[C@@H]1CO)[C@H]5CC(=N)O)[C@@](C)(CC(=N)O)[C@@H]4CCC(=N)[O-])[C@@](C)(CC(=N)O)[C@@H]3CCC(=N)[O-])C(C)(C)[C@@H]2CCC(=N)[O-].NC(=O)c1ccc[n+]([C@@H]2O[C@H](COP(=O)(O)OP(=O)(O)OC[C@H]3O[C@@H](n4cnc5c(N)ncnc54)[C@H](O)[C@@H]3O)[C@@H](O)[C@H]2O)c1.[Co+2].O>>CC1=C2N=C(C=C3N=C(C(C)=C4N[C@@](C)([C@@H]5N=C1[C@](C)(CCC(O)=NC[C@@H](C)OP(=O)(O)O[C@H]1[C@@H](O)[C@@H]([n+]6c[nH]c7cc(C)c(C)cc76)O[C@@H]1CO)[C@H]5CC(=N)O)[C@@](C)(CC(=N)O)[C@@H]4CCC(=N)[O-])[C@@](C)(CC(=N)O)[C@@H]3CCC(=N)[O-])C(C)(C)[C@@H]2CCC(=N)[O-].NC(=O)C1=CN(C2OC(COP(=O)(O)OP(=O)(O)OCC3OC(n4cnc5c(N)ncnc54)C(O)C3O)C(O)C2O)C=CC1.[Co+3].[H].O	0.9319728016853333
CC1=CC2Cc3[nH]c(=O)ccc3C3(C1)NCCCC23.NC(=O)OCC(COC(N)=O)c1ccccc1>>CCCCC=CC=CCC(=O)OC12CC(C)C3(O)C(C=C(CO)CC4(O)C(=O)C(C)=CC43)C1C2(C)C.C=C(C)C(N)=O	0.7314285635948181
CC1C(=O)OC2CCN3CC=C(COC(=O)C(C)(O)C1(C)O)C23.OO>>CCC1(C2OC(C3OC(O)(CO)C(C)CC3C)CC2C)CCC(C2(C)CCC3(CC(O)C(C)C(C(C)C(OC)C(C)C(=O)O)O3)O2)O1.O	0.680232584476471
CC1C(OC(=O)C(O)c2ccccc2)CCC(C)(C)N1C.Nc1cnc[nH]1>>C[CH2][Hg][Cl]	0.5
CC1CCN=C(S)O1.NNCc1ccccc1.Cl>>CC(C)CCOC(=O)C(Cc1c[nH]c2ccccc12)NC(=O)C(F)(F)C(F)(F)C(F)(F)F.N=C(N)c1ccc(C=Cc2ccc(C(=N)N)cc2O)cc1	0.4680851101875305
CC1NC(=O)C(CC(C)(O)CO)NC(=O)C2Cc3c([nH]c4ccccc34)SCC(NC(=O)C(C(C)O)NC1=O)C(=O)N1CC(O)CC1C(=O)NC(C)C(=O)N2.CNc1ccc(O)cc1.CNc1ccc(O)cc1.O=S(=O)(O)O.O=O>>CCOc1ccc2c3c1OC1C(O)C=CC4C(C2)N(C)CCC341.Clc1nc(Cl)nc(Cl)n1.O=NN1CCOCC1	0.47058823704719543
CC=CC1=C(C(=O)O)N2C(=O)C(NC(=O)C(N)c3ccc(O)cc3)C2SC1.O>>CC(C)CBr	0.8160919547080994
CCC(=O)OC(OP(=O)(CCCCc1ccccc1)CC(=O)N1CC(C2CCCCC2)CC1C(=O)[O-])C(C)C.CSc1ncnc2nc[nH]c12>>Cc1cc(-c2ccc(N=Nc3ccc4c(S(=O)(=O)O)cc(S(=O)(=O)O)c(N)c4c3O)c(C)c2)ccc1N=Nc1ccc2c(S(=O)(=O)O)cc(S(=O)(=O)O)c(N)c2c1O.O=C(NCC1CCN(CC(F)(F)F)C1)C12CC3CC(CC(C3)C1)C2	0.5498008131980896
CCC(=O)Oc1ccc([N+](=O)[O-])cc1.O>>O=[N+]([O-])c1ccc(O)cc1.CCC(=O)O	0.7916666865348816
CCC(C)C(N=C(O)C(Cc1ccc(O)cc1)N=C(O)C1CCCN1C(=O)C(CCCNC(=N)N)N=C(O)C(CCCNC(=N)N)N=C(O)C1CCCN1C(=O)C(CCCCN)N=C(O)C(CC(=N)O)N=C(O)C(CCC(=O)O)N=C(O)C(Cc1ccc(O)cc1)N=C(O)C(CC(C)C)N=C(O)C1CCC(O)=N1)C(O)=NC(CC(C)C)C(=O)O.O>>CCC(C)C(N)C(O)=NC(CC(C)C)C(=O)O.NCC(=O)NCC(=O)O	0.2850678861141205
CCC(C=CC1OC(=O)C=CC1C)=CC(C)CC=CC(C)=CC(C)=CC(C)C(=O)C(C)C(O)C(C)CC=CC(=O)O.CC(O)C1C(=O)N2C(C(=O)O)=C(C3CCCO3)SC12>>CCOc1ccc2c3c1OC1C(O)C=CC4C(C2)N(C)CCC341.O=Cc1cc(O)ccc1O.O=O	0.49425286054611206
CCCC(=O)C(=O)O>>CCCC=O.O=C=O	0.7586206793785095
CCCC(=O)NCC(=O)Nc1ccc(OC)cc1>>CCOc1ccc2c3c1OC1C(O)C=CC4C(C2)N(C)CCC341.NS(=O)(=O)c1ccc(C(=O)Nc2ccccc2F)o1	0.47191011905670166
CCCC(=O)Oc1ccc([N+](=O)[O-])cc1.O>>O=[N+]([O-])c1ccc(O)cc1.CCCC(=O)O	0.9130434989929199
CCCCC(=O)NC(C)c1ccc(NS(C)(=O)=O)cc1>>CC(C)=C/C=C/C(C)=C/C=C/C(C)=C/C=C/C(C)=C/C=C/C=C(C)/C=C/C=C(C)/C=C/C1=C(C)CCCC1(C)C	0.31147539615631104
CCCCC(C)C(OC(=O)CC(CC(=O)O)C(=O)O)C(CC(C)CC(O)CCCCC(O)CC(O)C(C)N)OC(=O)CC(CC(=O)O)C(=O)O.OC[C@H]1OC(O)(CO)[C@@H](O)[C@@H]1O>>CC(=O)OC1CCC2(C)C3CC(O)C4(C)C(C(C=O)CC(=O)C=C(C)C)C(O)CC4(CO)C3=CCC2C1(C)C(=O)OC1OC(CO)C(O)C(O)C1O.O=c1[nH]cc(F)c(=O)[nH]1	0.5879828333854675
CCCCC/C=C\C/C=C\C/C=C\C/C=C\CCCC(=O)OC[C@@H](O)COP(=O)(O)O.O>>CCCCCC=CCC=CCC=CCC=CCCCC(=O)OCC(O)CO.O=P(O)(O)O	0.6229507923126221
CCCCC/C=C\C/C=C\C/C=C\C/C=C\CCCC(=O)OC[C@@H](O)COP(=O)([O-])OCC[N+](C)(C)C.O>>CCCCC/C=C\C/C=C\C/C=C\C/C=C\CCCC(=O)OC[C@@H](O)COP(=O)([O-])[O-].C[N+](C)(C)CCO.[H+]	1.0
CCCCC/C=C\C/C=C\C/C=C\C/C=C\CCCC(=O)OC[C@@H](O)COP(=O)([O-])[O-].O>>CCCCC/C=C\C/C=C\C/C=C\C/C=C\CCCC(=O)OC[C@@H](O)CO.O=P([O-])([O-])O	1.0
CCCCC/C=C\C/C=C\C/C=C\C/C=C\CCCC(=O)O[C@H](COC(=O)CCCCCCCCCCCCCCCCC)COP(=O)([O-])O[C@@H]1[C@H](O)[C@H](O)[C@@H](OP(=O)([O-])[O-])[C@H](OP(=O)([O-])[O-])[C@H]1O.Nc1ncnc2c1ncn2[C@@H]1O[C@H](COP(=O)([O-])OP(=O)([O-])OP(=O)([O-])[O-])[C@@H](O)[C@H]1O>>CCCCC/C=C\C/C=C\C/C=C\C/C=C\CCCC(=O)O[C@H](COC(=O)CCCCCCCCCCCCCCCCC)COP(=O)([O-])O[C@H]1[C@H](O)[C@@H](OP(=O)([O-])[O-])[C@H](OP(=O)([O-])[O-])[C@@H](OP(=O)([O-])[O-])[C@H]1O.Nc1ncnc2c1ncn2[C@@H]1O[C@H](COP(=O)([O-])OP(=O)([O-])[O-])[C@@H](O)[C@H]1O.[H+]	1.0
CCCCC/C=C\CC(O)C(O)C/C=C\C/C=C\CCCC(=O)[O-]>>CCCCC/C=C\CC1OC1C/C=C\C/C=C\CCCC(=O)[O-].O	1.0
CCCCC/C=C\CC(O)C(O)CCCCCCCC(=O)[O-]>>CCCCC/C=C\CC1OC1CCCCCCCC(=O)[O-].O	1.0
CCCCCC(O)CC(=O)CCc1ccc(O)c(O)c1.C=CC(O)C#CC#CC(O)C=CCCCCCCC>>C=C1C(=CC=C2CCCC3(C)C2CCC3C(C)CCCC(O)(C(F)(F)F)C(F)(F)F)CC(O)CC1O.CCCCC[C@H](O)CC(=O)CCc1ccc(O)c(OC)c1	0.6370967626571655
CCCCCCCC(=O)OC[C@H](COP(=O)([O-])OCC[N+](C)(C)C)OC(=O)CCCCCCC.O>>CCCCCCCC(=O)OC[C@H](COP(=O)([O-])[O-])OC(=O)CCCCCCC.C[N+](C)(C)CCO.[H+]	1.0
CCCCCCCC(=O)OC[C@H](COP(=O)([O-])O[C@@H]1[C@H](O)[C@H](O)[C@@H](OP(=O)([O-])[O-])[C@H](OP(=O)([O-])[O-])[C@H]1O)OC(=O)CCCCCCC.Nc1ncnc2c1ncn2C1OC(COP(=O)(O)OP(=O)(O)OP(=O)(O)O)C(O)C1O>>CCCCCCCC(=O)OC[C@H](COP(=O)(O)OC1[C@H](O)[C@H](OP(=O)(O)O)C(OP(=O)(O)O)[C@H](OP(=O)(O)O)[C@H]1O)OC(=O)CCCCCCC.Nc1ncnc2c1ncn2C1OC(COP(=O)(O)OP(=O)(O)O)C(O)C1O	0.2926829159259796
CCCCCCCC/C=C\CCCCCCCC(=O)OC[C@H](COP(=O)([O-])OCC(O)COP(=O)([O-])OC[C@@H](COC(=O)CCCCCCC/C=C\CCCCCCCC)OC(=O)CCCCCCC/C=C\CCCCCCCC)OC(=O)CCCCCCC/C=C\CCCCCCCC.CCCCCCCC/C=C\CCCCCCCC(=O)OC[C@@H](O)COP(=O)([O-])OCC(O)COP(=O)([O-])OC[C@H](O)COC(=O)CCCCCCC/C=C\CCCCCCCC>>CCCCCCCC/C=C\CCCCCCCC(=O)OC[C@@H](O)COP(=O)([O-])OCC(O)COP(=O)([O-])OC[C@@H](COC(=O)CCCCCCC/C=C\CCCCCCCC)OC(=O)CCCCCCC/C=C\CCCCCCCC	1.0
CCCCCCCC/C=C\CCCCCCCC(=O)O[C@H](CO)COC(=O)CCCCCCCCCCCCCCCCC.CCCCCCCCCCCCCCCC(=O)[O-].[H+]>>CCCCCCCC/C=C\CCCCCCCC(=O)O[C@H](COC(=O)CCCCCCCCCCCCCCC)COC(=O)CCCCCCCCCCCCCCCCC.O	1.0
CCCCCCCC/C=C\CCCCCCCC(=O)SCCNC(=O)CCNC(=O)[C@H](O)C(C)(C)COP(=O)([O-])OP(=O)([O-])OC[C@H]1O[C@@H](n2cnc3c(N)ncnc32)[C@H](O)[C@@H]1OP(=O)([O-])[O-].CCCCC/C=C\C/C=C\C/C=C\C/C=C\CCCC(=O)OCC(O)CO>>CC(C)(COP(=O)([O-])OP(=O)([O-])OC[C@H]1O[C@@H](n2cnc3c(N)ncnc32)[C@H](O)[C@@H]1OP(=O)([O-])[O-])[C@@H](O)C(=O)NCCC(=O)NCCS.CCCCC/C=C\C/C=C\C/C=C\C/C=C\CCCC(=O)OCC(O)COC(=O)CCCCCCC/C=C\CCCCCCCC	1.0
CCCCCCCC/C=C\CCCCCCCC(=O)SCCNC(=O)CCNC(=O)[C@H](O)C(C)(C)COP(=O)([O-])OP(=O)([O-])OC[C@H]1O[C@@H](n2cnc3c(N)ncnc32)[C@H](O)[C@@H]1OP(=O)([O-])[O-].CCCCCCCC/C=C\CCCCCCCC(=O)OC[C@@H](O)COP(=O)([O-])[O-]>>CC(C)(COP(=O)([O-])OP(=O)([O-])OC[C@H]1O[C@@H](n2cnc3c(N)ncnc32)[C@H](O)[C@@H]1OP(=O)([O-])[O-])[C@@H](O)C(=O)NCCC(=O)NCCS.CCCCCCCC/C=C\CCCCCCCC(=O)OC[C@H](COP(=O)([O-])[O-])OC(=O)CCCCCCC/C=C\CCCCCCCC	1.0
CCCCCCCC/C=C\CCCCCCCCCCCCCC(=O)N[C@@H](CO[C@@H]1O[C@H](CO)[C@@H](O)[C@H](O)[C@H]1O)[C@H](O)/C=C/CCCCCCCCCCCCC.CC(C)CCC[C@@H](C)[C@H]1CC[C@H]2[C@@H]3CC=C4C[C@@H](O)CC[C@]4(C)[C@H]3CC[C@]12C>>CC(C)CCC[C@@H](C)[C@H]1CC[C@H]2[C@@H]3CC=C4C[C@@H](O[C@@H]5O[C@H](CO)[C@@H](O)[C@H](O)[C@H]5O)CC[C@]4(C)[C@H]3CC[C@]12C.CCCCCCCC/C=C\CCCCCCCCCCCCCC(=O)N[C@@H](CO)[C@H](O)/C=C/CCCCCCCCCCCCC	1.0
CCCCCCCCCC(=O)CC(=O)SCCNC(=O)CCNC(=O)[C@H](O)C(C)(C)COP(=O)([O-])OC[C@H](N)C=O.CC(C)(COP(=O)([O-])OC[C@H](N)C=O)[C@@H](O)C(=O)NCCC(=O)NCCS.O=C=O>>CC(C)(COP(=O)([O-])OC[C@H](N)C=O)[C@@H](O)C(=O)NCCC(=O)NCCSC(=O)CC(=O)[O-].CCCCCCCCCC(=O)SCCNC(=O)CCNC(=O)[C@H](O)C(C)(C)COP(=O)([O-])OC[C@H](N)C=O.[H+]	1.0
CCCCCCCCCC(=O)OC[C@H](COP(=O)([O-])OCC[N+](C)(C)C)OC(=O)CCCCCCCCC.O>>CCCCCCCCCC(=O)OC[C@H](COP(=O)([O-])[O-])OC(=O)CCCCCCCCC.C[N+](C)(C)CCO.[H+]	1.0
CCCCCCCCCC(=O)OC[C@H](COP(=O)([O-])[O-])OC(=O)CCCCCCCCC.C[N+](C)(C)CCO.[H+]>>CCCCCCCCCC(=O)OC[C@H](COP(=O)([O-])OCC[N+](C)(C)C)OC(=O)CCCCCCCCC.O	1.0
CCCCCCCCCCCC(=O)OC[C@@H](O)COP(=O)([O-])OCC[N+](C)(C)C.O>>CCCCCCCCCCCC(=O)OC[C@@H](O)COP(=O)([O-])[O-].C[N+](C)(C)CCO.[H+]	1.0
CCCCCCCCCCCCC/C=C/[C@@H](O)[C@H](CO)NC(=O)CCCCCCCCCCCCCCCCC.O>>CCCCCCCCCCCCC/C=C/[C@@H](O)[C@@H]([NH3+])CO.CCCCCCCCCCCCCCCCCC(=O)[O-]	1.0
CCCCCCCCCCCCC/C=C/[C@@H](O)[C@H](CO[C@@H]1O[C@H](CO)[C@@H](O[C@@H]2O[C@H](CO)[C@H](O)[C@H](O[C@@H]3O[C@H](CO)[C@@H](O[C@@H]4O[C@H](CO)[C@H](O)[C@H](O)[C@H]4O[C@@H]4O[C@@H](C)[C@@H](O)[C@@H](O)[C@@H]4O)[C@H](O)[C@H]3NC(C)=O)[C@H]2O)[C@H](O)[C@H]1O)NC=O.O>>CCCCCCCCCCCCC/C=C/[C@@H](O)[C@H](CO[C@@H]1O[C@H](CO)[C@@H](O[C@@H]2O[C@H](CO)[C@H](O)[C@H](O[C@@H]3O[C@H](CO)[C@@H](O[C@@H]4O[C@H](CO)[C@H](O)[C@H](O)[C@H]4O)[C@H](O)[C@H]3NC(C)=O)[C@H]2O)[C@H](O)[C@H]1O)NC=O.C[C@@H]1OC(O)[C@@H](O)[C@H](O)[C@@H]1O	1.0
CCCCCCCCCCCCCC(=O)N[C@@H](O)C(=O)[O-]>>CCCCCCCCCCCCCC(N)=O.O=CC(=O)[O-]	1.0
CCCCCCCCCCCCCC(=O)SCCNC(=O)CCNC(=O)C(O)C(C)(C)COP(=O)(O)OP(=O)(O)OCC1OC(n2cnc3c(N)ncnc32)C(O)C1OP(=O)(O)O.N#CC(C#N)=NNc1ccc(OC(F)(F)F)cc1>>CCCCCCCCCCCC=CC(=O)SCCNC(=O)CCNC(=O)C(O)C(C)(C)COP(=O)(O)OP(=O)(O)OCC1OC(n2cnc3c(N)ncnc32)C(O)C1OP(=O)(O)O.O=C(O)Cc1ccc(-c2ccccc2)cc1	1.0
CCCCCCCCCCCCCCCC(=O)NCCO.CNc1ccc(O)cc1.CNc1ccc(O)cc1.O=S(=O)(O)O.O=O>>CC12C=CC(=O)C=C1C(F)CC1C2C(O)CC2(C)C1CCC2(O)C(=O)CO.CCOc1ccc2c3c1OC1C(O)C=CC4C(C2)N(C)CCC341.O=NN1CCOCC1.C=O	0.5114504098892212
CCCCCCCCCCCCCCCC(=O)OC[C@H](COP(=O)([O-])O[C@@H]1[C@H](O)[C@H](O)[C@@H](OP(=O)([O-])[O-])[C@H](OP(=O)([O-])[O-])[C@H]1O)OC(=O)CCCCCCCCCCCCCCC.O=P([O-])([O-])O>>CCCCCCCCCCCCCCCC(=O)OC[C@H](COP(=O)([O-])O[C@H]1[C@H](O)[C@@H](OP(=O)([O-])[O-])[C@H](OP(=O)([O-])[O-])[C@@H](OP(=O)([O-])[O-])[C@H]1O)OC(=O)CCCCCCCCCCCCCCC.O	1.0
CCCCCCCCCCCCCCCCC/C=C/C(=O)SCCNC(=O)CCNC(=O)[C@H](O)C(C)(C)COP(=O)([O-])OP(=O)([O-])OC[C@H]1O[C@@H](n2cnc3c(N)ncnc32)[C@H](O)[C@@H]1OP(=O)([O-])[O-].NC(=O)C1=CN([C@@H]2O[C@H](COP(=O)([O-])OP(=O)([O-])OC[C@H]3O[C@@H](n4cnc5c(N)ncnc54)[C@H](O)[C@@H]3O)[C@@H](O)[C@H]2O)C=CC1.[H+]>>CCCCCCCCCCCCCCCCCCCC(=O)SCCNC(=O)CCNC(=O)[C@H](O)C(C)(C)COP(=O)([O-])OP(=O)([O-])OC[C@H]1O[C@@H](n2cnc3c(N)ncnc32)[C@H](O)[C@@H]1OP(=O)([O-])[O-].NC(=O)c1ccc[n+]([C@@H]2O[C@H](COP(=O)([O-])OP(=O)([O-])OC[C@H]3O[C@@H](n4cnc5c(N)ncnc54)[C@H](O)[C@@H]3O)[C@@H](O)[C@H]2O)c1	1.0
CCCCCCCCCCCCCCCCCC(=O)OC[C@@H](O)CO.O=P([O-])([O-])O>>CCCCCCCCCCCCCCCCCC(=O)OC[C@@H](O)COP(=O)([O-])[O-].O	1.0
CCCCCCCCCCCCCCCCCC(=O)OC[C@@H](O)COP(=O)([O-])[O-].C[N+](C)(C)CCO.[H+]>>CCCCCCCCCCCCCCCCCC(=O)OC[C@@H](O)COP(=O)([O-])OCC[N+](C)(C)C.O	1.0
CCCCCCCCCCCCCCCCCC(=O)SCCNC(=O)CCNC(=O)[C@H](O)C(C)(C)COP(=O)([O-])OP(=O)([O-])OC[C@H]1O[C@@H](n2cnc3c(N)ncnc32)[C@H](O)[C@@H]1OP(=O)([O-])[O-].[H].[H].O=O>>CCCCCCCC/C=C\CCCCCCCC(=O)SCCNC(=O)CCNC(=O)[C@H](O)C(C)(C)COP(=O)([O-])OP(=O)([O-])OC[C@H]1O[C@@H](n2cnc3c(N)ncnc32)[C@H](O)[C@@H]1OP(=O)([O-])[O-].[H].O	1.0
CCCCCCCCCCCCCCCCOC[C@@H](O)COP(=O)([O-])[O-].C[N+](C)(C)CCO.[H+]>>CCCCCCCCCCCCCCCCOC[C@@H](O)COP(=O)([O-])OCC[N+](C)(C)C.O	1.0
CCCCCCCCCCCCCCN(C)C>>c1ccc2c(c1)CCCC2	0.23943662643432617
CCCCCCCCCc1ccccc1.Fc1cccc(Br)c1>>CO[C@H]1C[C@H](O[C@H]2[C@H](C)O[C@@H](O[C@@H]3/C(C)=C/C[C@@H]4C[C@@H](C[C@]5(C=C[C@H](C)[C@@H](C(C)C)O5)O4)OC(=O)[C@@H]4C=C(C)[C@@H](O)[C@H]5OC/C(=C\C=C\[C@@H]3C)[C@]54O)C[C@@H]2OC)O[C@@H](C)[C@@H]1O.N=C(N)c1ccc(C=Cc2ccc(C(=N)N)cc2O)cc1	0.7095588445663452
CCCCCCC[C@@H](O)CC(=O)SCCNC(=O)CCNC(=O)[C@H](O)C(C)(C)COP(=O)([O-])OP(=O)([O-])OC[C@H]1O[C@@H](n2cnc3c(N)ncnc32)[C@H](O)[C@@H]1OP(=O)([O-])[O-].NC(=O)c1ccc[n+]([C@@H]2O[C@H](COP(=O)([O-])OP(=O)([O-])OC[C@H]3O[C@@H](n4cnc5c(N)ncnc54)[C@H](O)[C@@H]3O)[C@@H](O)[C@H]2O)c1>>CCCCCCCC(=O)CC(=O)SCCNC(=O)CCNC(=O)[C@H](O)C(C)(C)COP(=O)([O-])OP(=O)([O-])OC[C@H]1O[C@@H](n2cnc3c(N)ncnc32)[C@H](O)[C@@H]1OP(=O)([O-])[O-].NC(=O)C1=CN([C@@H]2O[C@H](COP(=O)([O-])OP(=O)([O-])OC[C@H]3O[C@@H](n4cnc5c(N)ncnc54)[C@H](O)[C@@H]3O)[C@@H](O)[C@H]2O)C=CC1.[H+]	1.0
CCCCCCN(C(=O)COc1cc2c(cc1Cl)N=C1NC(=O)C(CO)N1C2)C1CCCCC1.CCOc1ccc2c3c1OC1C(O)C=CC4C(C2)N(C)CCC341>>COc1ccc2[nH]c3ccc4cc[n+](CC[NH2+]CCCCCC[NH2+]CC[n+]5ccc6ccc7[nH]c8ccc(OC)cc8c7c6c5)cc4c3c2c1.Cn1c(CN2CCC3(CC2)CNC(=O)CO3)nc2ccccc21	0.5233644843101501
CCCCC[C@H](O)/C=C/[C@H]1[C@@H](SC[C@H](NC(=O)CC[C@H]([NH3+])C(=O)[O-])C(=O)NCC(=O)[O-])CC(=O)[C@@H]1C/C=C\CCCC(=O)[O-]>>CCCCC[C@H](O)/C=C/[C@H]1C=CC(=O)[C@@H]1C/C=C\CCCC(=O)[O-].[NH3+][C@@H](CCC(=O)N[C@@H](CS)C(=O)NCC(=O)[O-])C(=O)[O-]	1.0
CCCCNc1c(C(=O)OCC)c(C)nc2c1cnn2CC.CC(C)=CCCC(C)=CCCC(C)=CCO>>CCOc1ccc2c3c1OC1C(O)C=CC4C(C2)N(C)CCC341.COCCN	0.46195653080940247
CCCCNc1c(C(=O)OCC)c(C)nc2c1cnn2CC>>CC1C(OC(=O)C(O)c2ccccc2)CCC(C)(C)N1C.Nc1ncccn1	0.3467741906642914
CCCCOC(=O)CCC(=O)OCCCC>>COCNC(=O)NCOC	0.3333333432674408
CCC[C@H]1CCC[C@H](O)C1>>CCOc1ccc2c3c1OC1C(O)C=CC4C(C2)N(C)CCC341.CCC[C@@H]1CCC[C@@H](O)C1	0.5959596037864685
CCOC(=O)C(Cc1ccc(O)cc1)NC(=O)c1ccccc1.O>>O=C(N[C@@H](Cc1ccc(O)cc1)C(=O)O)c1ccccc1.CCO	0.45945945382118225
CCOC(=O)C=C(C)C=CC=C(C)C=Cc1c(C)cc(OC)c(C)c1C.CC(O)(P(=O)(O)O)P(=O)(O)O.O=CCCS(=O)(=O)O>>CC(C)(COP(=O)(O)OP(=O)(O)OC[C@H]1O[C@@H](n2cnc3c(N)ncnc32)[C@H](O)[C@@H]1OP(=O)(O)O)[C@@H](O)C(=O)NCCC(=O)NCCSC(=O)CCS(=O)(=O)O.CN1C(=O)CN=C(c2ccccc2F)c2cc([N+](=O)[O-])ccc21.CCNCC(O)c1cccc(O)c1	0.7889273166656494
CCOC(=O)C=C(C)C=CC=C(C)C=Cc1c(C)cc(OC)c(C)c1C.CCCCN(CC(N)=O)C(=O)c1cnn(C)c1C>>CC(C)c1c(CN(C)C(C)Cc2ccccc2)n(C)n(-c2ccccc2)c1=O.ON=Cc1cc[n+](CCC[n+]2ccc(C=NO)cc2)cc1	0.5813953280448914
CCOC(=O)C=C(C)C=CC=C(C)C=Cc1c(C)cc(OC)c(C)c1C.ClCCCCCl>>CC(C)=CCCC(C)=CCC1CC2(CC=C(C)CCC=C(C)C)C(=O)C(=C(O)c3ccc(O)c(O)c3)C(=O)C(CC=C(C)C)(C2=O)C1(C)C.Nc1nc(=O)c2ncn(COC(CO)CO)c2[nH]1	0.4771784245967865
CCOP(=O)(CCC(C)=O)OCC>>C=C1C[C@]23C[C@@]1(O)CC[C@H]2[C@@]12C=C[C@H](O)[C@](C)(C(=O)O1)[C@H]2[C@@H]3C(=O)O	0.6859503984451294
CCOP(=O)(OCC)Oc1ccc([N+](=O)[O-])cc1.O>>O=[N+]([O-])c1ccc([O-])cc1.CCOP(=O)([O-])OCC.[H+]	1.0
CCOc1ccc2c3c1OC1C(O)C=CC4C(C2)N(C)CCC341.C=C(C)CC(C)(C)C>>CCOC(=O)c1ncn2c1CN(C)C(=O)c1cc(F)ccc1-2	0.43697479367256165
CCOc1ccc2c3c1OC1C(O)C=CC4C(C2)N(C)CCC341.CC(C)(Br)[C@@H]1NCCc2cc(F)c(O)cc21>>CC(=O)OCC(CCn1cnc2cnc(N)nc21)COC(C)=O.CCCCCCOc1ccccc1C(N)=O.O/N=C(\S)Cc1ccccc1	0.7281106114387512
CCOc1ccc2c3c1OC1C(O)C=CC4C(C2)N(C)CCC341.CC(O)(P(=O)(O)O)P(=O)(O)O.Cc1ccc(C(=O)O)c(C)c1C>>CN1C(=O)CN=C(c2ccccc2F)c2cc([N+](=O)[O-])ccc21.CCNCC(O)c1cccc(O)c1.COc1cc(C)ccc1C(C)C	0.7936508059501648
CCOc1ccc2c3c1OC1C(O)C=CC4C(C2)N(C)CCC341.CC(O)(P(=O)(O)O)P(=O)(O)O.O=Cc1ccc(CO)cc1O>>CN1C(=O)CN=C(c2ccccc2F)c2cc([N+](=O)[O-])ccc21.Cc1n[nH]c(C)c1CCC(=O)NN.CCNCC(O)c1cccc(O)c1	0.7763158082962036
CCOc1ccc2c3c1OC1C(O)C=CC4C(C2)N(C)CCC341.CC1CC(=O)N(Cc2cnc(NN)cn2)C1=O>>O[C@H]1c2cccc3ccc4cccc(c4c23)[C@@H]1O	0.516853928565979
CCOc1ccc2c3c1OC1C(O)C=CC4C(C2)N(C)CCC341.CC1CNCCN1S(=O)(=O)c1cccc2cnccc12>>Cc1[nH]c(C)c(C(=O)c2ccccc2Cc2ccccc2)c1C.CC1=NCCc2c1[nH]c1cc(O)ccc21	0.5406976938247681
CCOc1ccc2c3c1OC1C(O)C=CC4C(C2)N(C)CCC341.CCC1(CC)C(=O)NC(=O)N(c2ccccc2)C1=O>>O=C(O)CCC(=O)c1ccc(-c2ccccc2)cc1.COc1ccc(CO)cc1	0.5477706789970398
CCOc1ccc2c3c1OC1C(O)C=CC4C(C2)N(C)CCC341.CCCCCCC1(CC)C(=O)NC(=O)NC1=O>>CCc1ccccc1NC(=O)C(C)n1ccnc1	0.4682539701461792
CCOc1ccc2c3c1OC1C(O)C=CC4C(C2)N(C)CCC341.CNCCC(Oc1ccc(C(F)(F)F)cc1)c1ccccc1>>CNC(C(=O)NC(C(=O)N(C)C(C=C(C)C(=O)O)C(C)C)C(C)(C)C)C(C)(C)c1cn(C)c2ccccc12.CCCCCCOc1ccccc1C(N)=O	0.651583731174469
CCOc1ccc2c3c1OC1C(O)C=CC4C(C2)N(C)CCC341.CNc1cccc2c1C(=O)c1ccccc1C2=O>>CCOC(=O)C1=C(C)NC(C)=C(C(=O)OC)C1c1cccc(Cl)c1Cl.c1ccc(CCCN2CCN(CCOC(c3ccccc3)c3ccccc3)CC2)cc1	0.664383590221405
CCOc1ccc2c3c1OC1C(O)C=CC4C(C2)N(C)CCC341.COc1ccc([C@@H]2N[C@@H](C(=O)O)CS2)cc1O.CC(O)(P(=O)(O)O)P(=O)(O)O>>CN1C(=O)CN=C(c2ccccc2F)c2cc([N+](=O)[O-])ccc21.COc1ccc([C@@H]2N[C@H](C(=O)O)CS2)cc1O.CCNCC(O)c1cccc(O)c1	0.7696335315704346
CCOc1ccc2c3c1OC1C(O)C=CC4C(C2)N(C)CCC341.C[N+](C)(C)CC#CCOC(=O)Nc1cccc(Cl)c1>>C[N+](C)(C)CC#CCOC(=O)Nc1cccc(Cl)c1.O=CCCCC=O	0.8028169274330139
CCOc1ccc2c3c1OC1C(O)C=CC4C(C2)N(C)CCC341.Cc1c(Cl)cccc1[N+](=O)[O-]>>CN1CCCN(C(c2ccccc2)c2ccc(Cl)cc2)CC1.CCSC(N)=Nc1ccc(C(F)(F)F)cc1	0.5847952961921692
CCOc1ccc2c3c1OC1C(O)C=CC4C(C2)N(C)CCC341.Cc1cccc(/C=C/C(=O)C(=O)O)c1O>>Cc1nn(-c2ccccc2)c2c1[C@H](O)n1c(nc3ccccc31)S2.CC(=O)OCC(CCn1cnc2cnc(N)nc21)COC(C)=O	0.48372092843055725
CCOc1ccc2c3c1OC1C(O)C=CC4C(C2)N(C)CCC341.N#CC(C#N)=NNc1ccc(OC(F)(F)F)cc1.O=C(O)CCC(=O)c1cccnc1>>N#Cc1cccc([C@]2(Cc3ccccc3)c3ccccc3-c3nccn32)c1.O=C(O)Cc1ccc(-c2ccccc2)cc1	0.5668449401855469
CCOc1ccc2c3c1OC1C(O)C=CC4C(C2)N(C)CCC341.N[C@@H](CC[Se]C[C@H](N)C(=O)O)C(=O)O>>CC(=O)OCC(CCn1cnc2cnc(N)nc21)COC(C)=O.CCCCCCOc1ccccc1C(N)=O.CCCCCl	0.6958763003349304
CCOc1ccc2c3c1OC1C(O)C=CC4C(C2)N(C)CCC341.O=C(O)Cc1ccc(-c2ccccc2)cc1.C1CCNCC1>>COC(=O)NC(C(=O)NC1OC(CO)C(O)C(O)C1O)C(C)(C)SN=O.N#CC(C#N)=NNc1ccc(OC(F)(F)F)cc1.CC(O)CNCC(C)O	0.5314009785652161
CCOc1ccc2c3c1OC1C(O)C=CC4C(C2)N(C)CCC341.O=c1[nH]c(=O)c2[nH]cnc2[nH]1>>C=COC	0.5714285969734192
CC[C@@H](O)CC(=O)S>>CCOc1ccc2c3c1OC1C(O)C=CC4C(C2)N(C)CCC341.CC/C=C/C(=O)S	0.6818181872367859
CC[C@H](C)[C@H]([NH3+])C(=O)O[C@H]1[C@@H](O)[C@H](n2cnc3c(N)ncnc32)O[C@@H]1CO[PH](=O)[O-].Nc1ncnc2c1ncn2[C@@H]1O[C@H](COP(=O)([O-])[O-])[C@@H](O)[C@H]1O.O=P([O-])([O-])OP(=O)([O-])O>>Nc1ncnc2c1ncn2[C@@H]1O[C@H](COP(=O)([O-])OP(=O)([O-])OP(=O)([O-])[O-])[C@@H](O)[C@H]1O.Nc1ncnc2c1ncn2[C@@H]1O[C@H](CO[PH](=O)[O-])[C@@H](O)[C@H]1O.CC[C@H](C)[C@H]([NH3+])C(=O)[O-]	1.0
CC[N+](C)(CC)CCOC(=O)C(O)(c1ccccc1)C1CCCCC1.CC(C)=CCCC(C)=CCCC(C)=CCO.[Br-]>>C=C(C)C(=O)OCCOCCOCCOC(=O)C(=C)C.CC(C)=CCCC(C)=CCCC(C)=CCSCC(=O)O	0.24626865983009338
CC[N+](CC)(CCCNC1=CC(=O)C(NCCC[N+](CC)(CC)Cc2ccccc2)=CC1=O)Cc1ccccc1.CN1C(=O)CN=C(c2ccccc2F)c2cc([N+](=O)[O-])ccc21.CCc1cc2c(s1)-n1c(C)nnc1CN=C2c1ccccc1Cl.O=O>>NC(=O)c1ccc[n+]([C@@H]2O[C@H](COP(=O)(O)OP(=O)(O)OC[C@H]3O[C@@H](n4cnc5c(N)ncnc54)[C@H](OP(=O)(O)O)[C@@H]3O)[C@@H](O)[C@H]2O)c1.CCOc1ccc2c3c1OC1C(O)C=CC4C(C2)N(C)CCC341.CCCC(CC(C)O)C(=O)O	0.9634146094322205
CCc1cc2c(s1)-n1c(C)nnc1CN=C2c1ccccc1Cl.CCOP(=O)(Cc1ccccc1)OCC.O=O>>NC(=O)c1ccc[n+]([C@@H]2O[C@H](COP(=O)(O)OP(=O)(O)OC[C@H]3O[C@@H](n4cnc5c(N)ncnc54)[C@H](OP(=O)(O)O)[C@@H]3O)[C@@H](O)[C@H]2O)c1.CCOc1ccc2c3c1OC1C(O)C=CC4C(C2)N(C)CCC341.CC(=NNC(=O)c1ccncc1)C(=O)O	0.7542087435722351
CCc1cc2c(s1)-n1c(C)nnc1CN=C2c1ccccc1Cl.NC(=O)OCC=Cc1ccccc1.O=O>>NC(=O)c1ccc[n+]([C@@H]2O[C@H](COP(=O)(O)OP(=O)(O)OC[C@H]3O[C@@H](n4cnc5c(N)ncnc54)[C@H](OP(=O)(O)O)[C@@H]3O)[C@@H](O)[C@H]2O)c1.CCOc1ccc2c3c1OC1C(O)C=CC4C(C2)N(C)CCC341.CCCCCCCc1ccccc1	0.7735191583633423
CCn1/c(=N/N=c2/sc3cc(S(=O)(=O)O)ccc3n2CC)sc2cc(S(=O)(=O)O)ccc21.O=O>>CCn1/c(=N/N=c2\sc3cc(S(=O)(=O)O)ccc3n2CC)sc2cc(S(=O)(=O)O)ccc21.O	0.7777777910232544
CN(C)CC(=O)[NH2+]N=Cc1ccc([N+](=O)[O-])o1.Fc1cccc(Br)c1.[Cl-]>>N=C(N)c1ccc(C=Cc2ccc(C(=N)N)cc2O)cc1.CCC(CC)(C(=O)O)c1cccc2ccccc12	0.6234567761421204
CN1C(=O)CN=C(c2ccccc2F)c2cc([N+](=O)[O-])ccc21.CC(C)C(=O)Nc1ccc([N+](=O)[O-])c(C(F)(F)F)c1.CC(=O)c1c(C)[nH]c(C(=O)N(C)CC(C)C#N)c1C.CCc1cc2c(s1)-n1c(C)nnc1CN=C2c1ccccc1Cl.O=O>>NC(=O)c1ccc[n+]([C@@H]2O[C@H](COP(=O)(O)OP(=O)(O)OC[C@H]3O[C@@H](n4cnc5c(N)ncnc54)[C@H](OP(=O)(O)O)[C@@H]3O)[C@@H](O)[C@H]2O)c1.CCOc1ccc2c3c1OC1C(O)C=CC4C(C2)N(C)CCC341.CC(C)(Br)[C@@H]1NCCc2cc(F)c(O)cc21	0.817480742931366
CN1C(=O)CN=C(c2ccccc2F)c2cc([N+](=O)[O-])ccc21.CCCOC(c1ccc(C(=O)OC)cc1)c1ccc(C(=O)OC)cc1.CCc1cc2c(s1)-n1c(C)nnc1CN=C2c1ccccc1Cl.O=O>>NC(=O)c1ccc[n+]([C@@H]2O[C@H](COP(=O)(O)OP(=O)(O)OC[C@H]3O[C@@H](n4cnc5c(N)ncnc54)[C@H](OP(=O)(O)O)[C@@H]3O)[C@@H](O)[C@H]2O)c1.NNC(=O)c1ccc(C(OCCO)c2ccc(C(=O)NN)cc2)cc1.CCOc1ccc2c3c1OC1C(O)C=CC4C(C2)N(C)CCC341	0.8918918967247009
CN1C(=O)CN=C(c2ccccc2F)c2cc([N+](=O)[O-])ccc21.CCCc1ccc(C[C@H]2NCCc3cc(F)c(O)cc32)cc1.CCc1cc2c(s1)-n1c(C)nnc1CN=C2c1ccccc1Cl>>NC(=O)c1ccc[n+]([C@@H]2O[C@H](COP(=O)(O)OP(=O)(O)OC[C@H]3O[C@@H](n4cnc5c(N)ncnc54)[C@H](OP(=O)(O)O)[C@@H]3O)[C@@H](O)[C@H]2O)c1.CCCCC(CC)CNCC(CC)CCCC	0.8087248206138611
CN1C(=O)CN=C(c2ccccc2F)c2cc([N+](=O)[O-])ccc21.CCc1cc2c(s1)-n1c(C)nnc1CN=C2c1ccccc1Cl.CC(C)NP(=O)(F)NC(C)C.O=O>>NC(=O)c1ccc[n+]([C@@H]2O[C@H](COP(=O)(O)OP(=O)(O)OC[C@H]3O[C@@H](n4cnc5c(N)ncnc54)[C@H](OP(=O)(O)O)[C@@H]3O)[C@@H](O)[C@H]2O)c1.CCOc1ccc2c3c1OC1C(O)C=CC4C(C2)N(C)CCC341.O=C(CN1CCSC1=O)NCCOc1ccc2ccccc2c1	0.8369905948638916
CN1C(=O)CN=C(c2ccccc2F)c2cc([N+](=O)[O-])ccc21.CCc1cc2c(s1)-n1c(C)nnc1CN=C2c1ccccc1Cl.CN1CCC23c4c5ccc(O)c4OC2C(=O)CCC3C1C5.O=O>>NC(=O)c1ccc[n+]([C@@H]2O[C@H](COP(=O)(O)OP(=O)(O)OC[C@H]3O[C@@H](n4cnc5c(N)ncnc54)[C@H](OP(=O)(O)O)[C@@H]3O)[C@@H](O)[C@H]2O)c1.CCOc1ccc2c3c1OC1C(O)C=CC4C(C2)N(C)CCC341.Brc1cccc(Br)c1	0.824999988079071
CN1C(=O)CN=C(c2ccccc2F)c2cc([N+](=O)[O-])ccc21.CCc1cc2c(s1)-n1c(C)nnc1CN=C2c1ccccc1Cl.CNC[C@H]1CCN(C(=O)c2ccc(Cl)cc2F)C1>>NC(=O)c1ccc[n+]([C@@H]2O[C@H](COP(=O)(O)OP(=O)(O)OC[C@H]3O[C@@H](n4cnc5c(N)ncnc54)[C@H](OP(=O)(O)O)[C@@H]3O)[C@@H](O)[C@H]2O)c1.CNC[C@H]1CCN(C(=O)c2ccc(C)c(OC)c2)C1	0.8795180916786194
CN1C(=O)CN=C(c2ccccc2F)c2cc([N+](=O)[O-])ccc21.CCc1cc2c(s1)-n1c(C)nnc1CN=C2c1ccccc1Cl.ClC=C(Cl)Cl.O=O>>NC(=O)c1ccc[n+]([C@@H]2O[C@H](COP(=O)(O)OP(=O)(O)OC[C@H]3O[C@@H](n4cnc5c(N)ncnc54)[C@H](OP(=O)(O)O)[C@@H]3O)[C@@H](O)[C@H]2O)c1.CCOc1ccc2c3c1OC1C(O)C=CC4C(C2)N(C)CCC341.ClC1OC1(Cl)Cl	0.9413793087005615
CN1C(=O)CN=C(c2ccccc2F)c2cc([N+](=O)[O-])ccc21.CCc1cc2c(s1)-n1c(C)nnc1CN=C2c1ccccc1Cl.NC(N)=NCCCC[C@H](N)C(=O)O.O=O>>NC(=O)c1ccc[n+]([C@@H]2O[C@H](COP(=O)(O)OP(=O)(O)OC[C@H]3O[C@@H](n4cnc5c(N)ncnc54)[C@H](OP(=O)(O)O)[C@@H]3O)[C@@H](O)[C@H]2O)c1.O=C(NCC1CCN(CC(F)(F)F)C1)c1n[nH]c2ccccc12.CCOc1ccc2c3c1OC1C(O)C=CC4C(C2)N(C)CCC341	0.8525073528289795
CN1C(=O)CN=C(c2ccccc2F)c2cc([N+](=O)[O-])ccc21.CCc1cc2c(s1)-n1c(C)nnc1CN=C2c1ccccc1Cl.O=S(=O)(NCCC1=CCCCC1)c1ccc(F)cc1Br.O=O>>NC(=O)c1ccc[n+]([C@@H]2O[C@H](COP(=O)(O)OP(=O)(O)OC[C@H]3O[C@@H](n4cnc5c(N)ncnc54)[C@H](OP(=O)(O)O)[C@@H]3O)[C@@H](O)[C@H]2O)c1.CCOc1ccc2c3c1OC1C(O)C=CC4C(C2)N(C)CCC341.CCOCCCNS(=O)(=O)c1ccc(F)cc1Br	0.9026845693588257
CN1C(=O)CN=C(c2ccccc2F)c2cc([N+](=O)[O-])ccc21.CCc1cc2c(s1)-n1c(C)nnc1CN=C2c1ccccc1Cl.[CH3-].[CH3-].[Cd+2].O=O>>NC(=O)c1ccc[n+]([C@@H]2O[C@H](COP(=O)(O)OP(=O)(O)OC[C@H]3O[C@@H](n4cnc5c(N)ncnc54)[C@H](OP(=O)(O)O)[C@@H]3O)[C@@H](O)[C@H]2O)c1.CC(C)(C)c1[nH]n2nc(CCO)nc2c1N=Nc1c(C#N)cnn1-c1cc(S(=O)(=O)O)cc2cc(S(=O)(=O)O)cc(S(=O)(=O)O)c12.CCOc1ccc2c3c1OC1C(O)C=CC4C(C2)N(C)CCC341	0.782608687877655
CN1C(=O)CN=C(c2ccccc2F)c2cc([N+](=O)[O-])ccc21.C[C@H](S)[C@H]1NCCc2ccc(O)c(F)c21.CCNCC(O)c1cccc(O)c1>>C[C@@H](S)[C@H]1NCCc2ccc(O)c(F)c21.CC(O)(P(=O)(O)O)P(=O)(O)O	0.6598639488220215
CN1C(=O)CN=C(c2ccccc2F)c2cc([N+](=O)[O-])ccc21.O=C(c1csc(-c2ccccc2)n1)N1CCN(C(=O)c2ccco2)CC1.CCc1cc2c(s1)-n1c(C)nnc1CN=C2c1ccccc1Cl.O=O>>NC(=O)c1ccc[n+]([C@@H]2O[C@H](COP(=O)(O)OP(=O)(O)OC[C@H]3O[C@@H](n4cnc5c(N)ncnc54)[C@H](OP(=O)(O)O)[C@@H]3O)[C@@H](O)[C@H]2O)c1.CCOc1ccc2c3c1OC1C(O)C=CC4C(C2)N(C)CCC341.CC(=O)Nc1ccc(NC(=O)CN2CC(C)CC(C)C2)cc1	0.7940298318862915
CN1C(=O)CN=C(c2ccccc2F)c2cc([N+](=O)[O-])ccc21.O=[N+]([O-])c1cc(Cl)c(O)c(Cl)c1.CCNCC(O)c1cccc(O)c1.O=O>>CC(NC(=O)C(NC(=O)OCc1ccccc1)C(C)C)C(=O)NC(CC(=O)O)C(=O)OC(F)F.CCOc1ccc2c3c1OC1C(O)C=CC4C(C2)N(C)CCC341.CC(O)(P(=O)(O)O)P(=O)(O)O	0.6621004343032837
CN1CCN=C1c1cccc(Oc2nc(Oc3cc(C(=N)N)ccc3O)c(F)c(N(C)CC(=O)O)c2F)c1>>CC(C)=CCCC(C)=CCCC(C)=CCSCC(=O)O	0.6534090638160706
CNC(=O)c1c(I)c(C(=O)NCC(=O)Nc2c(I)c(C(=O)O)c(I)c(C(=O)NCCO)c2I)c(I)c(N(C)C(C)=O)c1I.O=P(O)(OC[C@H]1OCC[C@@H]1OP(=O)(O)OC[C@H]1OCC[C@@H]1O)O[C@H]1CCO[C@@H]1CO>>Cc1cc(-c2ccc(N=Nc3ccc4c(S(=O)(=O)O)cc(S(=O)(=O)O)c(N)c4c3O)c(C)c2)ccc1N=Nc1ccc2c(S(=O)(=O)O)cc(S(=O)(=O)O)c(N)c2c1O.O=P(O)(OC[C@H]1OCC[C@@H]1OP(=O)(O)OC[C@H]1OCC[C@@H]1O)O[C@H]1CCO[C@@H]1CO	0.6158940196037292
CNC(=[NH2+])NCCC[C@H]([NH3+])C(=O)[O-].O>>NC(=O)NCCC[C@H]([NH3+])C(=O)[O-].C[NH3+]	1.0
CNC[C@H]1CCN(S(=O)(=O)c2ccccc2C(F)(F)F)C1>>O=C(Nc1ccc([N+](=O)[O-])cc1)c1n[nH]nc1Cl	0.251655638217926
COC(=O)C(Cc1c[nH]c2ccccc12)NC(=O)C(NC(=O)C(NC(=O)OCc1ccccc1)C(C)C)C(C)C>>CCOc1ccc2c3c1OC1C(O)C=CC4C(C2)N(C)CCC341.O[C@H]1CCC[C@@H](C2CCOCC2)C1	0.7745664715766907
COC(=O)c1c(-c2cc(OC)c(OC)c(OC)c2)c2ccc(OCc3ccccn3)cc2c(=O)n1-c1ccc(N)cc1.CC(O)(P(=O)(O)O)P(=O)(O)O>>CN1C(=O)CN=C(c2ccccc2F)c2cc([N+](=O)[O-])ccc21.COc1cc(C(=O)NCc2ccc(OCCN(C)C)cc2)cc(OC)c1OC.CCNCC(O)c1cccc(O)c1	0.5060728788375854
COC1(NC(=O)Cc2cccs2)C(=O)N2C(C(=O)O)=C(COC(N)=O)CSC21.O>>CC(C)CBr	0.5585585832595825
COC1CC(C=C(C)C2OC(=O)C3CCCCN3C(=O)C(=O)C3(O)OC(C(OC)CC(C)CC(C)=CC(CCOC(=O)NCc4ccccc4)C(=O)CC(O)C2C)C(OC)CC3C)CCC1O.FCC=CCF>>O=[N+]([O-])c1ccc(Nc2ccccc2)c([N+](=O)[O-])c1.CCOc1ccc2c3c1OC1C(O)C=CC4C(C2)N(C)CCC341	0.6738197207450867
COc1c(O)c(C)c(C/C=C(\C)CC/C=C(\C)CC/C=C(\C)CC/C=C(\C)CC/C=C(\C)CC/C=C(\C)CC/C=C(\C)CCC=C(C)C)c(O)c1OC.Nc1ncnc2c1ncn2[C@@H]1O[C@H](CSCC[C@H]([NH3+])C(=O)[O-])[C@@H](O)[C@H]1O.[H+]>>COc1c(O)c(O)c(C)c(C/C=C(\C)CC/C=C(\C)CC/C=C(\C)CC/C=C(\C)CC/C=C(\C)CC/C=C(\C)CC/C=C(\C)CCC=C(C)C)c1O.C[S+](CC[C@H]([NH3+])C(=O)[O-])C[C@H]1O[C@@H](n2cnc3c(N)ncnc32)[C@H](O)[C@@H]1O	1.0
COc1cc(C#N)ccc1OCc1cn2cccc(C)c2n1.O=O>>CCOc1ccc2c3c1OC1C(O)C=CC4C(C2)N(C)CCC341.NNc1cnc(Cn2ccc(=O)cc2)cn1	0.7284768223762512
COc1cc(CC(=O)C(=O)O)ccc1O.Fc1cccc(Br)c1>>N=C(N)c1ccc(C=Cc2ccc(C(=N)N)cc2O)cc1.CCCCCCCCCc1ccccc1	0.4961240291595459
COc1cc(O)c2c(c1)C(=O)c1cc3cc(O)c(C(=O)O)c(C)c3c(O)c1C2=O.C=CC(O)C#CC#CC(O)C=CCCCCCCC>>C=C1C(=CC=C2CCCC3(C)C2CCC3C(C)CCCC(O)(C(F)(F)F)C(F)(F)F)CC(O)CC1O.O=[N+]([O-])CCCCCn1ccc2ccccc21	0.6451612710952759
COc1cc(O)cc(CC=C(C)C)c1O.[Fe+3].[Fe+3].[S-2].[S-2].O>>COc1cccc(CC=C(C)C)c1O.[Fe+2].[Fe+3].[S-2].[S-2].[H+].O=O	1.0
COc1ccc(C)cc1[C@@H]1NCCc2cc(F)c(O)cc21.CC(O)C(O)C(O)C(O)CO>>Cc1cc(-c2ccc(N=Nc3ccc4c(S(=O)(=O)O)cc(S(=O)(=O)O)c(N)c4c3O)c(C)c2)ccc1N=Nc1ccc2c(S(=O)(=O)O)cc(S(=O)(=O)O)c(N)c2c1O.CCCc1ccc(C[C@H]2NCCc3ccc(O)c(F)c32)cc1	0.6325300931930542
COc1ccc(C)cc1[C@H]1NCCc2cc(F)c(O)cc21.CC(O)C(O)C(O)C(O)CO>>Cc1cc(-c2ccc(N=Nc3ccc4c(S(=O)(=O)O)cc(S(=O)(=O)O)c(N)c4c3O)c(C)c2)ccc1N=Nc1ccc2c(S(=O)(=O)O)cc(S(=O)(=O)O)c(N)c2c1O.COc1ccc(C)cc1[C@@H]1NCCc2cc(F)c(O)cc21	0.6325300931930542
COc1ccc(CNC(=O)COC(=O)CCc2nc3ccccc3s2)cc1>>O=C(Oc1ccc(O)cc1)c1ccc(O)cc1	0.4833333194255829
COc1ccc2[nH]cc(CC(N)C(=O)O)c2c1.O=O>>COc1ccc(/N=C/O)c(C(=O)CC(N)C(=O)O)c1	0.42696627974510193
COc1cccc(C/C=C(\C)CC/C=C(\C)CC/C=C(\C)CC/C=C(\C)CC/C=C(\C)CCC=C(C)C)c1O.Nc1ncnc2c1ncn2[C@@H]1O[C@H](CSCC[C@H]([NH3+])C(=O)[O-])[C@@H](O)[C@H]1O.[H+]>>C[S+](CC[C@H]([NH3+])C(=O)[O-])C[C@H]1O[C@@H](n2cnc3c(N)ncnc32)[C@H](O)[C@@H]1O.CC(C)=CCC/C(C)=C/CC/C(C)=C/CC/C(C)=C/CC/C(C)=C/CC/C(C)=C/Cc1cccc(O)c1O	1.0
CSCCC(=O)/C(O)=C/O.O=P([O-])([O-])O>>CSCCC(=O)C(=O)COP(=O)([O-])[O-].O	1.0
CSCCC(=O)C(=O)COP(=O)([O-])[O-].O>>CSC[C@@H](O)[C@@H](O)C(=O)COP(=O)([O-])[O-]	1.0
CSCC[C@@H](C=O)NC=O.O>>CSCC[C@H]([NH3+])C=O.O=C[O-]	1.0
CSCC[C@H]([NH3+])C=O.O=C[O-]>>CSCC[C@@H](C=O)NC=O.O	1.0
CSC[C@@H](O)[C@@H](O)C(=O)COP(=O)([O-])[O-]>>CSCCC(=O)C(=O)COP(=O)([O-])[O-].O	1.0
C[C@@H](C[NH3+])C(=O)[O-].O=C([O-])CCC(=O)C(=O)[O-]>>[NH3+][C@@H](CCC(=O)[O-])C(=O)[O-].CC(C=O)C(=O)[O-]	1.0
C[C@@H](O)[C@H]([NH3+])C(=O)[O-].O=P([O-])([O-])O>>[NH3+][C@@H](CCOP(=O)([O-])[O-])C(=O)[O-].O	1.0
C[C@@H]1O[C@@H](O)[C@@H](O)[C@H](O)[C@@H]1O>>C[C@@H]1O[C@H](O)[C@@H](O)[C@H](O)[C@@H]1O	1.0
C[C@@]1(CC(=O)[O-])C2=CC3=NC(=CC4=NC(=CC5=NC(=CC(=N2)[C@H]1CCC(=O)[O-])C(CC(=O)[O-])=C5CCC(=O)[O-])C(CCC(=O)[O-])=C4CC(=O)[O-])[C@@](C)(CC(=O)[O-])[C@@H]3CCC(=O)[O-].[Fe+2]>>C[C@@]1(CC(=O)[O-])c2cc3[n-]c(cc4nc(cc5[n-]c(cc(n2)[C@H]1CCC(=O)[O-])c(CC(=O)[O-])c5CCC(=O)[O-])C(CCC(=O)[O-])=C4CC(=O)[O-])[C@@](C)(CC(=O)[O-])[C@@H]3CCC(=O)[O-].[Fe+2].[H+]	1.0
C[C@@]1(F)[C@H](O)[C@@H](COP(=O)(O)OP(=O)(O)OP(=O)(O)O)O[C@H]1n1ccc(=O)[nH]c1=O.O=P(O)(O)OCC1OCC(O)C1OP(=O)(O)OCC1OCC(O)C1OP(=O)(O)OCC1OCC(O)C1O>>O=P(O)(O)OCC1OCC(O)C1OP(=O)(O)OCC1OCC(O)C1OP(=O)(O)OCC1OCC(O)C1O.O=P(O)(O)OP(=O)(O)O	0.29906541109085083
C[C@@]1(O)[C@H](O)[C@@H](COP(=O)(O)OP(=O)(O)OP(=O)(O)O)O[C@H]1n1cnc2c(N)ncnc21.O=P(O)(O)OCC1OCC(O)C1OP(=O)(O)OCC1OCC(O)C1OP(=O)(O)OCC1OCC(O)C1O>>O=P(O)(O)OCC1OCC(O)C1OP(=O)(O)OCC1OCC(O)C1OP(=O)(O)OCC1OCC(O)C1O.O=P(O)(O)OP(=O)(O)O	0.4175824224948883
C[C@H](CCC(=O)NCCS(=O)(=O)[O-])[C@H]1CC[C@H]2[C@@H]3[C@H](O)C[C@@H]4C[C@H](O)CC[C@]4(C)[C@H]3C[C@H](O)[C@]12C.O>>C[C@H](CCC(=O)[O-])[C@H]1CC[C@H]2[C@@H]3[C@H](O)C[C@@H]4C[C@H](O)CC[C@]4(C)[C@H]3C[C@H](O)[C@]12C.[NH3+]CCS(=O)(=O)[O-]	1.0
C[C@H](O)[C@@H](O)[C@@H](O)C(=O)COP(=O)([O-])[O-]>>O=C(CO)COP(=O)([O-])[O-].C[C@H](O)C=O	1.0
C[C@H](O)[C@H](O)[C@H]1CNC2=NC(N)=NC(=O)[C@]2(O)N1>>C[C@H](O)[C@H](O)[C@H]1CNC2=NC(N)=NC(=O)C2=N1.O	1.0
C[C@H]([NH3+])C(=O)N[C@H](CCC(=O)N[C@H](CCC[C@H]([NH3+])C(=O)[O-])C(=O)[O-])C(=O)[O-].Nc1ncnc2c1ncn2[C@@H]1O[C@H](COP(=O)([O-])OP(=O)([O-])[O-])[C@@H](O)[C@H]1O.O=P([O-])([O-])O.[H+]>>Nc1ncnc2c1ncn2[C@@H]1O[C@H](COP(=O)([O-])OP(=O)([O-])OP(=O)([O-])[O-])[C@@H](O)[C@H]1O.C[C@H]([NH3+])C(=O)N[C@H](CCC(=O)N[C@H](CCC[C@H]([NH3+])C(=O)[O-])C(=O)[O-])C(=O)[O-].O	1.0
C[C@H]([NH3+])C(=O)[O-].Cc1ncc(CO)c(C=O)c1O>>Cc1ncc(CO)c(C[NH3+])c1O.CC(=O)C(=O)[O-]	1.0
C[C@H]1[NH2+]CCc2cc(O)c(O)cc21.O>>[NH3+]CCc1ccc(O)c(O)c1.CC=O	1.0
C[C@](O)(CO)[C@H](O)COP(=O)([O-])OP(=O)([O-])OC[C@H]1O[C@@H](n2ccc(N)nc2=O)[C@H](O)[C@@H]1O>>Nc1ccn([C@@H]2O[C@H](COP(=O)([O-])[O-])[C@@H](O)[C@H]2O)c(=O)n1.C[C@](O)(CO)[C@H]1COP(=O)([O-])O1.[H+]	1.0
C[N+](C)(C)CCO.[H]>>C[N+](C)(C)CC=O.[H].[H]	1.0
C[N+](C)(C)CCOP(=O)([O-])OC[C@@H](CO)NC=O>>O=CNC1COP(=O)([O-])OC1.C[N+](C)(C)CCO	1.0
C[N+](C)(C)CCOP(=O)([O-])OC[C@H](O)CO.O>>O=P([O-])([O-])OC[C@H](O)CO.C[N+](C)(C)CCO.[H+]	1.0
C[N+](C)(C)CCOP(=O)([O-])OC[C@H](O)COC=O.O=CNCCOC=O>>C[N+](C)(C)CCOP(=O)([O-])OC[C@@H](COC=O)OC=O.O=CNCCO	1.0
C[N+](C)(C)CCOP(=O)([O-])OC[C@H](O)COC=O.O=COCC(O)CO>>C[N+](C)(C)CCOP(=O)([O-])OC[C@@H](COC=O)OC=O.OCC(O)CO	1.0
C[N+](C)(C)CCOP(=O)([O-])OC[C@H](O)COC=O.O=COCC(O)COC=O>>C[N+](C)(C)CCOP(=O)([O-])OC[C@@H](COC=O)OC=O.O=COC[C@@H](O)CO	1.0
C[N+](C)(C)CCOP(=O)([O-])OC[C@H](O)COC=O.O=C[O-].[H+]>>C[N+](C)(C)CCOP(=O)([O-])OC[C@@H](COC=O)OC=O.O	1.0
C[N+](C)=C1C=CC(=NN=c2ccccn2CC2=C(C(=O)[O-])N3C(=O)[C@@H](N=C(O)Cc4cccs4)[C@H]3SC2)C=C1.O>>CC(C)CBr	0.3636363744735718
C[NH+](C)C.[Fe+3].O>>C[N+](C)(C)[O-].[Fe+2].[H+]	1.0
C[NH2+]CCCC[C@H](N)C=O.O=C([O-])CCC(=O)[O-].O=C=O.C=O>>C[N+](C)(C)CCCC[C@H](N)C=O.O=C([O-])CCC(=O)C(=O)[O-].O=O	1.0
C[NH2+]CCCC[C@H](N)C=O.O=C([O-])CCC(=O)[O-].O=C=O.C=O>>O=C([O-])CCC(=O)C(=O)[O-].C[NH+](C)CCCC[C@H](N)C=O.O=O	1.0
C[NH2+]CCCC[C@H](N)C=O.[H].O>>N[C@H](C=O)CCCC[NH3+].C=O.[H].[H]	1.0
C[S+](CC[C@H]([NH3+])C(=O)[O-])C[C@H]1O[C@@H](n2cnc3c(N)ncnc32)[C@H](O)[C@@H]1O.COc1cc(O)cc(CC=C(C)C)c1O>>Nc1ncnc2c1ncn2[C@@H]1O[C@H](CSCC[C@H]([NH3+])C(=O)[O-])[C@@H](O)[C@H]1O.COc1cc(O)c(C)c(CC=C(C)C)c1O.[H+]	1.0
C[S+](CC[C@H]([NH3+])C(=O)[O-])C[C@H]1O[C@@H](n2cnc3c(N)ncnc32)[C@H](O)[C@@H]1O.C[C@@H]1NC(=O)N[C@@H]1CCCCCC(=O)[O-].[Fe+2].[Fe+3].[S-2].[S-2].S>>C[C@H]1O[C@@H](n2cnc3c(N)ncnc32)[C@H](O)[C@@H]1O.O=C([O-])CCCC[C@@H]1SC[C@@H]2NC(=O)N[C@@H]21.CSCC[C@H]([NH3+])C(=O)[O-].[H][H].[Fe+3].[Fe+3].[S-2].[S-2]	1.0
C[S+](CC[C@H]([NH3+])C(=O)[O-])C[C@H]1O[C@@H](n2cnc3c(N)ncnc32)[C@H](O)[C@@H]1O.C[C@H]([NH3+])C(=O)N1CCC[C@H]1C(=O)N[C@H](C=O)CCCC[NH3+]>>Nc1ncnc2c1ncn2[C@@H]1O[C@H](CSCC[C@H]([NH3+])C(=O)[O-])[C@@H](O)[C@H]1O.C[C@@H](C(=O)N1CCC[C@H]1C(=O)N[C@H](C=O)CCCC[NH3+])[N+](C)(C)C.[H+]	1.0
C[S+](CC[C@H]([NH3+])C(=O)[O-])C[C@H]1O[C@@H](n2cnc3c(N)ncnc32)[C@H](O)[C@@H]1O.NC(=[NH2+])NCCC[C@H](N)C=O>>Nc1ncnc2c1ncn2[C@@H]1O[C@H](CSCC[C@H]([NH3+])C(=O)[O-])[C@@H](O)[C@H]1O.CN(C)C(=[NH2+])NCCC[C@H](N)C=O.[H+]	1.0
C[S+](CC[C@H]([NH3+])C(=O)[O-])C[C@H]1O[C@@H](n2cnc3c(N)ncnc32)[C@H](O)[C@@H]1O.NC1(Cc2ccc(O)cc2)C(=O)NC(=O)N/C1=N/C[C@H](O)[C@H](O)[C@H](O)CO>>O=c1nc2n(C[C@H](O)[C@H](O)[C@H](O)CO)c3cc(O)ccc3cc-2c(=O)[n-]1.C[C@H]1O[C@@H](n2cnc3c(N)ncnc32)[C@H](O)[C@@H]1O.CSCC[C@H]([NH3+])C(=O)[O-].[NH4+].[H+]	1.0
C[S+](CC[C@H]([NH3+])C(=O)[O-])C[C@H]1O[C@@H](n2cnc3c(N)ncnc32)[C@H](O)[C@@H]1O.Nc1c[nH+]cn1[C@@H]1O[C@H](COP(=O)([O-])[O-])[C@@H](O)[C@H]1O>>C[C@H]1O[C@@H](n2cnc3c(N)ncnc32)[C@H](O)[C@@H]1O.Cc1ncc(COP(=O)([O-])[O-])c(N)n1.CSCC[C@H]([NH3+])C(=O)[O-].[C-]#[O+].O=C[O-].[H+]	1.0
C[S+](CC[C@H]([NH3+])C(=O)[O-])C[C@H]1O[C@@H](n2cnc3c(N)ncnc32)[C@H](O)[C@@H]1O.Nc1ncnc2c1ncn2[C@@H]1O[C@H](CO[PH](=O)[O-])[C@@H](O)[C@H]1O.[Fe+2].[Fe+3].[S-2].[S-2]>>Nc1ncnc2c1ncn2[C@@H]1O[C@H](CSCC[C@H]([NH3+])C(=O)[O-])[C@@H](O)[C@H]1O.Cc1nc(N)c2ncn([C@@H]3O[C@H](CO[PH](=O)[O-])[C@@H](O)[C@H]3O)c2n1.C[C@H]1O[C@@H](n2cnc3c(N)ncnc32)[C@H](O)[C@@H]1O.CSCC[C@H]([NH3+])C(=O)[O-].[Fe+3].[Fe+3].[S-2].[S-2]	1.0
C[S+](CC[C@H]([NH3+])C(=O)[O-])C[C@H]1O[C@@H](n2cnc3c(N)ncnc32)[C@H](O)[C@@H]1O.[H+]>>C[S+](CCC[NH3+])C[C@H]1O[C@@H](n2cnc3c(N)ncnc32)[C@H](O)[C@@H]1O.O=C=O	1.0
Cc1c(C)c2c(c(C)c1OC(=O)CCC(=O)O)CCC(C)(CCCC(C)(C)CCCC(C)(C)CCCC(C)C)O2.C#CC1(OC(C)=O)CCC2C3CCC4=CC(OC(C)=O)CCC4C3CCC21C>>Nc1ncnc2c1ncn2[C@@H]1O[C@H](COP(=O)(O)OP(=O)(O)O)[C@@H](O)[C@H]1O.Cc1nc(SCc2nnnn2-c2ccc(OC(F)F)cc2)n[nH]1	0.542682945728302
Cc1c(CCC(=O)O)c2cc3[n-]c(cc4nc(cc5nc(cc1[n-]2)C(=O)C5(C)CC(=O)O)C(=O)C4(C)CC(=O)O)c(C)c3CCC(=O)O.O=P(O)(OC[C@H]1OCC[C@@H]1OP(=O)(O)OC[C@H]1OCC[C@@H]1O)O[C@H]1CCO[C@@H]1CO.[Fe+2]>>Cc1cc(-c2ccc(N=Nc3ccc4c(S(=O)(=O)O)cc(S(=O)(=O)O)c(N)c4c3O)c(C)c2)ccc1N=Nc1ccc2c(S(=O)(=O)O)cc(S(=O)(=O)O)c(N)c2c1O.O=P(O)(OC[C@H]1OCC[C@@H]1OP(=O)(O)OC[C@H]1OCC[C@@H]1O)O[C@H]1CCO[C@@H]1CO	0.41134750843048096
Cc1cc(NC(=O)C(=O)N2CCc3ccccc32)no1.O=O>>CC(CC(CC(C)(C)O[Si](C)(C)C)O[Si](C)(C)C)C1CCC2C3C(O[Si](C)(C)C)CC4CC(O[Si](C)(C)C)CCC4(C)C3CC(O[Si](C)(C)C)C12C.NCC1(CC(=O)O)CCCCC1	0.19591836631298065
Cc1cccnc1NC(=O)C1CC(=O)N(c2ccc3c(c2)OCCO3)C1.O=O>>CCOc1ccc2c3c1OC1C(O)C=CC4C(C2)N(C)CCC341.NNc1cnc(Cn2ncccc2=O)cn1	0.5647059082984924
Cc1cn([C@H]2C[C@H](N=[N+]=[N-])[C@@H](COP(=O)(O)OP(=O)(O)OP(=O)(O)O)O2)c(=O)[nH]c1=O.Oc1ccc(C2CNCCc3c2cc(O)c(O)c3Cl)cc1>>Oc1ccc(C2CNCCc3c2cc(O)c(O)c3Cl)cc1.O=P(O)(O)OP(=O)(O)O	0.3949579894542694
Cc1cn([C@H]2C[C@H](O)[C@@H](COP(=O)(O)OP(=O)(O)O[C@H]3OCC(=O)[C@H](O)[C@H]3O)O2)c(=O)[nH]c1=O>>Cc1cn([C@H]2C[C@H](O)[C@@H](COP(=O)(O)OP(=O)(O)O[C@H]3OCC(=O)[C@@](C)(O)[C@H]3O)O2)c(=O)[nH]c1=O	0.15942029654979706
Cc1csc(CNC(=O)C(=O)Nc2cc(C)on2)n1.O=O>>Cc1cc(NC(=O)C(=O)NCCc2csc(C)n2)no1.CC(C(=O)O)c1ccc(-c2ccccc2)c(F)c1	0.39047619700431824
Cc1ncc(C[n+]2csc(CCOP(=O)([O-])[O-])c2C)c(N)n1.O=P([O-])([O-])OP(=O)([O-])O.O=C=O>>CC1=N[C@@H](C(=O)[O-])S/C1=C\COP(=O)([O-])[O-].Cc1ncc(COP(=O)([O-])OP(=O)([O-])[O-])c(N)n1.[H+]	1.0
Clc1ccc(-c2nc3ccccc3o2)cc1.CC(C)=CCCC(C)=CCCC(C)=CCO>>CC(C)=CCCC(C)=CCCC(C)=CCSCC(=O)O.O=C(O)c1ccc(N(CCCl)CCCl)cc1	0.24576270580291748
IC(I)I>>COCCOCCOCCOC	0.1785714328289032
N=c1[nH]c(C(N=CO)C(O)=N[C@@H]2C(=O)N3C(C(=O)O)=C(CSc4cnns4)CS[C@H]23)cs1.O>>CC(C)CBr	0.44366195797920227
N=c1c2ncn([C@@H]3O[C@H](COP(=O)([O-])[O-])[C@@H](O)[C@H]3O)c2ncn1[C@@H]1O[C@H](COP(=O)([O-])[O-])[C@@H](O)[C@H]1O.O>>NC(=O)c1ncn([C@@H]2O[C@H](COP(=O)([O-])[O-])[C@@H](O)[C@H]2O)c1/N=C/N[C@@H]1O[C@H](COP(=O)([O-])[O-])[C@@H](O)[C@H]1O	1.0
N=c1ccn([C@@H]2O[C@H](CO[PH](=O)[O-])[C@@H](O)[C@H]2O)c(NCCCC[C@H]([NH3+])C(=O)[O-])[nH+]1.Nc1ncnc2c1ncn2[C@@H]1O[C@H](COP(=O)([O-])[O-])[C@@H](O)[C@H]1O.O=P([O-])([O-])OP(=O)([O-])O.[H+]>>Nc1ncnc2c1ncn2[C@@H]1O[C@H](COP(=O)([O-])OP(=O)([O-])OP(=O)([O-])[O-])[C@@H](O)[C@H]1O.Nc1ccn([C@@H]2O[C@H](CO[PH](=O)[O-])[C@@H](O)[C@H]2O)c(=O)n1.[NH3+]CCCC[C@H]([NH3+])C(=O)[O-]	1.0
N=c1ccn([C@H]2CC[C@@H](COP(=O)(O)OP(=O)(O)OP(=O)(O)O)O2)c(O)n1.Oc1ccc(C2CNCCc3c2cc(O)c(O)c3Cl)cc1>>Oc1ccc(C2CNCCc3c2cc(O)c(O)c3Cl)cc1.O=P(O)(O)OP(=O)(O)O	0.4533333480358124
NC(=O)C(F)(F)C(F)(F)C(F)(F)F.NC(=O)OCC(COC(N)=O)c1ccccc1>>CCCCC=CC=CCC(=O)OC12CC(C)C3(O)C(C=C(CO)CC4(O)C(=O)C(C)=CC43)C1C2(C)C.Cc1ccc2c(c1C)[C@@H](c1cccc(C(=O)O)n1)NCC2	0.7094972133636475
NC(=O)C1=CN(C2OC(COP(=O)(O)OP(=O)(O)OCC3OC(n4cnc5c(N)ncnc54)C(O)C3O)C(O)C2O)C=CC1.CC(C)C(=O)C(=O)O.[H]>>NC(=O)c1ccc[n+]([C@@H]2O[C@H](COP(=O)(O)OP(=O)(O)OC[C@H]3O[C@@H](n4cnc5c(N)ncnc54)[C@H](O)[C@@H]3O)[C@@H](O)[C@H]2O)c1.CC(C)C(O)C(=O)O	0.9028571248054504
NC(=O)C1=CN(C2OC(COP(=O)(O)OP(=O)(O)OCC3OC(n4cnc5c(N)ncnc54)C(O)C3O)C(O)C2O)C=CC1.O=C1/C(=C2\Nc3ccccc3C2=O)Nc2ccccc21.[H]>>NC(=O)c1ccc[n+]([C@@H]2O[C@H](COP(=O)(O)OP(=O)(O)OC[C@H]3O[C@@H](n4cnc5c(N)ncnc54)[C@H](O)[C@@H]3O)[C@@H](O)[C@H]2O)c1.Oc1c(-c2[nH]c3ccccc3c2O)[nH]c2ccccc12	0.7512953281402588
NC(=O)C1=CN(C2OC(COP(=O)(O)OP(=O)(O)OCC3OC(n4cnc5c(N)ncnc54)C(O)C3O)C(O)C2O)C=CC1.O=CC(O)CO.[H]>>NC(=O)c1ccc[n+]([C@@H]2O[C@H](COP(=O)(O)OP(=O)(O)OC[C@H]3O[C@@H](n4cnc5c(N)ncnc54)[C@H](O)[C@@H]3O)[C@@H](O)[C@H]2O)c1.OCC(O)CO	0.9119496941566467
NC(=O)C1=CN(C2OC(COP(=O)(O)OP(=O)(O)OCC3OC(n4cnc5c(N)ncnc54)C(O)C3O)C(O)C2O)C=CC1.O=Cc1cccc(Cl)c1.[H]>>NC(=O)c1ccc[n+]([C@@H]2O[C@H](COP(=O)(O)OP(=O)(O)OC[C@H]3O[C@@H](n4cnc5c(N)ncnc54)[C@H](O)[C@@H]3O)[C@@H](O)[C@H]2O)c1.OCc1cccc(Cl)c1	0.9518072009086609
NC(=O)C1=CN(C2OC(COP(=O)(O)OP(=O)(O)OCC3OC(n4cnc5c(N)ncnc54)C(O)C3O)C(O)C2O)C=CC1.O=Cc1cccc([N+](=O)[O-])c1.[H]>>NC(=O)c1ccc[n+]([C@@H]2O[C@H](COP(=O)(O)OP(=O)(O)OC[C@H]3O[C@@H](n4cnc5c(N)ncnc54)[C@H](O)[C@@H]3O)[C@@H](O)[C@H]2O)c1.O=[N+]([O-])c1cccc(CO)c1	0.9518072009086609
NC(=O)C1=CN(C2OC(COP(=O)(O)OP(=O)(O)OCC3OC(n4cnc5c(N)ncnc54)C(O)C3O)C(O)C2O)C=CC1.[C-]#N.[C-]#N.[C-]#N.[C-]#N.[C-]#N.[C-]#N.[Fe+3]>>NC(=O)c1ccc[n+]([C@@H]2O[C@H](COP(=O)(O)OP(=O)(O)OC[C@H]3O[C@@H](n4cnc5c(N)ncnc54)[C@H](O)[C@@H]3O)[C@@H](O)[C@H]2O)c1.[C-]#N.[C-]#N.[C-]#N.[C-]#N.[C-]#N.[C-]#N.[Fe+2].[H]	0.9736841917037964
NC(=O)C1=CN(C2OC(COP(=O)(O)OP(=O)(O)OCC3OC(n4cnc5c(N)ncnc54)C(OP(=O)(O)O)C3O)C(O)C2O)C=CC1.CCCCCC=O.[H]>>NC(=O)c1ccc[n+](C2OC(COP(=O)(O)OP(=O)(O)OCC3OC(n4cnc5c(N)ncnc54)C(OP(=O)(O)O)C3O)C(O)C2O)c1.CCCCCCO	1.0
NC(=O)C1=CN(C2OC(COP(=O)(O)OP(=O)(O)OCC3OC(n4cnc5c(N)ncnc54)C(OP(=O)(O)O)C3O)C(O)C2O)C=CC1.COP(=S)(OC)Oc1ccc(SC)c(C)c1.[H].O=O>>NC(=O)c1ccc[n+](C2OC(COP(=O)(O)OP(=O)(O)OCC3OC(n4cnc5c(N)ncnc54)C(OP(=O)(O)O)C3O)C(O)C2O)c1.COP(=O)(OC)Oc1ccc(SC)c(C)c1.O.S	0.7528089880943298
NC(=O)C1=CN(C2OC(COP(=O)(O)OP(=O)(O)OCC3OC(n4cnc5c(N)ncnc54)C(OP(=O)(O)O)C3O)C(O)C2O)C=CC1.N=C(N)NCCCC(N)C(=O)O.[H].O=O>>NC(=O)c1ccc[n+](C2OC(COP(=O)(O)OP(=O)(O)OCC3OC(n4cnc5c(N)ncnc54)C(OP(=O)(O)O)C3O)C(O)C2O)c1.NC(=O)NCCCC(N)C(=O)O.N=O	0.7444444298744202
NC(=O)C1=CN(C2OC(COP(=O)(O)OP(=O)(O)OCC3OC(n4cnc5c(N)ncnc54)C(OP(=O)(O)O)C3O)C(O)C2O)C=CC1.O=C(/C=C(\O)c1nc[nH]n1)c1ccc(Cc2ccc(F)cc2)o1.[H]>>NC(=O)c1ccc[n+](C2OC(COP(=O)(O)OP(=O)(O)OCC3OC(n4cnc5c(N)ncnc54)C(OP(=O)(O)O)C3O)C(O)C2O)c1.CN(C)CCCNC(=O)CCNC(=O)c1cc(NC(=O)c2cc(NC(=O)C3=[N+](C)C=C(NC(=O)c4nccn4C)C3=O)cn2C)cn1C	0.3333333432674408
NC(=O)C1=CN(C2OC(COP(=O)(O)OP(=O)(O)OCC3OC(n4cnc5c(N)ncnc54)C(OP(=O)(O)O)C3O)C(O)C2O)C=CC1.O=C(O)CCC(=O)C(=O)O.[H]>>NC(=O)c1ccc[n+](C2OC(COP(=O)(O)OP(=O)(O)OCC3OC(n4cnc5c(N)ncnc54)C(OP(=O)(O)O)C3O)C(O)C2O)c1.O=C(O)CCC(O)C(=O)O	0.8350515365600586
NC(=O)C1=CN(C2OC(COP(=O)(O)OP(=O)(O)OCC3OC(n4cnc5c(N)ncnc54)C(OP(=O)(O)O)C3O)C(O)C2O)C=CC1.O=C(O)Cc1ccccc1Nc1c(Cl)cccc1Cl.[H].O=O>>NC(=O)c1ccc[n+](C2OC(COP(=O)(O)OP(=O)(O)OCC3OC(n4cnc5c(N)ncnc54)C(OP(=O)(O)O)C3O)C(O)C2O)c1.O=C(O)Cc1ccccc1Nc1c(Cl)cc(O)cc1Cl.O	0.824999988079071
NC(=O)C1=CN(C2OC(COP(=O)(O)OP(=O)(O)OCC3OC(n4cnc5c(N)ncnc54)C(OP(=O)(O)O)C3O)C(O)C2O)C=CC1.O=CC=O.[H]>>NC(=O)c1ccc[n+](C2OC(COP(=O)(O)OP(=O)(O)OCC3OC(n4cnc5c(N)ncnc54)C(OP(=O)(O)O)C3O)C(O)C2O)c1.O=CCO	0.9113923907279968
NC(=O)C1=CN(C2OC(COP(=O)(O)OP(=O)(O)OCC3OC(n4cnc5c(N)ncnc54)C(OP(=O)(O)O)C3O)C(O)C2O)C=CC1.O=Cc1cccc([N+](=O)[O-])c1.[H]>>NC(=O)c1ccc[n+](C2OC(COP(=O)(O)OP(=O)(O)OCC3OC(n4cnc5c(N)ncnc54)C(OP(=O)(O)O)C3O)C(O)C2O)c1.O=[N+]([O-])c1cccc(CO)c1	0.9090909361839294
NC(=O)C1=CN(C2OC(COP(=O)(O)OP(=O)(O)OCC3OC(n4cnc5c(N)ncnc54)C(OP(=O)(O)O)C3O)C(O)C2O)C=CC1.OC1COC(O)C1O.[H]>>NC(=O)c1ccc[n+](C2OC(COP(=O)(O)OP(=O)(O)OCC3OC(n4cnc5c(N)ncnc54)C(OP(=O)(O)O)C3O)C(O)C2O)c1.OCC(O)C(O)CO	0.8602150678634644
NC(=O)C1=CN(C2OC(COP(=O)(O)OP(=O)(O)OCC3OC(n4cnc5c(N)ncnc54)C(OP(=O)(O)O)C3O)C(O)C2O)C=CC1.OCC1OC(O)C(O)C1O.[H]>>NC(=O)c1ccc[n+](C2OC(COP(=O)(O)OP(=O)(O)OCC3OC(n4cnc5c(N)ncnc54)C(OP(=O)(O)O)C3O)C(O)C2O)c1.OCC(O)C(O)C(O)CO	0.9101123809814453
NC(=O)C1=CN([C@@H]2O[C@H](COP(=O)([O-])OP(=O)([O-])OC[C@H]3O[C@@H](n4cnc5c(N)ncnc54)[C@H](O)[C@@H]3O)[C@@H](O)[C@H]2O)C=CC1.CC(=O)[C@H]1CC[C@H]2[C@@H]3CCC4=CC(=O)CC[C@]4(C)[C@H]3CC[C@]12C.[H+]>>NC(=O)c1ccc[n+]([C@@H]2O[C@H](COP(=O)([O-])OP(=O)([O-])OC[C@H]3O[C@@H](n4cnc5c(N)ncnc54)[C@H](O)[C@@H]3O)[C@@H](O)[C@H]2O)c1.C[C@H](O)[C@H]1CC[C@H]2[C@@H]3CCC4=CC(=O)CC[C@]4(C)[C@H]3CC[C@]12C	1.0
NC(=O)C1=CN([C@@H]2O[C@H](COP(=O)([O-])OP(=O)([O-])OC[C@H]3O[C@@H](n4cnc5c(N)ncnc54)[C@H](O)[C@@H]3O)[C@@H](O)[C@H]2O)C=CC1.CC(C)=CCC1=CC(=O)C(C)=C(C)C1=O.[H+]>>NC(=O)c1ccc[n+]([C@@H]2O[C@H](COP(=O)([O-])OP(=O)([O-])OC[C@H]3O[C@@H](n4cnc5c(N)ncnc54)[C@H](O)[C@@H]3O)[C@@H](O)[C@H]2O)c1.CC(C)=CCc1cc(O)c(C)c(C)c1O.[H+]	1.0
NC(=O)C1=CN([C@@H]2O[C@H](COP(=O)([O-])OP(=O)([O-])OC[C@H]3O[C@@H](n4cnc5c(N)ncnc54)[C@H](O)[C@@H]3O)[C@@H](O)[C@H]2O)C=CC1.CC(C)CC(=O)C(=O)[O-].O=C=O>>NC(=O)c1ccc[n+]([C@@H]2O[C@H](COP(=O)([O-])OP(=O)([O-])OC[C@H]3O[C@@H](n4cnc5c(N)ncnc54)[C@H](O)[C@@H]3O)[C@@H](O)[C@H]2O)c1.CC(C)[C@H](C(=O)[O-])[C@@H](O)C(=O)[O-]	1.0
NC(=O)C1=CN([C@@H]2O[C@H](COP(=O)([O-])OP(=O)([O-])OC[C@H]3O[C@@H](n4cnc5c(N)ncnc54)[C@H](O)[C@@H]3O)[C@@H](O)[C@H]2O)C=CC1.CC12CCCC1C1CC=C3CC(=O)CCC3(C)C1CC2.[H+]>>NC(=O)c1ccc[n+]([C@@H]2O[C@H](COP(=O)([O-])OP(=O)([O-])OC[C@H]3O[C@@H](n4cnc5c(N)ncnc54)[C@H](O)[C@@H]3O)[C@@H](O)[C@H]2O)c1.CC12CCCC1C1CC=C3C[C@@H](O)CCC3(C)C1CC2	1.0
NC(=O)C1=CN([C@@H]2O[C@H](COP(=O)([O-])OP(=O)([O-])OC[C@H]3O[C@@H](n4cnc5c(N)ncnc54)[C@H](O)[C@@H]3O)[C@@H](O)[C@H]2O)C=CC1.CC1=C(/C=C/C(C)=C/C=C/C(C)=C/C=O)C(C)(C)CCC1O.[H+]>>NC(=O)c1ccc[n+]([C@@H]2O[C@H](COP(=O)([O-])OP(=O)([O-])OC[C@H]3O[C@@H](n4cnc5c(N)ncnc54)[C@H](O)[C@@H]3O)[C@@H](O)[C@H]2O)c1.CC1=C(/C=C/C(C)=C/C=C/C(C)=C/CO)C(C)(C)CCC1O	1.0
NC(=O)C1=CN([C@@H]2O[C@H](COP(=O)([O-])OP(=O)([O-])OC[C@H]3O[C@@H](n4cnc5c(N)ncnc54)[C@H](O)[C@@H]3O)[C@@H](O)[C@H]2O)C=CC1.COC1=C(OC)C(=O)C(CC=C(C)C)=C(C)C1=O.[H+]>>NC(=O)c1ccc[n+]([C@@H]2O[C@H](COP(=O)([O-])OP(=O)([O-])OC[C@H]3O[C@@H](n4cnc5c(N)ncnc54)[C@H](O)[C@@H]3O)[C@@H](O)[C@H]2O)c1.COc1c(O)c(C)c(CC=C(C)C)c(O)c1OC.[H+]	1.0
NC(=O)C1=CN([C@@H]2O[C@H](COP(=O)([O-])OP(=O)([O-])OC[C@H]3O[C@@H](n4cnc5c(N)ncnc54)[C@H](O)[C@@H]3O)[C@@H](O)[C@H]2O)C=CC1.C[C@]12CC[C@@H](O)C[C@H]1CC[C@@H]1[C@@H]2[C@@H](O)C[C@@]2(C)[C@H]1CC[C@]2(O)C(=O)CO.[H+]>>NC(=O)c1ccc[n+]([C@@H]2O[C@H](COP(=O)([O-])OP(=O)([O-])OC[C@H]3O[C@@H](n4cnc5c(N)ncnc54)[C@H](O)[C@@H]3O)[C@@H](O)[C@H]2O)c1.C[C@]12CC[C@@H](O)C[C@H]1CC[C@@H]1[C@@H]2[C@@H](O)C[C@@]2(C)[C@H]1CC[C@]2(O)[C@H](O)CO	1.0
NC(=O)C1=CN([C@@H]2O[C@H](COP(=O)([O-])OP(=O)([O-])OC[C@H]3O[C@@H](n4cnc5c(N)ncnc54)[C@H](O)[C@@H]3O)[C@@H](O)[C@H]2O)C=CC1.C[C@]12CC[C@@H]3c4ccc(O)cc4CC[C@H]3[C@@H]1CCC2=O.[H+]>>NC(=O)c1ccc[n+]([C@@H]2O[C@H](COP(=O)([O-])OP(=O)([O-])OC[C@H]3O[C@@H](n4cnc5c(N)ncnc54)[C@H](O)[C@@H]3O)[C@@H](O)[C@H]2O)c1.C[C@]12CC[C@@H]3c4ccc(O)cc4CC[C@H]3[C@@H]1CC[C@@H]2O	1.0
NC(=O)C1=CN([C@@H]2O[C@H](COP(=O)([O-])OP(=O)([O-])OC[C@H]3O[C@@H](n4cnc5c(N)ncnc54)[C@H](O)[C@@H]3O)[C@@H](O)[C@H]2O)C=CC1.O=C([O-])CC(=O)C(=O)[O-].[H+]>>NC(=O)c1ccc[n+]([C@@H]2O[C@H](COP(=O)([O-])OP(=O)([O-])OC[C@H]3O[C@@H](n4cnc5c(N)ncnc54)[C@H](O)[C@@H]3O)[C@@H](O)[C@H]2O)c1.O=C([O-])C[C@H](O)C(=O)[O-]	1.0
NC(=O)C1=CN([C@@H]2O[C@H](COP(=O)([O-])OP(=O)([O-])OC[C@H]3O[C@@H](n4cnc5c(N)ncnc54)[C@H](O)[C@@H]3O)[C@@H](O)[C@H]2O)C=CC1.O=C([O-])CCC(=O)C(=O)[O-].[NH4+].[H+]>>NC(=O)c1ccc[n+]([C@@H]2O[C@H](COP(=O)([O-])OP(=O)([O-])OC[C@H]3O[C@@H](n4cnc5c(N)ncnc54)[C@H](O)[C@@H]3O)[C@@H](O)[C@H]2O)c1.[NH3+][C@@H](CCC(=O)[O-])C(=O)[O-].O	1.0
NC(=O)C1=CN([C@@H]2O[C@H](COP(=O)([O-])OP(=O)([O-])OC[C@H]3O[C@@H](n4cnc5c(N)ncnc54)[C@H](O)[C@@H]3O)[C@@H](O)[C@H]2O)C=CC1.O=C1C=CC(=O)C=C1.[H+]>>NC(=O)c1ccc[n+]([C@@H]2O[C@H](COP(=O)([O-])OP(=O)([O-])OC[C@H]3O[C@@H](n4cnc5c(N)ncnc54)[C@H](O)[C@@H]3O)[C@@H](O)[C@H]2O)c1.Oc1ccc(O)cc1	1.0
NC(=O)C1=CN([C@@H]2O[C@H](COP(=O)([O-])OP(=O)([O-])OC[C@H]3O[C@@H](n4cnc5c(N)ncnc54)[C@H](O)[C@@H]3O)[C@@H](O)[C@H]2O)C=CC1.O=C1C=CC(=O)C=C1.[H+]>>NC(=O)c1ccc[n+]([C@@H]2O[C@H](COP(=O)([O-])OP(=O)([O-])OC[C@H]3O[C@@H](n4cnc5c(N)ncnc54)[C@H](O)[C@@H]3O)[C@@H](O)[C@H]2O)c1.Oc1ccc(O)cc1.[H+]	1.0
NC(=O)C1=CN([C@@H]2O[C@H](COP(=O)([O-])OP(=O)([O-])OC[C@H]3O[C@@H](n4cnc5c(N)ncnc54)[C@H](O)[C@@H]3O)[C@@H](O)[C@H]2O)C=CC1.[H+].C=O>>NC(=O)c1ccc[n+]([C@@H]2O[C@H](COP(=O)([O-])OP(=O)([O-])OC[C@H]3O[C@@H](n4cnc5c(N)ncnc54)[C@H](O)[C@@H]3O)[C@@H](O)[C@H]2O)c1.CO	1.0
NC(=O)C1=CN([C@@H]2O[C@H](COP(=O)([O-])OP(=O)([O-])OC[C@H]3O[C@@H](n4cnc5c(N)ncnc54)[C@H](O)[C@@H]3O)[C@@H](O)[C@H]2O)C=CC1.[NH3+][C@@H](CCC(=O)N[C@@H](CSN=O)C(=O)NCC(=O)[O-])C(=O)[O-].[H+]>>NC(=O)c1ccc[n+]([C@@H]2O[C@H](COP(=O)([O-])OP(=O)([O-])OC[C@H]3O[C@@H](n4cnc5c(N)ncnc54)[C@H](O)[C@@H]3O)[C@@H](O)[C@H]2O)c1.[NH3+][C@@H](CCC(=O)N[C@@H](CSNO)C(=O)NCC(=O)[O-])C(=O)[O-]	1.0
NC(=O)C1=CN([C@@H]2O[C@H](COP(=O)([O-])OP(=O)([O-])OC[C@H]3O[C@@H](n4cnc5c(N)ncnc54)[C@H](OP(=O)([O-])[O-])[C@@H]3O)[C@@H](O)[C@H]2O)C=CC1.C/C=C/C=C/C=O.[H+]>>NC(=O)c1ccc[n+]([C@@H]2O[C@H](COP(=O)([O-])OP(=O)([O-])OC[C@H]3O[C@@H](n4cnc5c(N)ncnc54)[C@H](OP(=O)([O-])[O-])[C@@H]3O)[C@@H](O)[C@H]2O)c1.C/C=C/C=C/CO	1.0
NC(=O)C1=CN([C@@H]2O[C@H](COP(=O)([O-])OP(=O)([O-])OC[C@H]3O[C@@H](n4cnc5c(N)ncnc54)[C@H](OP(=O)([O-])[O-])[C@@H]3O)[C@@H](O)[C@H]2O)C=CC1.CC(=O)[C@](C)(O)C(=O)[O-].[H+]>>NC(=O)c1ccc[n+]([C@@H]2O[C@H](COP(=O)([O-])OP(=O)([O-])OC[C@H]3O[C@@H](n4cnc5c(N)ncnc54)[C@H](OP(=O)([O-])[O-])[C@@H]3O)[C@@H](O)[C@H]2O)c1.CC(C)(O)[C@@H](O)C(=O)[O-]	1.0
NC(=O)C1=CN([C@@H]2O[C@H](COP(=O)([O-])OP(=O)([O-])OC[C@H]3O[C@@H](n4cnc5c(N)ncnc54)[C@H](OP(=O)([O-])[O-])[C@@H]3O)[C@@H](O)[C@H]2O)C=CC1.CC1=C(/C=C/C(C)=C/C=C/C(C)=C\C=O)C(C)(C)CCC1.[H+]>>NC(=O)c1ccc[n+]([C@@H]2O[C@H](COP(=O)([O-])OP(=O)([O-])OC[C@H]3O[C@@H](n4cnc5c(N)ncnc54)[C@H](OP(=O)([O-])[O-])[C@@H]3O)[C@@H](O)[C@H]2O)c1.CC1=C(/C=C/C(C)=C/C=C/C(C)=C\CO)C(C)(C)CCC1	1.0
NC(=O)C1=CN([C@@H]2O[C@H](COP(=O)([O-])OP(=O)([O-])OC[C@H]3O[C@@H](n4cnc5c(N)ncnc54)[C@H](OP(=O)([O-])[O-])[C@@H]3O)[C@@H](O)[C@H]2O)C=CC1.CCC/C=C/C=O.[H+]>>NC(=O)c1ccc[n+]([C@@H]2O[C@H](COP(=O)([O-])OP(=O)([O-])OC[C@H]3O[C@@H](n4cnc5c(N)ncnc54)[C@H](OP(=O)([O-])[O-])[C@@H]3O)[C@@H](O)[C@H]2O)c1.CCC/C=C/CO	1.0
NC(=O)C1=CN([C@@H]2O[C@H](COP(=O)([O-])OP(=O)([O-])OC[C@H]3O[C@@H](n4cnc5c(N)ncnc54)[C@H](OP(=O)([O-])[O-])[C@@H]3O)[C@@H](O)[C@H]2O)C=CC1.CCCCCCCCCCCCCCCC(=O)OC[C@H](COP(=O)([O-])OCC[N+](C)(C)C)OC(=O)CCCC=O.[H+]>>NC(=O)c1ccc[n+]([C@@H]2O[C@H](COP(=O)([O-])OP(=O)([O-])OC[C@H]3O[C@@H](n4cnc5c(N)ncnc54)[C@H](OP(=O)([O-])[O-])[C@@H]3O)[C@@H](O)[C@H]2O)c1.CCCCCCCCCCCCCCCC(=O)OC[C@H](COP(=O)([O-])OCC[N+](C)(C)C)OC(=O)CCCCO	1.0
NC(=O)C1=CN([C@@H]2O[C@H](COP(=O)([O-])OP(=O)([O-])OC[C@H]3O[C@@H](n4cnc5c(N)ncnc54)[C@H](OP(=O)([O-])[O-])[C@@H]3O)[C@@H](O)[C@H]2O)C=CC1.CCCCCCCCCCCCCCCC(=O)OC[C@H](COP(=O)([O-])OCC[NH3+])OC(=O)CCCC=O.[H+]>>NC(=O)c1ccc[n+]([C@@H]2O[C@H](COP(=O)([O-])OP(=O)([O-])OC[C@H]3O[C@@H](n4cnc5c(N)ncnc54)[C@H](OP(=O)([O-])[O-])[C@@H]3O)[C@@H](O)[C@H]2O)c1.CCCCCCCCCCCCCCCC(=O)OC[C@H](COP(=O)([O-])OCC[NH3+])OC(=O)CCCCO	1.0
NC(=O)C1=CN([C@@H]2O[C@H](COP(=O)([O-])OP(=O)([O-])OC[C@H]3O[C@@H](n4cnc5c(N)ncnc54)[C@H](OP(=O)([O-])[O-])[C@@H]3O)[C@@H](O)[C@H]2O)C=CC1.CC[C@](O)(C(C)=O)C(=O)[O-].[H+]>>NC(=O)c1ccc[n+]([C@@H]2O[C@H](COP(=O)([O-])OP(=O)([O-])OC[C@H]3O[C@@H](n4cnc5c(N)ncnc54)[C@H](OP(=O)([O-])[O-])[C@@H]3O)[C@@H](O)[C@H]2O)c1.CC[C@@](C)(O)[C@@H](O)C(=O)[O-]	1.0
NC(=O)C1=CN([C@@H]2O[C@H](COP(=O)([O-])OP(=O)([O-])OC[C@H]3O[C@@H](n4cnc5c(N)ncnc54)[C@H](OP(=O)([O-])[O-])[C@@H]3O)[C@@H](O)[C@H]2O)C=CC1.C[C@H](O)[C@H]1CC[C@H]2[C@@H]3CC[C@@H]4CC(=O)CC[C@]4(C)[C@H]3CC[C@]12C.[H+]>>NC(=O)c1ccc[n+]([C@@H]2O[C@H](COP(=O)([O-])OP(=O)([O-])OC[C@H]3O[C@@H](n4cnc5c(N)ncnc54)[C@H](OP(=O)([O-])[O-])[C@@H]3O)[C@@H](O)[C@H]2O)c1.C[C@H](O)[C@H]1CC[C@H]2[C@@H]3CC[C@@H]4C[C@H](O)CC[C@]4(C)[C@H]3CC[C@]12C	1.0
NC(=O)C1=CN([C@@H]2O[C@H](COP(=O)([O-])OP(=O)([O-])OC[C@H]3O[C@@H](n4cnc5c(N)ncnc54)[C@H](OP(=O)([O-])[O-])[C@@H]3O)[C@@H](O)[C@H]2O)C=CC1.O=C([O-])C(=O)CO.[H+]>>NC(=O)c1ccc[n+]([C@@H]2O[C@H](COP(=O)([O-])OP(=O)([O-])OC[C@H]3O[C@@H](n4cnc5c(N)ncnc54)[C@H](OP(=O)([O-])[O-])[C@@H]3O)[C@@H](O)[C@H]2O)c1.O=C([O-])[C@H](O)CO	1.0
NC(=O)C1=CN([C@@H]2O[C@H](COP(=O)([O-])OP(=O)([O-])OC[C@H]3O[C@@H](n4cnc5c(N)ncnc54)[C@H](OP(=O)([O-])[O-])[C@@H]3O)[C@@H](O)[C@H]2O)C=CC1.O=C([O-])C1=CC(=O)[C@@H](O)[C@H](O)C1.[H+]>>NC(=O)c1ccc[n+]([C@@H]2O[C@H](COP(=O)([O-])OP(=O)([O-])OC[C@H]3O[C@@H](n4cnc5c(N)ncnc54)[C@H](OP(=O)([O-])[O-])[C@@H]3O)[C@@H](O)[C@H]2O)c1.O=C([O-])C1=C[C@@H](O)[C@@H](O)[C@H](O)C1	1.0
NC(=O)C1=CN([C@@H]2O[C@H](COP(=O)([O-])OP(=O)([O-])OC[C@H]3O[C@@H](n4cnc5c(N)ncnc54)[C@H](OP(=O)([O-])[O-])[C@@H]3O)[C@@H](O)[C@H]2O)C=CC1.O=C([O-])C1=[NH+]CCCC1.[H+]>>NC(=O)c1ccc[n+]([C@@H]2O[C@H](COP(=O)([O-])OP(=O)([O-])OC[C@H]3O[C@@H](n4cnc5c(N)ncnc54)[C@H](OP(=O)([O-])[O-])[C@@H]3O)[C@@H](O)[C@H]2O)c1.O=C([O-])[C@@H]1CCCC[NH2+]1	1.0
NC(=O)C1=CN([C@@H]2O[C@H](COP(=O)([O-])OP(=O)([O-])OC[C@H]3O[C@@H](n4cnc5c(N)ncnc54)[C@H](OP(=O)([O-])[O-])[C@@H]3O)[C@@H](O)[C@H]2O)C=CC1.O=C1O[C@H](CO)[C@@H](O)[C@H](O)[C@H]1O.[H+]>>NC(=O)c1ccc[n+]([C@@H]2O[C@H](COP(=O)([O-])OP(=O)([O-])OC[C@H]3O[C@@H](n4cnc5c(N)ncnc54)[C@H](OP(=O)([O-])[O-])[C@@H]3O)[C@@H](O)[C@H]2O)c1.OC[C@H]1OC(O)[C@H](O)[C@@H](O)[C@@H]1O	1.0
NC(=O)C1=CN([C@@H]2O[C@H](COP(=O)([O-])OP(=O)([O-])OC[C@H]3O[C@@H](n4cnc5c(N)ncnc54)[C@H](OP(=O)([O-])[O-])[C@@H]3O)[C@@H](O)[C@H]2O)C=CC1.O=Cc1cccnc1.[H+]>>NC(=O)c1ccc[n+]([C@@H]2O[C@H](COP(=O)([O-])OP(=O)([O-])OC[C@H]3O[C@@H](n4cnc5c(N)ncnc54)[C@H](OP(=O)([O-])[O-])[C@@H]3O)[C@@H](O)[C@H]2O)c1.OCc1cccnc1	1.0
NC(=O)C1=CN([C@@H]2O[C@H](COP(=O)([O-])OP(=O)([O-])OC[C@H]3O[C@@H](n4cnc5c(N)ncnc54)[C@H](OP(=O)([O-])[O-])[C@@H]3O)[C@@H](O)[C@H]2O)C=CC1.OC[C@H]1OC(O)[C@H](O)[C@@H](O)[C@H]1O.[H+]>>NC(=O)c1ccc[n+]([C@@H]2O[C@H](COP(=O)([O-])OP(=O)([O-])OC[C@H]3O[C@@H](n4cnc5c(N)ncnc54)[C@H](OP(=O)([O-])[O-])[C@@H]3O)[C@@H](O)[C@H]2O)c1.OC[C@@H](O)[C@H](O)[C@H](O)[C@@H](O)CO	1.0
NC(=O)C1=CN([C@@H]2O[C@H](COP(=O)([O-])OP(=O)([O-])OC[C@H]3O[C@@H](n4cnc5c(N)ncnc54)[C@H](OP(=O)([O-])[O-])[C@@H]3O)[C@@H](O)[C@H]2O)C=CC1.[Fe+3]>>NC(=O)c1ccc[n+]([C@@H]2O[C@H](COP(=O)([O-])OP(=O)([O-])OC[C@H]3O[C@@H](n4cnc5c(N)ncnc54)[C@H](OP(=O)([O-])[O-])[C@@H]3O)[C@@H](O)[C@H]2O)c1.[Fe+2].[H+]	1.0
NC(=O)C1=CN([C@@H]2O[C@H](COP(=O)([O-])OP(=O)([O-])OC[C@H]3O[C@@H](n4cnc5c(N)ncnc54)[C@H](OP(=O)([O-])[O-])[C@@H]3O)[C@@H](O)[C@H]2O)C=CC1.[H+].C=O>>NC(=O)c1ccc[n+]([C@@H]2O[C@H](COP(=O)([O-])OP(=O)([O-])OC[C@H]3O[C@@H](n4cnc5c(N)ncnc54)[C@H](OP(=O)([O-])[O-])[C@@H]3O)[C@@H](O)[C@H]2O)c1.O	1.0
NC(=O)C1=CN([C@@H]2O[C@H](COP(=O)([O-])OP(=O)([O-])OC[C@H]3O[C@@H](n4cnc5c(N)ncnc54)[C@H](OP(=O)([O-])[O-])[C@@H]3O)[C@@H](O)[C@H]2O)C=CC1.[H+].O=O.C>>NC(=O)c1ccc[n+]([C@@H]2O[C@H](COP(=O)([O-])OP(=O)([O-])OC[C@H]3O[C@@H](n4cnc5c(N)ncnc54)[C@H](OP(=O)([O-])[O-])[C@@H]3O)[C@@H](O)[C@H]2O)c1.CO.O	1.0
NC(=O)C1=CN([C@@H]2O[C@H](COP(=O)([O-])OP(=O)([O-])OC[C@H]3O[C@@H](n4cnc5c(N)ncnc54)[C@H](OP(=O)([O-])[O-])[C@@H]3O)[C@@H](O)[C@H]2O)C=CC1.[NH3+][C@@H](Cc1ccc(O)c(Br)c1)C(=O)[O-]>>NC(=O)c1ccc[n+]([C@@H]2O[C@H](COP(=O)([O-])OP(=O)([O-])OC[C@H]3O[C@@H](n4cnc5c(N)ncnc54)[C@H](OP(=O)([O-])[O-])[C@@H]3O)[C@@H](O)[C@H]2O)c1.[NH3+][C@@H](Cc1ccc(O)cc1)C(=O)[O-].[Br-]	1.0
NC(=O)C1=CN([C@@H]2O[C@H](COP(=O)([O-])OP(=O)([O-])OC[C@H]3O[C@@H](n4cnc5c(N)ncnc54)[C@H](OP(=O)([O-])[O-])[C@@H]3O)[C@@H](O)[C@H]2O)[C@@H](O)CC1>>NC(=O)C1=CN([C@@H]2O[C@H](COP(=O)([O-])OP(=O)([O-])OC[C@H]3O[C@@H](n4cnc5c(N)ncnc54)[C@H](OP(=O)([O-])[O-])[C@@H]3O)[C@@H](O)[C@H]2O)[C@H](O)CC1	1.0
NC(=O)CC(=O)CC(=O)CC(=O)CC(=O)CC(O)CC(=O)CC(=O)CC(=O)CC(=O)S>>CCOc1ccc2c3c1OC1C(O)C=CC4C(C2)N(C)CCC341.NNc1cnc(Cn2ccsc2=O)cn1	0.4578947424888611
NC(=O)CC[C@H]([NH3+])C(=O)[O-].O>>[NH3+][C@@H](CCC(=O)[O-])C(=O)[O-].[NH4+]	1.0
NC(=O)c1ccc[n+](C2OC(COP(=O)(O)OP(=O)(O)OCC3OC(n4cnc5c(N)ncnc54)C(OP(=O)(O)O)C3O)C(O)C2O)c1.O=CCC=O.O>>NC(=O)C1=CN(C2OC(COP(=O)(O)OP(=O)(O)OCC3OC(n4cnc5c(N)ncnc54)C(OP(=O)(O)O)C3O)C(O)C2O)C=CC1.O=CCC(=O)O.[H]	0.8795180916786194
NC(=O)c1ccc[n+](C2OC(COP(=O)(O)OP(=O)(O)OCC3OC(n4cnc5c(N)ncnc54)C(OP(=O)(O)O)C3O)C(O)C2O)c1.OC1C=CC=CC1O>>NC(=O)C1=CN(C2OC(COP(=O)(O)OP(=O)(O)OCC3OC(n4cnc5c(N)ncnc54)C(OP(=O)(O)O)C3O)C(O)C2O)C=CC1.Oc1ccccc1O.[H]	0.7976190447807312
NC(=O)c1ccc[n+]([C@@H]2O[C@H](COP(=O)(O)OP(=O)(O)OC[C@H]3O[C@@H](n4cnc5c(N)ncnc54)[C@H](O)[C@@H]3O)[C@@H](O)[C@H]2O)c1.CC(C)C=O.O>>NC(=O)C1=CN(C2OC(COP(=O)(O)OP(=O)(O)OCC3OC(n4cnc5c(N)ncnc54)C(O)C3O)C(O)C2O)C=CC1.CC(C)C(=O)O.[H]	0.9151515364646912
NC(=O)c1ccc[n+]([C@@H]2O[C@H](COP(=O)(O)OP(=O)(O)OC[C@H]3O[C@@H](n4cnc5c(N)ncnc54)[C@H](O)[C@@H]3O)[C@@H](O)[C@H]2O)c1.CC(C)CO>>NC(=O)C1=CN(C2OC(COP(=O)(O)OP(=O)(O)OCC3OC(n4cnc5c(N)ncnc54)C(O)C3O)C(O)C2O)C=CC1.CC(C)C=O.[H]	0.9303797483444214
NC(=O)c1ccc[n+]([C@@H]2O[C@H](COP(=O)(O)OP(=O)(O)OC[C@H]3O[C@@H](n4cnc5c(N)ncnc54)[C@H](O)[C@@H]3O)[C@@H](O)[C@H]2O)c1.CCCCCCO>>NC(=O)C1=CN(C2OC(COP(=O)(O)OP(=O)(O)OCC3OC(n4cnc5c(N)ncnc54)C(O)C3O)C(O)C2O)C=CC1.CCCCCC=O.[H]	1.0
NC(=O)c1ccc[n+]([C@@H]2O[C@H](COP(=O)(O)OP(=O)(O)OC[C@H]3O[C@@H](n4cnc5c(N)ncnc54)[C@H](O)[C@@H]3O)[C@@H](O)[C@H]2O)c1.CCCCCO>>NC(=O)C1=CN(C2OC(COP(=O)(O)OP(=O)(O)OCC3OC(n4cnc5c(N)ncnc54)C(O)C3O)C(O)C2O)C=CC1.CCCCC=O.[H]	0.9753086566925049
NC(=O)c1ccc[n+]([C@@H]2O[C@H](COP(=O)(O)OP(=O)(O)OC[C@H]3O[C@@H](n4cnc5c(N)ncnc54)[C@H](O)[C@@H]3O)[C@@H](O)[C@H]2O)c1.O=CC(O)CO.O>>NC(=O)C1=CN(C2OC(COP(=O)(O)OP(=O)(O)OCC3OC(n4cnc5c(N)ncnc54)C(O)C3O)C(O)C2O)C=CC1.O=C(O)[C@H](O)CO.[H]	0.871345043182373
NC(=O)c1ccc[n+]([C@@H]2O[C@H](COP(=O)(O)OP(=O)(O)OC[C@H]3O[C@@H](n4cnc5c(N)ncnc54)[C@H](OP(=O)(O)O)[C@@H]3O)[C@@H](O)[C@H]2O)c1.CC(=O)OOC(C)=O>>CN1C(=O)CN=C(c2ccccc2F)c2cc([N+](=O)[O-])ccc21.CCc1cc2c(s1)-n1c(C)nnc1CN=C2c1ccccc1Cl.COCc1cc(C(C)(C)C)c(O)c(C(C)(C)C)c1	0.8604651093482971
NC(=O)c1ccc[n+]([C@@H]2O[C@H](COP(=O)(O)OP(=O)(O)OC[C@H]3O[C@@H](n4cnc5c(N)ncnc54)[C@H](OP(=O)(O)O)[C@@H]3O)[C@@H](O)[C@H]2O)c1.CCCCCCCCCCCCCC(=O)OCCCC>>CN1C(=O)CN=C(c2ccccc2F)c2cc([N+](=O)[O-])ccc21.CCc1cc2c(s1)-n1c(C)nnc1CN=C2c1ccccc1Cl.CCCCCCOC(=O)CCCCC(=O)OCCCCCC	0.9652174115180969
NC(=O)c1ccc[n+]([C@@H]2O[C@H](COP(=O)(O)OP(=O)(O)OC[C@H]3O[C@@H](n4cnc5c(N)ncnc54)[C@H](OP(=O)(O)O)[C@@H]3O)[C@@H](O)[C@H]2O)c1.CCOc1ccc2ccccc2c1NC(=O)C1C(=O)N2C1SC(C)(C)C2C(=O)O.CCOc1ccc2c3c1OC1C(O)C=CC4C(C2)N(C)CCC341.CC1C(OC(=O)C(O)c2ccccc2)CCC(C)(C)N1C>>CN1C(=O)CN=C(c2ccccc2F)c2cc([N+](=O)[O-])ccc21.CCc1cc2c(s1)-n1c(C)nnc1CN=C2c1ccccc1Cl.[CH2-]C(C)C.[CH2-]C(C)C.[CH2-]C(C)C.[Al+3].O=O	0.8066298365592957
NC(=O)c1ccc[n+]([C@@H]2O[C@H](COP(=O)(O)OP(=O)(O)OC[C@H]3O[C@@H](n4cnc5c(N)ncnc54)[C@H](OP(=O)(O)O)[C@@H]3O)[C@@H](O)[C@H]2O)c1.C[C@@H]1O[C@H](OP(=O)(O)OP(=O)(O)OC[C@H]2OC(n3ccc(=O)[nH]c3=O)[C@H](O)[C@@H]2O)[C@H](O)[C@H](O)[C@H]1O>>CN1C(=O)CN=C(c2ccccc2F)c2cc([N+](=O)[O-])ccc21.CCc1cc2c(s1)-n1c(C)nnc1CN=C2c1ccccc1Cl.CCOC(=O)c1ccccc1C(=O)OCC	0.8606060743331909
NC(=O)c1ccc[n+]([C@@H]2O[C@H](COP(=O)(O)OP(=O)(O)OC[C@H]3O[C@@H](n4cnc5c(N)ncnc54)[C@H](OP(=O)(O)O)[C@@H]3O)[C@@H](O)[C@H]2O)c1.C[C@]12CCC(=O)C[C@H]1CC[C@@H]1[C@@H]2[C@@H](O)C[C@@]2(C)[C@H]1CC[C@]2(O)C(=O)CO>>C[C@]12CCC(=O)C=C1CC[C@@H]1[C@@H]2[C@@H](O)C[C@@]2(C)[C@H]1CC[C@]2(O)C(=O)CO.CN1C(=O)CN=C(c2ccccc2F)c2cc([N+](=O)[O-])ccc21.CCc1cc2c(s1)-n1c(C)nnc1CN=C2c1ccccc1Cl	0.879858672618866
NC(=O)c1ccc[n+]([C@@H]2O[C@H](COP(=O)(O)OP(=O)(O)OC[C@H]3O[C@@H](n4cnc5c(N)ncnc54)[C@H](OP(=O)(O)O)[C@@H]3O)[C@@H](O)[C@H]2O)c1.Cc1cnccn1>>CN1C(=O)CN=C(c2ccccc2F)c2cc([N+](=O)[O-])ccc21.O=C1OC(=O)C2C1C1(Cl)C(Cl)=C(Cl)C2(Cl)C1(Cl)Cl.CCc1cc2c(s1)-n1c(C)nnc1CN=C2c1ccccc1Cl	0.847328245639801
NC(=O)c1ccc[n+]([C@@H]2O[C@H](COP(=O)(O)OP(=O)(O)OC[C@H]3O[C@@H](n4cnc5c(N)ncnc54)[C@H](OP(=O)(O)O)[C@@H]3O)[C@@H](O)[C@H]2O)c1.O=C1CN=C(c2ccccc2)c2cc(Cl)ccc2N1CCN1CCCCC1.O=C(O)C=CC(=O)O>>CN1C(=O)CN=C(c2ccccc2F)c2cc([N+](=O)[O-])ccc21.O=C1CN=C(c2ccccc2)c2cc(Cl)ccc2N1CCN1CCCC1.CCc1cc2c(s1)-n1c(C)nnc1CN=C2c1ccccc1Cl	0.8429751992225647
NC(=O)c1ccc[n+]([C@@H]2O[C@H](COP(=O)([O-])OP(=O)([O-])OC[C@H]3O[C@@H](n4cnc5c(N)ncnc54)[C@H](O)[C@@H]3O)[C@@H](O)[C@H]2O)c1.CC(=O)NCCCC[C@H](N)C=O.O>>CC(=O)O[C@H]1C(O)O[C@H](COP(=O)([O-])OP(=O)([O-])OC[C@H]2O[C@@H](n3cnc4c(N)ncnc43)[C@H](O)[C@@H]2O)[C@H]1O.N[C@H](C=O)CCCC[NH3+].NC(=O)c1cccnc1	1.0
NC(=O)c1ccc[n+]([C@@H]2O[C@H](COP(=O)([O-])OP(=O)([O-])OC[C@H]3O[C@@H](n4cnc5c(N)ncnc54)[C@H](O)[C@@H]3O)[C@@H](O)[C@H]2O)c1.COc1c(O)c(C)c(CC=C(C)C)c(O)c1OC.[H+]>>NC(=O)C1=CN([C@@H]2O[C@H](COP(=O)([O-])OP(=O)([O-])OC[C@H]3O[C@@H](n4cnc5c(N)ncnc54)[C@H](O)[C@@H]3O)[C@@H](O)[C@H]2O)C=CC1.COC1=C(OC)C(=O)C(CC=C(C)C)=C(C)C1=O.[H+]	1.0
NC(=O)c1ccc[n+]([C@@H]2O[C@H](COP(=O)([O-])OP(=O)([O-])OC[C@H]3O[C@@H](n4cnc5c(N)ncnc54)[C@H](O)[C@@H]3O)[C@@H](O)[C@H]2O)c1.COc1c(O)c(C)c(CC=C(C)C)c(O)c1OC.[Na+]>>NC(=O)C1=CN([C@@H]2O[C@H](COP(=O)([O-])OP(=O)([O-])OC[C@H]3O[C@@H](n4cnc5c(N)ncnc54)[C@H](O)[C@@H]3O)[C@@H](O)[C@H]2O)C=CC1.COC1=C(OC)C(=O)C(CC=C(C)C)=C(C)C1=O.[Na+].[H+]	1.0
NC(=O)c1ccc[n+]([C@@H]2O[C@H](COP(=O)([O-])OP(=O)([O-])OC[C@H]3O[C@@H](n4cnc5c(N)ncnc54)[C@H](O)[C@@H]3O)[C@@H](O)[C@H]2O)c1.C[C@]12CC[C@@H](O)C[C@@H]1CC[C@@H]1[C@@H]2CC[C@]2(C)[C@@H](O)CC[C@@H]12>>NC(=O)C1=CN([C@@H]2O[C@H](COP(=O)([O-])OP(=O)([O-])OC[C@H]3O[C@@H](n4cnc5c(N)ncnc54)[C@H](O)[C@@H]3O)[C@@H](O)[C@H]2O)C=CC1.C[C@]12CC[C@@H](O)C[C@@H]1CC[C@@H]1[C@@H]2CC[C@]2(C)C(=O)CC[C@@H]12.[H+]	1.0
NC(=O)c1ccc[n+]([C@@H]2O[C@H](COP(=O)([O-])OP(=O)([O-])OC[C@H]3O[C@@H](n4cnc5c(N)ncnc54)[C@H](O)[C@@H]3O)[C@@H](O)[C@H]2O)c1.N[C@H](C=O)CC(=O)[O-]>>Nc1ncnc2c1ncn2[C@@H]1O[C@H](COP(=O)([O-])OP(=O)([O-])OC[C@H]2OC(OC(=O)C[C@H](N)C=O)[C@H](O)[C@@H]2O)[C@@H](O)[C@H]1O.NC(=O)c1cccnc1	1.0
NC(=O)c1ccc[n+]([C@@H]2O[C@H](COP(=O)([O-])OP(=O)([O-])OC[C@H]3O[C@@H](n4cnc5c(N)ncnc54)[C@H](O)[C@@H]3O)[C@@H](O)[C@H]2O)c1.Nc1ncnc2c1ncn2[C@@H]1O[C@H](COP(=O)([O-])OP(=O)([O-])OP(=O)([O-])[O-])[C@@H](O)[C@H]1O>>NC(=O)c1ccc[n+]([C@@H]2O[C@H](COP(=O)([O-])OP(=O)([O-])OC[C@H]3O[C@@H](n4cnc5c(N)ncnc54)[C@H](OP(=O)([O-])[O-])[C@@H]3O)[C@@H](O)[C@H]2O)c1.Nc1ncnc2c1ncn2[C@@H]1O[C@H](COP(=O)([O-])OP(=O)([O-])[O-])[C@@H](O)[C@H]1O.[H+]	1.0
NC(=O)c1ccc[n+]([C@@H]2O[C@H](COP(=O)([O-])OP(=O)([O-])OC[C@H]3O[C@@H](n4cnc5c(N)ncnc54)[C@H](O)[C@@H]3O)[C@@H](O)[C@H]2O)c1.O=C([O-])C[C@H](O)C(=O)[O-]>>NC(=O)C1=CN([C@@H]2O[C@H](COP(=O)([O-])OP(=O)([O-])OC[C@H]3O[C@@H](n4cnc5c(N)ncnc54)[C@H](O)[C@@H]3O)[C@@H](O)[C@H]2O)C=CC1.CC(=O)C(=O)[O-].O=C=O	1.0
NC(=O)c1ccc[n+]([C@@H]2O[C@H](COP(=O)([O-])OP(=O)([O-])OC[C@H]3O[C@@H](n4cnc5c(N)ncnc54)[C@H](O)[C@@H]3O)[C@@H](O)[C@H]2O)c1.O=C([O-])C[C@H](O)C(=O)[O-]>>NC(=O)C1=CN([C@@H]2O[C@H](COP(=O)([O-])OP(=O)([O-])OC[C@H]3O[C@@H](n4cnc5c(N)ncnc54)[C@H](O)[C@@H]3O)[C@@H](O)[C@H]2O)C=CC1.O=C([O-])CC(=O)C(=O)[O-].[H+]	1.0
NC(=O)c1ccc[n+]([C@@H]2O[C@H](COP(=O)([O-])OP(=O)([O-])OC[C@H]3O[C@@H](n4cnc5c(N)ncnc54)[C@H](O)[C@@H]3O)[C@@H](O)[C@H]2O)c1.O=C([O-])[C@@H](O)[C@H](O)[C@H](O)[C@H](O)CO>>NC(=O)C1=CN([C@@H]2O[C@H](COP(=O)([O-])OP(=O)([O-])OC[C@H]3O[C@@H](n4cnc5c(N)ncnc54)[C@H](O)[C@@H]3O)[C@@H](O)[C@H]2O)C=CC1.O=C([O-])[C@@H](O)[C@H](O)[C@H](O)C(=O)CO.[H+]	1.0
NC(=O)c1ccc[n+]([C@@H]2O[C@H](COP(=O)([O-])OP(=O)([O-])OC[C@H]3O[C@@H](n4cnc5c(N)ncnc54)[C@H](O)[C@@H]3O)[C@@H](O)[C@H]2O)c1.O=C([O-])[C@@H]1CCC[NH2+]1>>NC(=O)C1=CN([C@@H]2O[C@H](COP(=O)([O-])OP(=O)([O-])OC[C@H]3O[C@@H](n4cnc5c(N)ncnc54)[C@H](O)[C@@H]3O)[C@@H](O)[C@H]2O)C=CC1.O=C([O-])[C@@H]1CCC=N1.[H+]	1.0
NC(=O)c1ccc[n+]([C@@H]2O[C@H](COP(=O)([O-])OP(=O)([O-])OC[C@H]3O[C@@H](n4cnc5c(N)ncnc54)[C@H](O)[C@@H]3O)[C@@H](O)[C@H]2O)c1.O=C([O-])[C@H](O)CO>>NC(=O)C1=CN([C@@H]2O[C@H](COP(=O)([O-])OP(=O)([O-])OC[C@H]3O[C@@H](n4cnc5c(N)ncnc54)[C@H](O)[C@@H]3O)[C@@H](O)[C@H]2O)C=CC1.O=C([O-])C(=O)CO.[H+]	1.0
NC(=O)c1ccc[n+]([C@@H]2O[C@H](COP(=O)([O-])OP(=O)([O-])OC[C@H]3O[C@@H](n4cnc5c(N)ncnc54)[C@H](O)[C@@H]3O)[C@@H](O)[C@H]2O)c1.O=C[C@H](O)COP(=O)([O-])[O-].O=P([O-])([O-])O>>NC(=O)C1=CN([C@@H]2O[C@H](COP(=O)([O-])OP(=O)([O-])OC[C@H]3O[C@@H](n4cnc5c(N)ncnc54)[C@H](O)[C@@H]3O)[C@@H](O)[C@H]2O)C=CC1.O=C(OP(=O)([O-])[O-])[C@H](O)COP(=O)([O-])[O-].[H+]	1.0
NC(=O)c1ccc[n+]([C@@H]2O[C@H](COP(=O)([O-])OP(=O)([O-])OC[C@H]3O[C@@H](n4cnc5c(N)ncnc54)[C@H](O)[C@@H]3O)[C@@H](O)[C@H]2O)c1.Oc1ccc(O)cc1.[H+]>>NC(=O)C1=CN([C@@H]2O[C@H](COP(=O)([O-])OP(=O)([O-])OC[C@H]3O[C@@H](n4cnc5c(N)ncnc54)[C@H](O)[C@@H]3O)[C@@H](O)[C@H]2O)C=CC1.O=C1C=CC(=O)C=C1.[H+]	1.0
NC(=O)c1ccc[n+]([C@@H]2O[C@H](COP(=O)([O-])OP(=O)([O-])OC[C@H]3O[C@@H](n4cnc5c(N)ncnc54)[C@H](O)[C@@H]3O)[C@@H](O)[C@H]2O)c1.[NH3+]CC(=O)[O-].N[C@H](C=O)CS>>Cc1nc(C(=O)[O-])sc1CCOP(=O)([O-])OP(=O)([O-])OC[C@H]1O[C@@H](n2cnc3c(N)ncnc32)[C@H](O)[C@@H]1O.NC(=O)c1cccnc1.C=C(N)C=O.[H+].O	1.0
NC(=O)c1ccc[n+]([C@@H]2O[C@H](COP(=O)([O-])OP(=O)([O-])OC[C@H]3O[C@@H](n4cnc5c(N)ncnc54)[C@H](O)[C@@H]3O)[C@@H](O)[C@H]2O)c1.[NH3+]CCCC=O.O>>NC(=O)C1=CN([C@@H]2O[C@H](COP(=O)([O-])OP(=O)([O-])OC[C@H]3O[C@@H](n4cnc5c(N)ncnc54)[C@H](O)[C@@H]3O)[C@@H](O)[C@H]2O)C=CC1.[NH3+]CCCC(=O)[O-].[H+]	1.0
NC(=O)c1ccc[n+]([C@@H]2O[C@H](COP(=O)([O-])OP(=O)([O-])OC[C@H]3O[C@@H](n4cnc5c(N)ncnc54)[C@H](OP(=O)([O-])[O-])[C@@H]3O)[C@@H](O)[C@H]2O)c1.C/C=C/C=C/CO>>NC(=O)C1=CN([C@@H]2O[C@H](COP(=O)([O-])OP(=O)([O-])OC[C@H]3O[C@@H](n4cnc5c(N)ncnc54)[C@H](OP(=O)([O-])[O-])[C@@H]3O)[C@@H](O)[C@H]2O)C=CC1.C/C=C/C=C/C=O.[H+]	1.0
NC(=O)c1ccc[n+]([C@@H]2O[C@H](COP(=O)([O-])OP(=O)([O-])OC[C@H]3O[C@@H](n4cnc5c(N)ncnc54)[C@H](OP(=O)([O-])[O-])[C@@H]3O)[C@@H](O)[C@H]2O)c1.CC(=O)N[C@@H](CCC=O)C(=O)[O-].O=P([O-])([O-])O>>NC(=O)C1=CN([C@@H]2O[C@H](COP(=O)([O-])OP(=O)([O-])OC[C@H]3O[C@@H](n4cnc5c(N)ncnc54)[C@H](OP(=O)([O-])[O-])[C@@H]3O)[C@@H](O)[C@H]2O)C=CC1.CC(=O)N[C@@H](CCC(=O)OP(=O)([O-])[O-])C(=O)[O-].[H+]	1.0
NC(=O)c1ccc[n+]([C@@H]2O[C@H](COP(=O)([O-])OP(=O)([O-])OC[C@H]3O[C@@H](n4cnc5c(N)ncnc54)[C@H](OP(=O)([O-])[O-])[C@@H]3O)[C@@H](O)[C@H]2O)c1.CC(C)=CCc1cc(O)c(C)c(C)c1O.[H+]>>NC(=O)C1=CN([C@@H]2O[C@H](COP(=O)([O-])OP(=O)([O-])OC[C@H]3O[C@@H](n4cnc5c(N)ncnc54)[C@H](OP(=O)([O-])[O-])[C@@H]3O)[C@@H](O)[C@H]2O)C=CC1.CC(C)=CCC1=CC(=O)C(C)=C(C)C1=O.[H+]	1.0
NC(=O)c1ccc[n+]([C@@H]2O[C@H](COP(=O)([O-])OP(=O)([O-])OC[C@H]3O[C@@H](n4cnc5c(N)ncnc54)[C@H](OP(=O)([O-])[O-])[C@@H]3O)[C@@H](O)[C@H]2O)c1.CC/C=C/CC(=O)SCCNC(=O)CCNC(=O)[C@H](O)C(C)(C)COP(=O)([O-])OP(=O)([O-])OC[C@H]1O[C@@H](n2cnc3c(N)ncnc32)[C@H](O)[C@@H]1OP(=O)([O-])[O-]>>NC(=O)C1=CN([C@@H]2O[C@H](COP(=O)([O-])OP(=O)([O-])OC[C@H]3O[C@@H](n4cnc5c(N)ncnc54)[C@H](OP(=O)([O-])[O-])[C@@H]3O)[C@@H](O)[C@H]2O)C=CC1.C/C=C/C=C/C(=O)SCCNC(=O)CCNC(=O)[C@H](O)C(C)(C)COP(=O)([O-])OP(=O)([O-])OC[C@H]1O[C@@H](n2cnc3c(N)ncnc32)[C@H](O)[C@@H]1OP(=O)([O-])[O-].[H+]	1.0
NC(=O)c1ccc[n+]([C@@H]2O[C@H](COP(=O)([O-])OP(=O)([O-])OC[C@H]3O[C@@H](n4cnc5c(N)ncnc54)[C@H](OP(=O)([O-])[O-])[C@@H]3O)[C@@H](O)[C@H]2O)c1.CC12CCCC1C1CCC3C[C@H](O)CCC3(C)C1CC2>>NC(=O)C1=CN([C@@H]2O[C@H](COP(=O)([O-])OP(=O)([O-])OC[C@H]3O[C@@H](n4cnc5c(N)ncnc54)[C@H](OP(=O)([O-])[O-])[C@@H]3O)[C@@H](O)[C@H]2O)C=CC1.CC12CCCC1C1CCC3CC(=O)CCC3(C)C1CC2.[H+]	1.0
NC(=O)c1ccc[n+]([C@@H]2O[C@H](COP(=O)([O-])OP(=O)([O-])OC[C@H]3O[C@@H](n4cnc5c(N)ncnc54)[C@H](OP(=O)([O-])[O-])[C@@H]3O)[C@@H](O)[C@H]2O)c1.CC1=C(/C=C/C(C)=C\C=C\C(C)=C\CO)C(C)(C)CCC1>>NC(=O)C1=CN([C@@H]2O[C@H](COP(=O)([O-])OP(=O)([O-])OC[C@H]3O[C@@H](n4cnc5c(N)ncnc54)[C@H](OP(=O)([O-])[O-])[C@@H]3O)[C@@H](O)[C@H]2O)C=CC1.CC1=C(/C=C/C(C)=C\C=C\C(C)=C\C=O)C(C)(C)CCC1.[H+]	1.0
NC(=O)c1ccc[n+]([C@@H]2O[C@H](COP(=O)([O-])OP(=O)([O-])OC[C@H]3O[C@@H](n4cnc5c(N)ncnc54)[C@H](OP(=O)([O-])[O-])[C@@H]3O)[C@@H](O)[C@H]2O)c1.CCC/C=C/CO>>NC(=O)C1=CN([C@@H]2O[C@H](COP(=O)([O-])OP(=O)([O-])OC[C@H]3O[C@@H](n4cnc5c(N)ncnc54)[C@H](OP(=O)([O-])[O-])[C@@H]3O)[C@@H](O)[C@H]2O)C=CC1.CCC/C=C/C=O.[H+]	1.0
NC(=O)c1ccc[n+]([C@@H]2O[C@H](COP(=O)([O-])OP(=O)([O-])OC[C@H]3O[C@@H](n4cnc5c(N)ncnc54)[C@H](OP(=O)([O-])[O-])[C@@H]3O)[C@@H](O)[C@H]2O)c1.CCCCCCCC(=O)SCCNC(=O)CCNC(=O)[C@H](O)C(C)(C)COP(=O)([O-])OC[C@H](N)C=O>>NC(=O)C1=CN([C@@H]2O[C@H](COP(=O)([O-])OP(=O)([O-])OC[C@H]3O[C@@H](n4cnc5c(N)ncnc54)[C@H](OP(=O)([O-])[O-])[C@@H]3O)[C@@H](O)[C@H]2O)C=CC1.CCCCC/C=C/C(=O)SCCNC(=O)CCNC(=O)[C@H](O)C(C)(C)COP(=O)([O-])OC[C@H](N)C=O.[H+]	1.0
NC(=O)c1ccc[n+]([C@@H]2O[C@H](COP(=O)([O-])OP(=O)([O-])OC[C@H]3O[C@@H](n4cnc5c(N)ncnc54)[C@H](OP(=O)([O-])[O-])[C@@H]3O)[C@@H](O)[C@H]2O)c1.CCCCCCCCCCCCCCCC(=O)OC[C@H](COP(=O)([O-])OCC[N+](C)(C)C)OC(=O)CCCCCCCCO>>NC(=O)C1=CN([C@@H]2O[C@H](COP(=O)([O-])OP(=O)([O-])OC[C@H]3O[C@@H](n4cnc5c(N)ncnc54)[C@H](OP(=O)([O-])[O-])[C@@H]3O)[C@@H](O)[C@H]2O)C=CC1.CCCCCCCCCCCCCCCC(=O)OC[C@H](COP(=O)([O-])OCC[N+](C)(C)C)OC(=O)CCCCCCCC=O.[H+]	1.0
NC(=O)c1ccc[n+]([C@@H]2O[C@H](COP(=O)([O-])OP(=O)([O-])OC[C@H]3O[C@@H](n4cnc5c(N)ncnc54)[C@H](OP(=O)([O-])[O-])[C@@H]3O)[C@@H](O)[C@H]2O)c1.CCCCC[C@H](O)/C=C/[C@@H]1[C@@H](C/C=C\CCCC(=O)[O-])[C@@H](O)C[C@@H]1O>>NC(=O)C1=CN([C@@H]2O[C@H](COP(=O)([O-])OP(=O)([O-])OC[C@H]3O[C@@H](n4cnc5c(N)ncnc54)[C@H](OP(=O)([O-])[O-])[C@@H]3O)[C@@H](O)[C@H]2O)C=CC1.CCCCC[C@H](O)/C=C/[C@H]1C(=O)C[C@H](O)[C@@H]1C/C=C\CCCC(=O)[O-].[H+]	1.0
NC(=O)c1ccc[n+]([C@@H]2O[C@H](COP(=O)([O-])OP(=O)([O-])OC[C@H]3O[C@@H](n4cnc5c(N)ncnc54)[C@H](OP(=O)([O-])[O-])[C@@H]3O)[C@@H](O)[C@H]2O)c1.C[C@H](O)[C@H]1CC[C@H]2[C@@H]3CC[C@@H]4CC(=O)CC[C@]4(C)[C@H]3CC[C@]12C>>NC(=O)C1=CN([C@@H]2O[C@H](COP(=O)([O-])OP(=O)([O-])OC[C@H]3O[C@@H](n4cnc5c(N)ncnc54)[C@H](OP(=O)([O-])[O-])[C@@H]3O)[C@@H](O)[C@H]2O)C=CC1.CC(=O)[C@H]1CC[C@H]2[C@@H]3CC[C@@H]4CC(=O)CC[C@]4(C)[C@H]3CC[C@]12C.[H+]	1.0
NC(=O)c1ccc[n+]([C@@H]2O[C@H](COP(=O)([O-])OP(=O)([O-])OC[C@H]3O[C@@H](n4cnc5c(N)ncnc54)[C@H](OP(=O)([O-])[O-])[C@@H]3O)[C@@H](O)[C@H]2O)c1.C[C@H](O)[C@H]1CC[C@H]2[C@@H]3CC[C@H]4C[C@H](O)CC[C@]4(C)[C@H]3CC[C@]12C>>NC(=O)C1=CN([C@@H]2O[C@H](COP(=O)([O-])OP(=O)([O-])OC[C@H]3O[C@@H](n4cnc5c(N)ncnc54)[C@H](OP(=O)([O-])[O-])[C@@H]3O)[C@@H](O)[C@H]2O)C=CC1.C[C@H](O)[C@H]1CC[C@H]2[C@@H]3CC[C@H]4CC(=O)CC[C@]4(C)[C@H]3CC[C@]12C.[H+]	1.0
NC(=O)c1ccc[n+]([C@@H]2O[C@H](COP(=O)([O-])OP(=O)([O-])OC[C@H]3O[C@@H](n4cnc5c(N)ncnc54)[C@H](OP(=O)([O-])[O-])[C@@H]3O)[C@@H](O)[C@H]2O)c1.C[C@](O)(CO)[C@H](O)COP(=O)([O-])[O-]>>NC(=O)C1=CN([C@@H]2O[C@H](COP(=O)([O-])OP(=O)([O-])OC[C@H]3O[C@@H](n4cnc5c(N)ncnc54)[C@H](OP(=O)([O-])[O-])[C@@H]3O)[C@@H](O)[C@H]2O)C=CC1.CC(=O)[C@@H](O)[C@H](O)COP(=O)([O-])[O-].[H+]	1.0
NC(=O)c1ccc[n+]([C@@H]2O[C@H](COP(=O)([O-])OP(=O)([O-])OC[C@H]3O[C@@H](n4cnc5c(N)ncnc54)[C@H](OP(=O)([O-])[O-])[C@@H]3O)[C@@H](O)[C@H]2O)c1.C[C@]12CCC(=O)C=C1CC[C@@H]1[C@@H]2[C@@H](O)C[C@@]2(C)[C@H]1CC[C@]2(O)C(=O)CO>>NC(=O)C1=CN([C@@H]2O[C@H](COP(=O)([O-])OP(=O)([O-])OC[C@H]3O[C@@H](n4cnc5c(N)ncnc54)[C@H](OP(=O)([O-])[O-])[C@@H]3O)[C@@H](O)[C@H]2O)C=CC1.C[C@]12CCC(=O)C=C1CC[C@@H]1[C@@H]2C(=O)C[C@@]2(C)[C@H]1CC[C@]2(O)C(=O)CO.[H+]	1.0
NC(=O)c1ccc[n+]([C@@H]2O[C@H](COP(=O)([O-])OP(=O)([O-])OC[C@H]3O[C@@H](n4cnc5c(N)ncnc54)[C@H](OP(=O)([O-])[O-])[C@@H]3O)[C@@H](O)[C@H]2O)c1.C[C@]12CC[C@@H](O)C[C@@H]1CC[C@@H]1[C@@H]2CC[C@]2(C)[C@@H](OS(=O)(=O)[O-])CC[C@@H]12>>NC(=O)C1=CN([C@@H]2O[C@H](COP(=O)([O-])OP(=O)([O-])OC[C@H]3O[C@@H](n4cnc5c(N)ncnc54)[C@H](OP(=O)([O-])[O-])[C@@H]3O)[C@@H](O)[C@H]2O)C=CC1.C[C@]12CCC(=O)C[C@@H]1CC[C@@H]1[C@@H]2CC[C@]2(C)[C@@H](OS(=O)(=O)[O-])CC[C@@H]12.[H+]	1.0
NC(=O)c1ccc[n+]([C@@H]2O[C@H](COP(=O)([O-])OP(=O)([O-])OC[C@H]3O[C@@H](n4cnc5c(N)ncnc54)[C@H](OP(=O)([O-])[O-])[C@@H]3O)[C@@H](O)[C@H]2O)c1.C[C@]12CC[C@H](O)C[C@@H]1CC[C@@H]1[C@@H]2CC[C@]2(C)[C@@H](OS(=O)(=O)[O-])CC[C@@H]12>>NC(=O)C1=CN([C@@H]2O[C@H](COP(=O)([O-])OP(=O)([O-])OC[C@H]3O[C@@H](n4cnc5c(N)ncnc54)[C@H](OP(=O)([O-])[O-])[C@@H]3O)[C@@H](O)[C@H]2O)C=CC1.C[C@]12CCC(=O)C[C@@H]1CC[C@@H]1[C@@H]2CC[C@]2(C)[C@@H](OS(=O)(=O)[O-])CC[C@@H]12.[H+]	1.0
NC(=O)c1ccc[n+]([C@@H]2O[C@H](COP(=O)([O-])OP(=O)([O-])OC[C@H]3O[C@@H](n4cnc5c(N)ncnc54)[C@H](OP(=O)([O-])[O-])[C@@H]3O)[C@@H](O)[C@H]2O)c1.O=C([O-])C1=C[C@@H](O)[C@@H](O)[C@H](O)C1>>NC(=O)C1=CN([C@@H]2O[C@H](COP(=O)([O-])OP(=O)([O-])OC[C@H]3O[C@@H](n4cnc5c(N)ncnc54)[C@H](OP(=O)([O-])[O-])[C@@H]3O)[C@@H](O)[C@H]2O)C=CC1.O=C([O-])C1=CC(=O)[C@@H](O)[C@H](O)C1.[H+]	1.0
NC(=O)c1ccc[n+]([C@@H]2O[C@H](COP(=O)([O-])OP(=O)([O-])OC[C@H]3O[C@@H](n4cnc5c(N)ncnc54)[C@H](OP(=O)([O-])[O-])[C@@H]3O)[C@@H](O)[C@H]2O)c1.O=C([O-])[C@H](O)[C@@H](O)[C@H](O)[C@@H](O)CO>>NC(=O)C1=CN([C@@H]2O[C@H](COP(=O)([O-])OP(=O)([O-])OC[C@H]3O[C@@H](n4cnc5c(N)ncnc54)[C@H](OP(=O)([O-])[O-])[C@@H]3O)[C@@H](O)[C@H]2O)C=CC1.O=C([O-])C(=O)[C@@H](O)[C@H](O)[C@@H](O)CO.[H+]	1.0
NC(=O)c1ccc[n+]([C@@H]2O[C@H](COP(=O)([O-])OP(=O)([O-])OC[C@H]3O[C@@H](n4cnc5c(N)ncnc54)[C@H](OP(=O)([O-])[O-])[C@@H]3O)[C@@H](O)[C@H]2O)c1.Oc1ccc([C@H]2Oc3cc(O)cc(O)c3[C@H](O)[C@@H]2O)cc1>>NC(=O)C1=CN([C@@H]2O[C@H](COP(=O)([O-])OP(=O)([O-])OC[C@H]3O[C@@H](n4cnc5c(N)ncnc54)[C@H](OP(=O)([O-])[O-])[C@@H]3O)[C@@H](O)[C@H]2O)C=CC1.O=C1c2c(O)cc(O)cc2O[C@H](c2ccc(O)cc2)[C@H]1O.[H+]	1.0
NC(=O)c1ccc[n+]([C@@H]2O[C@H](COP(=O)([O-])[O-])[C@@H](O)[C@H]2O)c1.Nc1ncnc2c1ncn2[C@@H]1O[C@H](COP(=O)([O-])[O-])[C@@H](O)[C@H]1O.[H+]>>NC(=O)c1ccc[n+]([C@@H]2O[C@H](COP(=O)([O-])OP(=O)([O-])OC[C@H]3O[C@@H](n4cnc5c(N)ncnc54)[C@H](O)[C@@H]3O)[C@@H](O)[C@H]2O)c1.O	1.0
NC(=O)c1nc(F)cn([C@@H]2O[C@H](COP(=O)(O)OP(=O)(O)OP(=O)(O)O)[C@@H](O)[C@H]2O)c1=O.O=P(O)(O)OCC1OCC(O)C1OP(=O)(O)OCC1OCC(O)C1OP(=O)(O)OCC1OCC(O)C1O>>O=P(O)(O)OCC1OCC(O)C1OP(=O)(O)OCC1OCC(O)C1OP(=O)(O)OCC1OCC(O)C1O.O=P(O)(O)OP(=O)(O)O	0.343137264251709
NC(=[NH2+])NCCC[C@H]([NH3+])C(=O)[O-].O>>[NH3+]CCC[C@H]([NH3+])C(=O)[O-].NC(N)=O	1.0
NC(=[NH2+])NCC[C@H](O)[C@H]([NH3+])C(=O)[O-].O=C([O-])CCC(=O)[O-].O=C=O>>NC(=[NH2+])NCCC[C@H]([NH3+])C(=O)[O-].O=C([O-])CCC(=O)C(=O)[O-].O=O	1.0
NC(Cc1ccccc1)C(=O)O.O=O.O>>O=C(O)C(=O)Cc1ccccc1.OO.N	1.0
NC(N)=O.[H+].O>>O=C([O-])O.[NH4+]	1.0
NC(N)=O>>N#CN.O	1.0
NC1=NC(=O)C2=NC(=O)N([C@H]3C[C@H](O)[C@@H](COP(=O)([O-])OP(=O)([O-])OP(=O)([O-])[O-])O3)C2=N1.O>>NC1=NC(=O)C2=NC(=O)N([C@H]3C[C@H](O)[C@@H](COP(=O)([O-])[O-])O3)C2=N1.O=P([O-])([O-])OP(=O)([O-])O.[H+]	1.0
NCC(=O)N[C@@H](CCC(=O)[O-])C(=O)[O-].[NH3+][C@@H](CCC(=O)[O-])C(=O)[O-]>>NCC(=O)N[C@@H](CCC(=O)[O-])C(=O)N[C@@H](CCC(=O)[O-])C(=O)[O-].O	1.0
NCCCCCN(O)C(=O)CCC(=O)NCCCCCN(O)C(=O)CCC(=O)NCCCCCN(O)C(=O)CCC(=O)O.C#CC1(OC(C)=O)CCC2C3CCC4=CC(OC(C)=O)CCC4C3CCC21C>>Cc1cc(-c2ccc(N=Nc3ccc4c(S(=O)(=O)O)cc(S(=O)(=O)O)c(N)c4c3O)c(C)c2)ccc1N=Nc1ccc2c(S(=O)(=O)O)cc(S(=O)(=O)O)c(N)c2c1O.O=C1CCC(=O)N(O)CCCCCNC(=O)CCC(=O)N(O)CCCCCNC(=O)CCC(=O)N(O)CCCCCN1.C=CC(O)C#CC#CCC=CCCCCCCC	0.8636363744735718
NNC(=O)c1ccc(C(OCCOCCO)c2ccc(C(=O)NN)cc2)cc1.N#CC(C#N)=NNc1ccc(OC(F)(F)F)cc1>>O=C(O)Cc1ccc(-c2ccccc2)cc1.Cc1ccc2sc(C)nc2c1	0.47580644488334656
N[C@@H](Cc1ccc(O)cc1)C(=O)O.O=O>>CN1CCC23c4c5ccc(O)c4OC2C(=O)CCC3C1C5	0.475862056016922
N[C@H](C=O)CCCCNC(=O)CCCC[C@@H](S)CCSC(=O)CCC(=O)[O-].O=C=O>>N[C@H](C=O)CCCCNC(=O)CCCC[C@@H]1CCSS1.O=C([O-])CCC(=O)C(=O)[O-].[H+]	1.0
N[C@H](C=O)COP(=O)([O-])[O-].O>>O=P([O-])([O-])O.N[C@H](C=O)CO	1.0
N[C@H](C=O)Cc1ccc(OP(=O)([O-])[O-])cc1.O>>N[C@H](C=O)Cc1ccc(O)cc1.O=P([O-])([O-])O	1.0
Nc1ccc(Cl)cc1O.O=O>>[NH3+]/C(=C/C=C(/Cl)C=O)C(=O)[O-]	1.0
Nc1ccccc1C(=O)C[C@H]([NH3+])C(=O)[O-].O=C([O-])C(=O)Cc1ccccc1>>[NH3+][C@@H](Cc1ccccc1)C(=O)[O-].O=C([O-])c1cc(O)c2ccccc2n1.O	1.0
Nc1ccn(C2OC(COP(=O)(O)OP(=O)(O)OP(=O)(O)O)C(O)C2O)c(=O)n1.O=C(O)C(O)COP(=O)(O)O>>Nc1ccn(C2OC(COP(=O)(O)OP(=O)(O)O)C(O)C2O)c(=O)n1.O=C(OP(=O)(O)O)C(O)COP(=O)(O)O	1.0
Nc1ccn([C@@H]2O[C@H](COP(=O)([O-])OP(=O)([O-])OP(=O)([O-])[O-])[C@@H](O)[C@H]2F)c(=O)n1.O=P(O)(O)OCC1OCC(O)C1OP(=O)(O)OCC1OCC(O)C1OP(=O)(O)OCC1OCC(O)C1O>>O=P(O)(O)OCC1OCC(O)C1OP(=O)(O)OCC1OCC(O)C1OP(=O)(O)OCC1OCC(O)C1O.O=P(O)(O)OP(=O)(O)O	0.30708661675453186
Nc1ccn([C@@H]2O[C@H](COP(=O)([O-])OP(=O)([O-])OP(=O)([O-])[O-])[C@@H](O)[C@H]2O)c(=O)n1.C[C@](O)(CO)[C@H](O)COP(=O)([O-])[O-].[H+]>>C[C@](O)(CO)[C@H](O)COP(=O)([O-])OP(=O)([O-])OC[C@H]1O[C@@H](n2ccc(N)nc2=O)[C@H](O)[C@@H]1O.O=P([O-])([O-])OP(=O)([O-])O	1.0
Nc1ccn([C@@H]2O[C@H](COP(=O)([O-])OP(=O)([O-])[O-])[C@@H](O)[C@H]2O)c(=O)n1.Nc1ncnc2c1ncn2[C@@H]1O[C@H](COP(=O)([O-])OP(=O)([O-])[O-])[C@@H](O)[C@H]1O>>Nc1ncnc2c1ncn2[C@@H]1O[C@H](COP(=O)([O-])OP(=O)([O-])OP(=O)([O-])[O-])[C@@H](O)[C@H]1O.Nc1ccn([C@@H]2O[C@H](COP(=O)([O-])[O-])[C@@H](O)[C@H]2O)c(=O)n1	1.0
Nc1ccn([C@@H]2O[C@H](COP(=O)([O-])O[C@@]3(C(=O)[O-])C[C@@H](O)[C@@H](O)[C@@H]([C@H](O)CO)O3)[C@@H](O)[C@H]2O)c(=O)n1.O=P([O-])([O-])OP(=O)([O-])O>>Nc1ccn([C@@H]2O[C@H](COP(=O)([O-])OP(=O)([O-])OP(=O)([O-])[O-])[C@@H](O)[C@H]2O)c(=O)n1.O=C([O-])[C@@]1(O)C[C@@H](O)[C@@H](O)[C@@H]([C@H](O)CO)O1	1.0
Nc1ccn([C@@H]2O[C@H](COP(=O)([O-])O[C@H]3[C@@H](O)[C@H](n4ccc(N)nc4=O)O[C@@H]3COP(=O)([O-])O[C@H]3[C@@H](O)CO[C@@H]3CO[PH](=O)[O-])[C@@H](OP(=O)([O-])OC[C@H]3O[C@@H](n4cnc5c(N)ncnc54)[C@H](O)[C@@H]3O)[C@H]2O)c(=O)n1.O=P([O-])([O-])OP(=O)([O-])O>>Nc1ccn([C@@H]2O[C@H](COP(=O)([O-])OP(=O)([O-])OP(=O)([O-])[O-])[C@@H](O)[C@H]2O)c(=O)n1.Nc1ncnc2c1ncn2[C@@H]1O[C@H](COP(=O)([O-])OP(=O)([O-])OP(=O)([O-])[O-])[C@@H](O)[C@H]1O.O=[PH]([O-])OC[C@H]1OC[C@H](O)[C@@H]1O	1.0
Nc1ccn([C@@H]2O[C@H](COP(=O)([O-])[O-])[C@@H](O)[C@H]2O)c(=O)n1.C[C@@]1(CO)OP(=O)([O-])OP(=O)([O-])OC[C@H]1O>>C[C@@](CO)(OP(=O)([O-])[O-])[C@H](O)COP(=O)([O-])OP(=O)([O-])OC[C@H]1O[C@@H](n2ccc(N)nc2=O)[C@H](O)[C@@H]1O	1.0
Nc1ccn([C@H]2C[C@H](O)[C@@H](COP(=O)([O-])OP(=O)([O-])OP(=O)([O-])[O-])O2)c(=O)n1.O>>Nc1ccn([C@H]2C[C@H](O)[C@@H](COP(=O)([O-])[O-])O2)c(=O)n1.O=P([O-])([O-])OP(=O)([O-])O.[H+]	1.0
Nc1nc(=O)c2ncn([C@@H]3O[C@H](COP(=O)(O)O)[C@@H](O)[C@H]3O)c2[nH]1>>CCOc1ccc2c3c1OC1C(O)C=CC4C(C2)N(C)CCC341.Nc1ccc(Cl)cc1[N+](=O)[O-]	0.7528735399246216
Nc1nc2c(ncn2C2OC(COP(=O)(O)OP(=O)(O)OC3OC(CO)C(O)C(O)C3O)C(O)C2O)c(=O)[nH]1.O=P(O)(O)OP(=O)(O)O>>Nc1nc2c(ncn2C2OC(COP(=O)(O)OP(=O)(O)OP(=O)(O)O)C(O)C2O)c(=O)[nH]1.O=P(O)(O)OC1O[C@@H](CO)[C@@H](O)[C@@H](O)[C@@H]1O	0.8507462739944458
Nc1nc2c(ncn2C2OC(COP(=O)(O)OP(=O)(O)OP(=O)(O)O)C(O)C2O)c(=O)[nH]1.O=P(O)(O)OCC1OC(O)(CO)C(O)C1O>>Nc1nc2c(ncn2C2OC(COP(=O)(O)OP(=O)(O)O)C(O)C2O)c(=O)[nH]1.O=P(O)(O)OCC1OC(O)(COP(=O)(O)O)C(O)C1O	0.875
Nc1ncnc2c1ncn2C1CC(O)C(COP(=O)(O)OP(=O)(O)O)O1.O=C(OP(=O)(O)O)C(O)COP(=O)(O)O>>Nc1ncnc2c1ncn2C1CC(O)C(COP(=O)(O)OP(=O)(O)OP(=O)(O)O)O1.O=C(O)C(O)COP(=O)(O)O	1.0
Nc1ncnc2c1ncn2C1OC(COP(=O)(O)OP(=O)(O)OP(=O)(O)O)C(O)C1O.O=P(O)(O)OCC1OC(O)(CO)C(O)C1O>>Nc1ncnc2c1ncn2C1OC(COP(=O)(O)OP(=O)(O)O)C(O)C1O.O=P(O)(O)OCC1OC(CO)(OP(=O)(O)O)C(O)C1O	0.3571428656578064
Nc1ncnc2c1ncn2C1OC(COP(=O)(O)OP(=O)(O)OP(=O)(O)O)C(O)C1O.OCC1OC(O)C(O)C(O)C1O>>Nc1ncnc2c1ncn2C1OC(COP(=O)(O)OP(=O)(O)O)C(O)C1O.O=P(O)(O)OCC1OC(O)C(O)C(O)C1O	1.0
Nc1ncnc2c1ncn2C1OC(COP(=O)([O-])OP(=O)([O-])OP(=O)([O-])OP(=O)(O)OCC2OC(n3cnc4c(N)ncnc43)C(O)C2O)C(O)C1O.O>>CSCCC(NC(=O)C(Cc1c[nH]c2ccccc12)NC(=O)CCNC(=O)OC(C)(C)C)C(=O)NC(CC(=O)O)C(=O)NC(Cc1ccccc1)C(N)=O	0.32499998807907104
Nc1ncnc2c1ncn2[C@@H]1O[C@H](COP(=O)(O)OP(=O)(O)OP(=O)(O)O)[C@@H](O)[C@@H]1O.O=P(O)(O)OCC1OCC(O)C1OP(=O)(O)OCC1OCC(O)C1OP(=O)(O)OCC1OCC(O)C1O>>O=P(O)(O)OCC1OCC(O)C1OP(=O)(O)OCC1OCC(O)C1OP(=O)(O)OCC1OCC(O)C1O.O=P(O)(O)OP(=O)(O)O	0.5512820482254028
Nc1ncnc2c1ncn2[C@@H]1O[C@H](COP(=O)([O-])OP(=O)([O-])OC[C@H]2OC(NC(=[NH2+])NCCC[C@H](N)C=O)[C@H](O)[C@@H]2O)[C@@H](O)[C@H]1O.NC(=O)c1cccnc1.[H+]>>NC(=O)c1ccc[n+]([C@@H]2O[C@H](COP(=O)([O-])OP(=O)([O-])OC[C@H]3O[C@@H](n4cnc5c(N)ncnc54)[C@H](O)[C@@H]3O)[C@@H](O)[C@H]2O)c1.NC(=[NH2+])NCCC[C@H](N)C=O	1.0
Nc1ncnc2c1ncn2[C@@H]1O[C@H](COP(=O)([O-])OP(=O)([O-])OC[C@H]2OC(O)[C@H](O)[C@@H]2O)[C@@H](O)[C@H]1O.N[C@H](C=O)CC(=O)[O-].[H+]>>Nc1ncnc2c1ncn2[C@@H]1O[C@H](COP(=O)([O-])OP(=O)([O-])OC[C@H]2OC(OC(=O)C[C@H](N)C=O)[C@H](O)[C@@H]2O)[C@@H](O)[C@H]1O.O	1.0
Nc1ncnc2c1ncn2[C@@H]1O[C@H](COP(=O)([O-])OP(=O)([O-])OC[C@H]2OC(OC(=O)C[C@H](N)C=O)[C@H](O)[C@@H]2O)[C@@H](O)[C@H]1O.O>>Nc1ncnc2c1ncn2[C@@H]1O[C@H](COP(=O)([O-])OP(=O)([O-])OC[C@H]2OC(O)[C@H](O)[C@@H]2O)[C@@H](O)[C@H]1O.N[C@H](C=O)CC(=O)[O-].[H+]	1.0
Nc1ncnc2c1ncn2[C@@H]1O[C@H](COP(=O)([O-])OP(=O)([O-])OC[C@H]2OC[C@H](O)[C@@H]2OP(=O)([O-])OC[C@H]2OCC[C@@H]2O)[C@@H](O)[C@H]1O.O>>O=P([O-])([O-])OC[C@H]1OC[C@H](O)[C@@H]1OP(=O)([O-])OC[C@H]1OCC[C@@H]1O.Nc1ncnc2c1ncn2[C@@H]1O[C@H](COP(=O)([O-])[O-])[C@@H](O)[C@H]1O.[H+]	1.0
Nc1ncnc2c1ncn2[C@@H]1O[C@H](COP(=O)([O-])OP(=O)([O-])OC[C@H]2O[C@@H]([n+]3cccc(C(=O)[O-])c3)[C@H](O)[C@@H]2O)[C@@H](O)[C@H]1O.O=P([O-])([O-])OP(=O)([O-])O>>Nc1ncnc2c1ncn2[C@@H]1O[C@H](COP(=O)([O-])OP(=O)([O-])OP(=O)([O-])[O-])[C@@H](O)[C@H]1O.O=C([O-])c1ccc[n+]([C@@H]2O[C@H](COP(=O)([O-])[O-])[C@@H](O)[C@H]2O)c1.[H+]	1.0
Nc1ncnc2c1ncn2[C@@H]1O[C@H](COP(=O)([O-])OP(=O)([O-])OC[C@H]2O[C@@H]([n+]3cccc(C(=O)[O-])c3)[C@H](O)[C@@H]2O)[C@@H](O)[C@H]1OP(=O)([O-])[O-]>>Nc1c2ncn3c2nc[n+]1[C@@H]1O[C@H](COP(=O)([O-])OP(=O)([O-])OC[C@H]2O[C@@H]3[C@H](OP(=O)([O-])[O-])[C@@H]2O)[C@@H](O)[C@H]1O.O=C([O-])c1cccnc1	1.0
Nc1ncnc2c1ncn2[C@@H]1O[C@H](COP(=O)([O-])OP(=O)([O-])OC[C@H]2O[C@H](OP(=O)([O-])[O-])[C@H](O)[C@@H]2O)[C@@H](O)[C@H]1O.O>>Nc1ncnc2c1ncn2[C@@H]1O[C@H](COP(=O)([O-])OP(=O)([O-])OC[C@H]2OC(O)[C@H](O)[C@@H]2O)[C@@H](O)[C@H]1O.O=P([O-])([O-])O	1.0
Nc1ncnc2c1ncn2[C@@H]1O[C@H](COP(=O)([O-])OP(=O)([O-])OP(=O)([O-])OP(=O)([O-])OC[C@H]2O[C@@H](n3cnc4c(N)ncnc43)[C@H](O)[C@@H]2O)[C@@H](O)[C@H]1O.O>>Nc1ncnc2c1ncn2[C@@H]1O[C@H](COP(=O)([O-])OP(=O)([O-])[O-])[C@@H](O)[C@H]1O.[H+]	1.0
Nc1ncnc2c1ncn2[C@@H]1O[C@H](COP(=O)([O-])OP(=O)([O-])OP(=O)([O-])[O-])[C@@H](O)[C@H]1O.CC(=O)N[C@H]1[C@@H]2OC[C@@H](O2)[C@@H](O)[C@@H]1O[C@H](C)C(=O)[O-].O>>CC(=O)N[C@H]1C(O)O[C@H](COP(=O)([O-])[O-])[C@@H](O)[C@@H]1O[C@H](C)C(=O)[O-].Nc1ncnc2c1ncn2[C@@H]1O[C@H](COP(=O)([O-])OP(=O)([O-])[O-])[C@@H](O)[C@H]1O.[H+]	1.0
Nc1ncnc2c1ncn2[C@@H]1O[C@H](COP(=O)([O-])OP(=O)([O-])OP(=O)([O-])[O-])[C@@H](O)[C@H]1O.C[C@@H](O)[C@H](N)C=O>>Nc1ncnc2c1ncn2[C@@H]1O[C@H](COP(=O)([O-])OP(=O)([O-])[O-])[C@@H](O)[C@H]1O.C[C@@H](OP(=O)([O-])[O-])[C@H](N)C=O.[H+]	1.0
Nc1ncnc2c1ncn2[C@@H]1O[C@H](COP(=O)([O-])OP(=O)([O-])OP(=O)([O-])[O-])[C@@H](O)[C@H]1O.C[C@@H](O)[C@H]([NH3+])C(=O)[O-].O=C([O-])O>>C[C@@H](O)[C@H](NC(=O)OP(=O)([O-])OC[C@H]1O[C@@H](n2cnc3c(N)ncnc32)[C@H](O)[C@@H]1O)C(=O)[O-].O=P([O-])([O-])OP(=O)([O-])O.O	1.0
Nc1ncnc2c1ncn2[C@@H]1O[C@H](COP(=O)([O-])OP(=O)([O-])OP(=O)([O-])[O-])[C@@H](O)[C@H]1O.NC(=O)CC[C@H]([NH3+])C(=O)[O-].O=C([O-])O.O>>Nc1ncnc2c1ncn2[C@@H]1O[C@H](COP(=O)([O-])OP(=O)([O-])[O-])[C@@H](O)[C@H]1O.[NH3+][C@@H](CCC(=O)[O-])C(=O)[O-].NC(=O)OP(=O)([O-])[O-].O=P([O-])([O-])O.[H+]	1.0
Nc1ncnc2c1ncn2[C@@H]1O[C@H](COP(=O)([O-])OP(=O)([O-])OP(=O)([O-])[O-])[C@@H](O)[C@H]1O.NC(=O)c1ncn([C@@H]2O[C@H](COP(=O)([O-])[O-])[C@@H](O)[C@H]2O)c1N.O=C[O-]>>Nc1ncnc2c1ncn2[C@@H]1O[C@H](COP(=O)([O-])OP(=O)([O-])[O-])[C@@H](O)[C@H]1O.NC(=O)c1ncn([C@@H]2O[C@H](COP(=O)([O-])[O-])[C@@H](O)[C@H]2O)c1NC=O.O=P([O-])([O-])O	1.0
Nc1ncnc2c1ncn2[C@@H]1O[C@H](COP(=O)([O-])OP(=O)([O-])OP(=O)([O-])[O-])[C@@H](O)[C@H]1O.N[C@H](C=O)CO>>Nc1ncnc2c1ncn2[C@@H]1O[C@H](COP(=O)([O-])OP(=O)([O-])[O-])[C@@H](O)[C@H]1O.N[C@H](C=O)COP(=O)([O-])[O-].[H+]	1.0
Nc1ncnc2c1ncn2[C@@H]1O[C@H](COP(=O)([O-])OP(=O)([O-])OP(=O)([O-])[O-])[C@@H](O)[C@H]1O.N[C@H](C=O)Cc1ccc(O)cc1>>Nc1ncnc2c1ncn2[C@@H]1O[C@H](COP(=O)([O-])OP(=O)([O-])[O-])[C@@H](O)[C@H]1O.N[C@H](C=O)Cc1ccc(OP(=O)([O-])[O-])cc1.[H+]	1.0
Nc1ncnc2c1ncn2[C@@H]1O[C@H](COP(=O)([O-])OP(=O)([O-])OP(=O)([O-])[O-])[C@@H](O)[C@H]1O.Nc1ccn([C@@H]2O[C@H](CO)[C@@H](O)[C@H]2O)c(=O)n1>>Nc1ncnc2c1ncn2[C@@H]1O[C@H](COP(=O)([O-])OP(=O)([O-])[O-])[C@@H](O)[C@H]1O.Nc1ccn([C@@H]2O[C@H](COP(=O)([O-])[O-])[C@@H](O)[C@H]2O)c(=O)n1.[H+]	1.0
Nc1ncnc2c1ncn2[C@@H]1O[C@H](COP(=O)([O-])OP(=O)([O-])OP(=O)([O-])[O-])[C@@H](O)[C@H]1O.Nc1ccn([C@@H]2O[C@H](COP(=O)([O-])[O-])[C@@H](O)[C@H]2O)c(=O)n1>>Nc1ccn([C@@H]2O[C@H](COP(=O)([O-])OP(=O)([O-])[O-])[C@@H](O)[C@H]2O)c(=O)n1.Nc1ncnc2c1ncn2[C@@H]1O[C@H](COP(=O)([O-])OP(=O)([O-])[O-])[C@@H](O)[C@H]1O	1.0
Nc1ncnc2c1ncn2[C@@H]1O[C@H](COP(=O)([O-])OP(=O)([O-])OP(=O)([O-])[O-])[C@@H](O)[C@H]1O.Nc1ccn([C@@H]2O[C@H](CO[PH](=O)[O-])[C@@H](O)[C@H]2O)c(=O)n1.N[C@H](C=O)CSS.[H].[H]>>Nc1ncnc2c1ncn2[C@@H]1O[C@H](COP(=O)([O-])[O-])[C@@H](O)[C@H]1O.Nc1ccn([C@@H]2O[C@H](CO[PH](=O)[O-])[C@@H](O)[C@H]2O)c(=S)n1.O=P([O-])([O-])OP(=O)([O-])O.N[C@H](C=O)CS.[H+].[H]	1.0
Nc1ncnc2c1ncn2[C@@H]1O[C@H](COP(=O)([O-])OP(=O)([O-])OP(=O)([O-])[O-])[C@@H](O)[C@H]1O.Nc1ccn([C@H]2C[C@H](O)[C@@H](COP(=O)([O-])[O-])O2)c(=O)n1>>Nc1ncnc2c1ncn2[C@@H]1O[C@H](COP(=O)([O-])OP(=O)([O-])[O-])[C@@H](O)[C@H]1O.Nc1ccn([C@H]2C[C@H](O)[C@@H](COP(=O)([O-])OP(=O)([O-])[O-])O2)c(=O)n1	1.0
Nc1ncnc2c1ncn2[C@@H]1O[C@H](COP(=O)([O-])OP(=O)([O-])OP(=O)([O-])[O-])[C@@H](O)[C@H]1O.Nc1ncnc2c1ncn2[C@@H]1O[C@H](COP(=O)([O-])OS(=O)(=O)[O-])[C@@H](O)[C@H]1O>>Nc1ncnc2c1ncn2[C@@H]1O[C@H](COP(=O)([O-])OS(=O)(=O)[O-])[C@@H](OP(=O)([O-])[O-])[C@H]1O.Nc1ncnc2c1ncn2[C@@H]1O[C@H](COP(=O)([O-])OP(=O)([O-])[O-])[C@@H](O)[C@H]1O.[H+]	1.0
Nc1ncnc2c1ncn2[C@@H]1O[C@H](COP(=O)([O-])OP(=O)([O-])OP(=O)([O-])[O-])[C@@H](O)[C@H]1O.Nc1ncnc2c1ncn2[C@@H]1O[C@H](CO[PH](=O)[O-])[C@@H](O)[C@H]1O.C[C@@H](O)[C@H]([NH3+])C(=O)[O-]>>C[C@@H](O)[C@H](N)C(=O)O[C@H]1[C@@H](O)[C@H](n2cnc3c(N)ncnc32)O[C@@H]1CO[PH](=O)[O-].Nc1ncnc2c1ncn2[C@@H]1O[C@H](COP(=O)([O-])[O-])[C@@H](O)[C@H]1O.O=P([O-])([O-])OP(=O)([O-])O.[H+]	1.0
Nc1ncnc2c1ncn2[C@@H]1O[C@H](COP(=O)([O-])OP(=O)([O-])OP(=O)([O-])[O-])[C@@H](O)[C@H]1O.Nc1ncnc2c1ncn2[C@@H]1O[C@H](CO[PH](=O)[O-])[C@@H](O)[C@H]1O.C[C@H]([NH3+])C(=O)[O-]>>C[C@H]([NH3+])C(=O)O[C@H]1[C@@H](O)[C@H](n2cnc3c(N)ncnc32)O[C@@H]1CO[PH](=O)[O-].Nc1ncnc2c1ncn2[C@@H]1O[C@H](COP(=O)([O-])[O-])[C@@H](O)[C@H]1O.O=P([O-])([O-])OP(=O)([O-])O	1.0
Nc1ncnc2c1ncn2[C@@H]1O[C@H](COP(=O)([O-])OP(=O)([O-])OP(=O)([O-])[O-])[C@@H](O)[C@H]1O.Nc1ncnc2c1ncn2[C@@H]1O[C@H](CO[PH](=O)[O-])[C@@H](O)[C@H]1O.[NH3+][C@@H](CCC(=O)[O-])C(=O)[O-]>>Nc1ncnc2c1ncn2[C@@H]1O[C@H](CO[PH](=O)[O-])[C@@H](OC(=O)[C@@H]([NH3+])CCC(=O)[O-])[C@H]1O.Nc1ncnc2c1ncn2[C@@H]1O[C@H](COP(=O)([O-])[O-])[C@@H](O)[C@H]1O.O=P([O-])([O-])OP(=O)([O-])O	1.0
Nc1ncnc2c1ncn2[C@@H]1O[C@H](COP(=O)([O-])OP(=O)([O-])OP(=O)([O-])[O-])[C@@H](O)[C@H]1O.Nc1ncnc2c1ncn2[C@@H]1O[C@H](CO[PH](=O)[O-])[C@@H](O)[C@H]1O.[NH3+][C@@H](CS)C(=O)[O-]>>Nc1ncnc2c1ncn2[C@@H]1O[C@H](CO[PH](=O)[O-])[C@@H](OC(=O)[C@@H]([NH3+])CS)[C@H]1O.Nc1ncnc2c1ncn2[C@@H]1O[C@H](COP(=O)([O-])[O-])[C@@H](O)[C@H]1O.O=P([O-])([O-])OP(=O)([O-])O	1.0
Nc1ncnc2c1ncn2[C@@H]1O[C@H](COP(=O)([O-])OP(=O)([O-])OP(=O)([O-])[O-])[C@@H](O)[C@H]1O.Nc1ncnc2c1ncn2[C@@H]1O[C@H](CO[PH](=O)[O-])[C@@H](O)[C@H]1O.[NH3+][C@@H](Cc1ccccc1)C(=O)[O-]>>Nc1ncnc2c1ncn2[C@@H]1O[C@H](CO[PH](=O)[O-])[C@@H](OC(=O)[C@@H](N)Cc2ccccc2)[C@H]1O.Nc1ncnc2c1ncn2[C@@H]1O[C@H](COP(=O)([O-])[O-])[C@@H](O)[C@H]1O.O=P([O-])([O-])OP(=O)([O-])O.[H+]	1.0
Nc1ncnc2c1ncn2[C@@H]1O[C@H](COP(=O)([O-])OP(=O)([O-])OP(=O)([O-])[O-])[C@@H](O)[C@H]1O.Nc1ncnc2c1ncn2[C@H]1C[C@H](O)[C@@H](CO)O1>>Nc1ncnc2c1ncn2[C@@H]1O[C@H](COP(=O)([O-])OP(=O)([O-])[O-])[C@@H](O)[C@H]1O.Nc1ncnc2c1ncn2[C@H]1C[C@H](O)[C@@H](COP(=O)([O-])[O-])O1.[H+]	1.0
Nc1ncnc2c1ncn2[C@@H]1O[C@H](COP(=O)([O-])OP(=O)([O-])OP(=O)([O-])[O-])[C@@H](O)[C@H]1O.Nc1ncnc2c1ncn2[C@H]1C[C@H](O)[C@@H](COP(=O)([O-])OP(=O)([O-])[O-])O1>>Nc1ncnc2c1ncn2[C@H]1C[C@H](O)[C@@H](COP(=O)([O-])OP(=O)([O-])OP(=O)([O-])[O-])O1.Nc1ncnc2c1ncn2[C@@H]1O[C@H](COP(=O)([O-])OP(=O)([O-])[O-])[C@@H](O)[C@H]1O	1.0
Nc1ncnc2c1ncn2[C@@H]1O[C@H](COP(=O)([O-])OP(=O)([O-])OP(=O)([O-])[O-])[C@@H](O)[C@H]1O.O=C([O-])C(=O)C[C@H](O)[C@H](O)CO>>Nc1ncnc2c1ncn2[C@@H]1O[C@H](COP(=O)([O-])OP(=O)([O-])[O-])[C@@H](O)[C@H]1O.O=C([O-])C(=O)C[C@H](O)[C@H](O)COP(=O)([O-])[O-].[H+]	1.0
Nc1ncnc2c1ncn2[C@@H]1O[C@H](COP(=O)([O-])OP(=O)([O-])OP(=O)([O-])[O-])[C@@H](O)[C@H]1O.O=C([O-])C1=C[C@@H](O)[C@@H](O)[C@H](O)C1>>Nc1ncnc2c1ncn2[C@@H]1O[C@H](COP(=O)([O-])OP(=O)([O-])[O-])[C@@H](O)[C@H]1O.O=C([O-])C1=C[C@@H](OP(=O)([O-])[O-])[C@@H](O)[C@H](O)C1.[H+]	1.0
Nc1ncnc2c1ncn2[C@@H]1O[C@H](COP(=O)([O-])OP(=O)([O-])OP(=O)([O-])[O-])[C@@H](O)[C@H]1O.O=COC[C@H](COP(=O)([O-])O[C@@H]1[C@H](O)[C@H](O)[C@@H](O)[C@H](O)[C@H]1O)OC=O>>O=COC[C@H](COP(=O)([O-])O[C@@H]1[C@H](O)[C@H](OP(=O)([O-])[O-])[C@@H](O)[C@H](O)[C@H]1O)OC=O.Nc1ncnc2c1ncn2[C@@H]1O[C@H](COP(=O)([O-])OP(=O)([O-])[O-])[C@@H](O)[C@H]1O.[H+]	1.0
Nc1ncnc2c1ncn2[C@@H]1O[C@H](COP(=O)([O-])OP(=O)([O-])OP(=O)([O-])[O-])[C@@H](O)[C@H]1O.O>>Nc1ncnc2c1ncn2[C@@H]1O[C@H](COP(=O)([O-])OP(=O)([O-])[O-])[C@@H](O)[C@H]1O.O=P([O-])([O-])O.[H+]	1.0
Nc1ncnc2c1ncn2[C@@H]1O[C@H](COP(=O)([O-])OP(=O)([O-])OP(=O)([O-])[O-])[C@@H](O)[C@H]1O.[H+].O>>Nc1ncnc2c1ncn2[C@@H]1O[C@H](COP(=O)([O-])OP(=O)([O-])[O-])[C@@H](O)[C@H]1O.O=P([O-])([O-])O.[H+]	1.0
Nc1ncnc2c1ncn2[C@@H]1O[C@H](COP(=O)([O-])OP(=O)([O-])OP(=O)([O-])[O-])[C@@H](O)[C@H]1O.[NH3+]CCS(=O)(=O)[O-].O>>Nc1ncnc2c1ncn2[C@@H]1O[C@H](COP(=O)([O-])OP(=O)([O-])[O-])[C@@H](O)[C@H]1O.[NH3+]CCS(=O)(=O)[O-].O=P([O-])([O-])O.[H+]	1.0
Nc1ncnc2c1ncn2[C@@H]1O[C@H](COP(=O)([O-])OP(=O)([O-])[O-])[C@@H](O)[C@H]1O.C=C(OP(=O)([O-])[O-])C(=O)[O-].[H+]>>Nc1ncnc2c1ncn2[C@@H]1O[C@H](COP(=O)([O-])OP(=O)([O-])OP(=O)([O-])[O-])[C@@H](O)[C@H]1O.CC(=O)C(=O)[O-]	1.0
Nc1ncnc2c1ncn2[C@@H]1O[C@H](COP(=O)([O-])OP(=O)([O-])[O-])[C@@H](O)[C@H]1O.CN(CC(=O)[O-])C(N)=O.O=P([O-])([O-])O.[H+]>>Nc1ncnc2c1ncn2[C@@H]1O[C@H](COP(=O)([O-])OP(=O)([O-])OP(=O)([O-])[O-])[C@@H](O)[C@H]1O.CN1CC(=O)NC1=O.O	1.0
Nc1ncnc2c1ncn2[C@@H]1O[C@H](COP(=O)([O-])OP(=O)([O-])[O-])[C@@H](O)[C@H]1O.C[C@@H](OP(=O)([O-])[O-])[C@H](N)C=O.[H+]>>Nc1ncnc2c1ncn2[C@@H]1O[C@H](COP(=O)([O-])OP(=O)([O-])OP(=O)([O-])[O-])[C@@H](O)[C@H]1O.C[C@@H](O)[C@H](N)C=O	1.0
Nc1ncnc2c1ncn2[C@@H]1O[C@H](COP(=O)([O-])OP(=O)([O-])[O-])[C@@H](O)[C@H]1O.C[C@@H]1NC(=O)N[C@@H]1CCCCCC(=O)[O-].O=P([O-])([O-])O.[H+]>>Nc1ncnc2c1ncn2[C@@H]1O[C@H](COP(=O)([O-])OP(=O)([O-])OP(=O)([O-])[O-])[C@@H](O)[C@H]1O.C[C@H]([NH3+])[C@H]([NH3+])CCCCCC(=O)[O-].O=C=O	1.0
Nc1ncnc2c1ncn2[C@@H]1O[C@H](COP(=O)([O-])OP(=O)([O-])[O-])[C@@H](O)[C@H]1O.N[C@H](C=O)COP(=O)([O-])[O-].[H+]>>Nc1ncnc2c1ncn2[C@@H]1O[C@H](COP(=O)([O-])OP(=O)([O-])OP(=O)([O-])[O-])[C@@H](O)[C@H]1O.N[C@H](C=O)CO	1.0
Nc1ncnc2c1ncn2[C@@H]1O[C@H](COP(=O)([O-])OP(=O)([O-])[O-])[C@@H](O)[C@H]1O.N[C@H](C=O)Cc1ccc(OP(=O)([O-])[O-])cc1.[H+]>>Nc1ncnc2c1ncn2[C@@H]1O[C@H](COP(=O)([O-])OP(=O)([O-])OP(=O)([O-])[O-])[C@@H](O)[C@H]1O.N[C@H](C=O)Cc1ccc(O)cc1	1.0
Nc1ncnc2c1ncn2[C@@H]1O[C@H](COP(=O)([O-])OP(=O)([O-])[O-])[C@@H](O)[C@H]1O.O=P([O-])([O-])O.[H+]>>Nc1ncnc2c1ncn2[C@@H]1O[C@H](COP(=O)([O-])OP(=O)([O-])OP(=O)([O-])[O-])[C@@H](O)[C@H]1O.O	1.0
Nc1ncnc2c1ncn2[C@@H]1O[C@H](COP(=O)([O-])OP(=O)([O-])[O-])[C@@H](O)[C@H]1O.O=P([O-])([O-])O.[H+]>>Nc1ncnc2c1ncn2[C@@H]1O[C@H](COP(=O)([O-])OP(=O)([O-])OP(=O)([O-])[O-])[C@@H](O)[C@H]1O.[H+].O	1.0
Nc1ncnc2c1ncn2[C@@H]1O[C@H](COP(=O)([O-])OP(=O)([O-])[O-])[C@@H](O)[C@H]1O.O=P([O-])([O-])O[C@H]1O[C@H](CO)[C@H](O)[C@H](O)[C@H]1O.[H+]>>Nc1ncnc2c1ncn2[C@@H]1O[C@H](COP(=O)([O-])OP(=O)([O-])OP(=O)([O-])[O-])[C@@H](O)[C@H]1O.OC[C@H]1O[C@H](O)[C@H](O)[C@@H](O)[C@H]1O	1.0
Nc1ncnc2c1ncn2[C@@H]1O[C@H](COP(=O)([O-])OP(=O)([O-])[O-])[C@@H](O)[C@H]1O.[NH3+][C@@H](CC(=O)OP(=O)([O-])[O-])C(=O)[O-]>>Nc1ncnc2c1ncn2[C@@H]1O[C@H](COP(=O)([O-])OP(=O)([O-])OP(=O)([O-])[O-])[C@@H](O)[C@H]1O.[NH3+][C@@H](CC(=O)[O-])C(=O)[O-]	1.0
Nc1ncnc2c1ncn2[C@@H]1O[C@H](COP(=O)([O-])OP(=O)([O-])[O-])[C@@H](O)[C@H]1O.[NH3+][C@@H](CCC(=O)N[C@@H](CS)C(=O)[O-])C(=O)[O-].O=P([O-])([O-])O.[H+]>>Nc1ncnc2c1ncn2[C@@H]1O[C@H](COP(=O)([O-])OP(=O)([O-])OP(=O)([O-])[O-])[C@@H](O)[C@H]1O.[NH3+][C@@H](CCC(=O)[O-])C(=O)[O-].[NH3+][C@@H](CS)C(=O)[O-]	1.0
Nc1ncnc2c1ncn2[C@@H]1O[C@H](COP(=O)([O-])OP(=O)([O-])[O-])[C@@H](O)[C@H]1O.[NH3+][C@@H](COP(=O)([O-])OC[C@@H](COC=O)OC=O)C(=O)[O-].O=P([O-])([O-])O.[H+]>>Nc1ncnc2c1ncn2[C@@H]1O[C@H](COP(=O)([O-])OP(=O)([O-])OP(=O)([O-])[O-])[C@@H](O)[C@H]1O.[NH3+][C@@H](COP(=O)([O-])OC[C@@H](COC=O)OC=O)C(=O)[O-].O	1.0
Nc1ncnc2c1ncn2[C@@H]1O[C@H](COP(=O)([O-])[O-])[C@@H](O)[C@H]1O.CC(C)(CO)[C@@H](O)C(=O)NCCC(=O)[O-].O=P([O-])([O-])OP(=O)([O-])O.[H+]>>Nc1ncnc2c1ncn2[C@@H]1O[C@H](COP(=O)([O-])OP(=O)([O-])OP(=O)([O-])[O-])[C@@H](O)[C@H]1O.CC(C)(CO)[C@@H](O)C(=O)[O-].[NH3+]CCC(=O)[O-]	1.0
Nc1ncnc2c1ncn2[C@@H]1O[C@H](COP(=O)([O-])[O-])[C@@H](O)[C@H]1O.NCC(=O)NCC(=O)[S-].N[C@H](C=O)CS.[H+].[H]>>NCC(=O)NCC(=O)OP(=O)([O-])OC[C@H]1O[C@@H](n2cnc3c(N)ncnc32)[C@H](O)[C@@H]1O.N[C@H](C=O)CSS.[H].[H]	1.0
Nc1ncnc2c1ncn2[C@@H]1O[C@H](COP(=O)([O-])[O-])[C@@H](O)[C@H]1O.Nc1ccn([C@@H]2O[C@H](CO[PH](=O)[O-])[C@@H](O)[C@H]2O)c(=S)n1.O=P([O-])([O-])OP(=O)([O-])O.N[C@H](C=O)CS.[H+].[H]>>Nc1ncnc2c1ncn2[C@@H]1O[C@H](COP(=O)([O-])OP(=O)([O-])OP(=O)([O-])[O-])[C@@H](O)[C@H]1O.Nc1ccn([C@@H]2O[C@H](CO[PH](=O)[O-])[C@@H](O)[C@H]2O)c(=O)n1.N[C@H](C=O)CSS.[H].[H]	1.0
Nc1ncnc2c1ncn2[C@@H]1O[C@H](CO[PH](=O)[O-])[C@@H](O)[C@H]1O.CC(C)C[C@H]([NH3+])C(=O)N[C@H](C=O)CCCC[NH3+].[H+]>>CC(C)C[C@H]([NH3+])C(=O)O[C@H]1[C@@H](O)[C@H](n2cnc3c(N)ncnc32)O[C@@H]1CO[PH](=O)[O-].[NH3+]CCCC[C@H]([NH3+])C=O	1.0
Nc1ncnc2c1ncn2[C@@H]1O[C@H](CO[PH](=O)[O-])[C@@H](O)[C@H]1O.O=CNCC(=O)[O-].[H+]>>Nc1ncnc2c1ncn2[C@@H]1O[C@H](CO[PH](=O)[O-])[C@@H](OC(=O)CNC=O)[C@H]1O.O	1.0
Nc1ncnc2c1ncn2[C@@H]1O[C@H](CO[PH](=O)[O-])[C@@H](OC(=O)C[NH3+])[C@H]1O.O>>Nc1ncnc2c1ncn2[C@@H]1O[C@H](CO[PH](=O)[O-])[C@@H](O)[C@H]1O.[NH3+]CC(=O)[O-].[H+]	1.0
Nc1ncnc2c1ncn2[C@@H]1O[C@H](CO[PH](=O)[O-])[C@@H](OC(=O)[C@@H](N)Cc2ccc(O)cc2)[C@H]1O.Nc1ncnc2c1ncn2[C@@H]1O[C@H](COP(=O)([O-])[O-])[C@@H](O)[C@H]1O.O=P([O-])([O-])OP(=O)([O-])O.[H+]>>Nc1ncnc2c1ncn2[C@@H]1O[C@H](COP(=O)([O-])OP(=O)([O-])OP(=O)([O-])[O-])[C@@H](O)[C@H]1O.Nc1ncnc2c1ncn2[C@@H]1O[C@H](CO[PH](=O)[O-])[C@@H](O)[C@H]1O.[NH3+][C@@H](Cc1ccc(O)cc1)C(=O)[O-]	1.0
Nc1ncnc2c1ncn2[C@@H]1O[C@H](CO[PH](=O)[O-])[C@@H](OC(=O)[C@@H](N)Cc2ccccc2)[C@H]1O.Nc1ncnc2c1ncn2[C@@H]1O[C@H](COP(=O)([O-])[O-])[C@@H](O)[C@H]1O.O=P([O-])([O-])OP(=O)([O-])O.[H+]>>Nc1ncnc2c1ncn2[C@@H]1O[C@H](COP(=O)([O-])OP(=O)([O-])OP(=O)([O-])[O-])[C@@H](O)[C@H]1O.Nc1ncnc2c1ncn2[C@@H]1O[C@H](CO[PH](=O)[O-])[C@@H](O)[C@H]1O.[NH3+][C@@H](Cc1ccccc1)C(=O)[O-]	1.0
Nc1ncnc2c1ncn2[C@@H]1O[C@H](CO[PH](=O)[O-])[C@@H](OC(=O)[C@@H]([NH3+])CC(=O)[O-])[C@H]1O.Nc1ncnc2c1ncn2[C@@H]1O[C@H](COP(=O)([O-])[O-])[C@@H](O)[C@H]1O.O=P([O-])([O-])OP(=O)([O-])O>>Nc1ncnc2c1ncn2[C@@H]1O[C@H](COP(=O)([O-])OP(=O)([O-])OP(=O)([O-])[O-])[C@@H](O)[C@H]1O.Nc1ncnc2c1ncn2[C@@H]1O[C@H](CO[PH](=O)[O-])[C@@H](O)[C@H]1O.[NH3+][C@@H](CC(=O)[O-])C(=O)[O-]	1.0
Nc1ncnc2c1ncn2[C@@H]1O[C@H](CO[PH](=O)[O-])[C@@H](OC(=O)[C@@H]([NH3+])CS)[C@H]1O.Nc1ncnc2c1ncn2[C@@H]1O[C@H](COP(=O)([O-])[O-])[C@@H](O)[C@H]1O.O=P([O-])([O-])OP(=O)([O-])O>>Nc1ncnc2c1ncn2[C@@H]1O[C@H](COP(=O)([O-])OP(=O)([O-])OP(=O)([O-])[O-])[C@@H](O)[C@H]1O.Nc1ncnc2c1ncn2[C@@H]1O[C@H](CO[PH](=O)[O-])[C@@H](O)[C@H]1O.[NH3+][C@@H](CS)C(=O)[O-]	1.0
Nc1ncnc2c1ncn2[C@@H]1O[C@H](CSCC[C@H]([NH3+])C(=O)[O-])[C@@H](O)[C@H]1O.CNc1ccn([C@@H]2O[C@H](CO[PH](=O)[O-])[C@@H](O)[C@H]2O)c(=O)n1.[H+]>>C[S+](CC[C@H]([NH3+])C(=O)[O-])C[C@H]1O[C@@H](n2cnc3c(N)ncnc32)[C@H](O)[C@@H]1O.Nc1ccn([C@@H]2O[C@H](CO[PH](=O)[O-])[C@@H](O)[C@H]2O)c(=O)n1	1.0
Nc1ncnc2c1ncn2[C@@H]1O[C@H](CSCC[C@H]([NH3+])C(=O)[O-])[C@@H](O)[C@H]1O.C[N+](C)(C)CCCC[C@H](N)C=O.[H+]>>C[S+](CC[C@H]([NH3+])C(=O)[O-])C[C@H]1O[C@@H](n2cnc3c(N)ncnc32)[C@H](O)[C@@H]1O.N[C@H](C=O)CCCC[NH3+]	1.0
Nc1ncnc2c1ncn2[C@@H]1O[C@H](CSCC[C@H]([NH3+])C(=O)[O-])[C@@H](O)[C@H]1O.C[NH+](C)CCCC[C@H](N)C=O.[H+]>>C[S+](CC[C@H]([NH3+])C(=O)[O-])C[C@H]1O[C@@H](n2cnc3c(N)ncnc32)[C@H](O)[C@@H]1O.C[NH2+]CCCC[C@H](N)C=O	1.0
Nc1ncnc2c1ncn2[C@@H]1O[C@H](CSCC[C@H]([NH3+])C(=O)[O-])[C@@H](O)[C@H]1O.C[NH2+]CCOP(=O)([O-])OC[C@@H](COC=O)OC=O.[H+]>>C[S+](CC[C@H]([NH3+])C(=O)[O-])C[C@H]1O[C@@H](n2cnc3c(N)ncnc32)[C@H](O)[C@@H]1O.[NH3+]CCOP(=O)([O-])OC[C@@H](COC=O)OC=O	1.0
Nc1ncnc2c1ncn2[C@@H]1O[C@H](CSCC[C@H]([NH3+])C(=O)[O-])[C@@H](O)[C@H]1O.Cc1cn([C@@H]2O[C@H](CO[PH](=O)[O-])[C@@H](O)[C@H]2O)c(=O)nc1N.[H+]>>C[S+](CC[C@H]([NH3+])C(=O)[O-])C[C@H]1O[C@@H](n2cnc3c(N)ncnc32)[C@H](O)[C@@H]1O.Nc1ccn([C@@H]2O[C@H](CO[PH](=O)[O-])[C@@H](O)[C@H]2O)c(=O)n1	1.0
O=C(CO)[C@@H](O)[C@@H](O)CO>>O[C@@H]1[C@@H](O)[C@@H](O)OC[C@@H]1O	1.0
O=C(CO)[C@@H](O)[C@H](O)[C@H](O)[C@H](O)COP(=O)([O-])[O-]>>O=P([O-])([O-])OC[C@@H](O)[C@H]1O[C@@H](O)[C@@H](O)[C@@H](O)[C@@H]1O.O=P([O-])([O-])OC[C@@H](O)[C@H]1O[C@H](O)[C@@H](O)[C@@H](O)[C@@H]1O	1.0
O=C(Cc1cccs1)NC1C(=O)N2C(C(=O)O)=C(C[n+]3ccccc3)CSC12.O>>CC(C)CBr	0.6700000166893005
O=C(Cc1cccs1)N[C@@H]1C(=O)N2C(C(=O)O)=C(/C=C/c3ccc([N+](=O)[O-])cc3[N+](=O)[O-])CS[C@H]12.O>>CC(C)CBr	0.65625
O=C(O)CNc1ccc([N+](=O)[O-])cc1[N+](=O)[O-].Fc1cccc(Br)c1>>N=C(N)c1ccc(C=Cc2ccc(C(=N)N)cc2O)cc1.O=C(Nc1ccccn1)C(O)c1ccccc1	0.574999988079071
O=C(O)C[C@](O)(Cc1ccccc1)C(=O)O>>O=C(O)C(O)C(Cc1ccccc1)C(=O)O	0.1609756052494049
O=C(O)c1ccc2ccccc2c1.CC(O)C(O)C(O)C(O)CO>>Cc1cc(-c2ccc(N=Nc3ccc4c(S(=O)(=O)O)cc(S(=O)(=O)O)c(N)c4c3O)c(C)c2)ccc1N=Nc1ccc2c(S(=O)(=O)O)cc(S(=O)(=O)O)c(N)c2c1O.CCCOC(=O)c1ccc(O)cc1	0.5493826866149902
O=C([O-])/C=C/c1cccc(O)c1O.O=O>>O=C([O-])/C=C/C(=O)/C=C/C=C(\O)C(=O)[O-].[H+]	1.0
O=C([O-])/C=C\C(=O)CC(=O)CC(=O)[O-].[H+]>>O=C([O-])Cc1cc(O)ccc1O.O=O	1.0
O=C([O-])C(=O)C[C@@H](O)[C@H](O)[C@H](O)COP(=O)([O-])[O-]>>O=C1C[C@@](O)(C(=O)[O-])C[C@@H](O)[C@@H]1O.O=P([O-])([O-])O	1.0
O=C([O-])C(=O)C[C@H](O)C(=O)[O-]>>CC(=O)C(=O)[O-].O=CC(=O)[O-]	1.0
O=C([O-])C(=O)[O-].[H+].OO>>O=CC(=O)[O-].O=O.O	1.0
O=C([O-])C1(O)C=Cc2ccccc2O1>>O=C([O-])C(=O)/C=C/c1ccccc1O	1.0
O=C([O-])CCC(=O)C(=O)[O-].C[NH+](C)CCCC[C@H](N)C=O.O=O>>C[NH2+]CCCC[C@H](N)C=O.O=C([O-])CCC(=O)[O-].O=C=O.C=O	1.0
O=C([O-])CCC(=O)C(=O)[O-].O=C([O-])CCCC(=O)[O-].O=O>>O=C([O-])CC[C@H](O)C(=O)[O-].O=C([O-])CCC(=O)[O-].O=C=O	1.0
O=C([O-])Cc1cc(O)ccc1O.O=C=O>>O=C([O-])C(=O)Cc1ccc(O)cc1.O=O	1.0
O=C([O-])Cc1cc(O)ccc1O.O=O>>O=C([O-])/C=C\C(=O)CC(=O)CC(=O)[O-].[H+]	1.0
O=C([O-])[C@@H](CO)OP(=O)([O-])[O-]>>C=C(OP(=O)([O-])[O-])C(=O)[O-].O	1.0
O=C([O-])[C@@H](CO)OP(=O)([O-])[O-]>>O=C([O-])[C@H](O)COP(=O)([O-])[O-]	1.0
O=C([O-])[C@@H]1CCC[NH2+]1.[NH3+]CC(=O)[O-]>>[NH3+]CC(=O)N1CCC[C@H]1C(=O)[O-].O	1.0
O=C([O-])[C@H](O)COP(=O)([O-])[O-].O=C([O-])COP(=O)([O-])[O-].[H+]>>O=C(COP(=O)([O-])[O-])[C@H](O)[C@H](O)COP(=O)([O-])[O-].O=O	1.0
O=C([O-])[C@H](O)COP(=O)([O-])[O-].[H+]>>O=C(COP(=O)([O-])[O-])[C@H](O)[C@H](O)COP(=O)([O-])[O-].O=C=O.O	1.0
O=C([O-])[C@H](O)COP(=O)([O-])[O-]>>O=C([O-])[C@@H](CO)OP(=O)([O-])[O-]	1.0
O=C([O-])c1ccccc1-c1c2cc(Br)c(=O)cc-2oc2[c]([Hg])c([O-])c(Br)cc12.CCOC(=O)C=C(C)C=CC=C(C)C=Cc1c(C)cc(OC)c(C)c1C.CC(O)(P(=O)(O)O)P(=O)(O)O.O>>CC(=O)C1(O)CCC2C3CC(C)C4=CC(=O)C=CC4(C)C3(F)C(O)CC21C.CC(C)c1c(CN(C)C(C)Cc2ccccc2)n(C)n(-c2ccccc2)c1=O.CN1C(=O)CN=C(c2ccccc2F)c2cc([N+](=O)[O-])ccc21.CCNCC(O)c1cccc(O)c1	0.6000000238418579
O=C/C=C/[C@H](O)COP(=O)([O-])O[C@H]1CCO[C@@H]1CO[PH](=O)[O-].O=P([O-])([O-])OC[C@H]1OCC[C@@H]1O.[H+]>>O=[PH]([O-])OC[C@H]1OCC[C@@H]1OP(=O)([O-])OC[C@H]1O[C@@H](O)C[C@@H]1OP(=O)([O-])OC[C@H]1OCC[C@@H]1O	1.0
O=C1CN2Cc3c(ccc(OCCCCCC(=O)N(CCO)C4CCCCC4)c3Cl)N=C2N1.C=CC(O)C#CC#CC(O)C=CCCCCCCC>>C=C1C(=CC=C2CCCC3(C)C2CCC3C(C)CCCC(O)(C(F)(F)F)C(F)(F)F)CC(O)CC1O.O=S(=O)(O)c1c(N=Nc2c(O)ccc3ccccc23)ccc2ccccc12	0.5131579041481018
O=C1C[C@@H](O)[C@H](O)[C@@H](O)C1=O.O>>O=C[C@H](O)[C@@H](O)[C@H](O)CC(=O)[O-].[H+]	1.0
O=C1O[C@@H]2[C@@H](O)[C@H](O)O[C@@H]2C1O.CCOc1ccc2c3c1OC1C(O)C=CC4C(C2)N(C)CCC341>>OC[C@H]1OC(O)(CO)[C@@H](O)[C@@H]1O.CCSC(N)=Nc1ccc(C(F)(F)F)cc1	0.5027624368667603
O=C=O.O>>O=C([O-])O.[H+]	1.0
O=CN[C@H](C=O)[C@@H](O)[C@H](O)[C@H](O)COP(=O)([O-])[O-]>>O=CN[C@@H]1[C@@H](O)[C@H](O)[C@@H](COP(=O)([O-])[O-])O[C@H]1O	1.0
O=COCCC(=O)N[C@H]1[C@H](OC[C@H]2O[C@H](OP(=O)([O-])[O-])[C@H](NC(=O)CCO)[C@@H](OC(=O)CCO)[C@@H]2O)O[C@H](CO[C@]2(C(=O)[O-])C[C@@H](O[C@]3(C(=O)[O-])C[C@@H](O)[C@@H](O)[C@@H]([C@H](O)CO)O3)[C@@H](O[C@H]3O[C@H]([C@@H](O)CO)[C@@H](O)[C@H](O)[C@@H]3O)[C@@H]([C@H](O)CO)O2)[C@@H](OP(=O)([O-])[O-])[C@@H]1OC(=O)CCOC=O.Nc1ncnc2c1ncn2[C@@H]1O[C@H](COP(=O)([O-])OP(=O)([O-])O[C@@H]2O[C@H]([C@@H](O)CO)[C@@H](O)[C@H](O)[C@@H]2O)[C@@H](O)[C@H]1O>>O=COCCC(=O)N[C@H]1[C@H](OC[C@H]2O[C@H](OP(=O)([O-])[O-])[C@H](NC(=O)CCO)[C@@H](OC(=O)CCO)[C@@H]2O)O[C@H](CO[C@]2(C(=O)[O-])C[C@@H](O[C@]3(C(=O)[O-])C[C@@H](O)[C@@H](O)[C@@H]([C@H](O)CO)O3)[C@@H](O[C@H]3O[C@H]([C@@H](O)CO)[C@@H](O)[C@H](O[C@H]4O[C@H]([C@@H](O)CO)[C@@H](O)[C@H](O)[C@@H]4O)[C@@H]3O)[C@@H]([C@H](O)CO)O2)[C@@H](OP(=O)([O-])[O-])[C@@H]1OC(=O)CCOC=O.Nc1ncnc2c1ncn2[C@@H]1O[C@H](COP(=O)([O-])OP(=O)([O-])[O-])[C@@H](O)[C@H]1O.[H+]	1.0
O=COC[C@@H](O)COP(=O)([O-])[O-].[NH3+][C@@H](CO)C(=O)[O-].[H+]>>[NH3+][C@@H](COP(=O)([O-])OC[C@H](O)COC=O)C(=O)[O-].O	1.0
O=C[C@H](O)COP(=O)([O-])[O-].CC(=O)C(=O)[O-].[H+]>>CC(=O)[C@@H](O)[C@H](O)COP(=O)([O-])[O-].O=C=O	1.0
O=C[C@H](O)[C@H](O)[C@H](O)COP(=O)(O)O.O>>OC1COC(O)C(O)C1O.O=P(O)(O)O	0.375
O=C[O-].[H+].[H]>>O=C=O.[H].[H]	1.0
O=O.CS.O>>[SH-].[H+].C=O.OO	1.0
O=O.OO>>[O][O-].[H+]	1.0
O=P(O)(O)Oc1ccccc1.O>>O=P(O)(O)O.Oc1ccccc1	0.7777777910232544
O=P(O)(OC[C@H]1OCC[C@@H]1OP(=O)(O)OC[C@H]1OCC[C@@H]1O)O[C@H]1CCO[C@@H]1CO.CC(=O)N(CC(O)CO)c1c(I)c(C(=O)NCCO)c(I)c(C(=O)NCC(O)CO)c1I>>Cc1cc(-c2ccc(N=Nc3ccc4c(S(=O)(=O)O)cc(S(=O)(=O)O)c(N)c4c3O)c(C)c2)ccc1N=Nc1ccc2c(S(=O)(=O)O)cc(S(=O)(=O)O)c(N)c2c1O.O=P(O)(OC[C@H]1OCC[C@@H]1OP(=O)(O)OC[C@H]1OCC[C@@H]1O)O[C@H]1CCO[C@@H]1CO	0.6158940196037292
O=P(O)(OC[C@H]1OCC[C@@H]1OP(=O)(O)OC[C@H]1OCC[C@@H]1O)O[C@H]1CCO[C@@H]1CO.NCCCNCCCNC(=O)C(N)CCCN=C(N)N.CC(O)(P(=O)(O)O)P(=O)(O)O>>O=P(O)(OC[C@H]1OCC[C@@H]1OP(=O)(O)OC[C@H]1OCC[C@@H]1O)O[C@H]1CCO[C@@H]1CO.O=C(NCC(O)CO)c1c(I)c(C(=O)NCC(O)CO)c(I)c(N(CCO)C(=O)CO)c1I.C=CC(O)C#CC#CCC=CCCCCCCC	0.3333333432674408
O=P([O-])(O)OC[C@H]1OCC[C@@H]1O.O=P([O-])([O-])OP(=O)([O-])O>>O=P([O-])([O-])OP(=O)([O-])OP(=O)([O-])OC[C@H]1OCC[C@@H]1O.O=P([O-])(O)OC[C@H]1OCC[C@@H]1O	1.0
O=P([O-])(O)OC[C@H]1OC[C@H](O)[C@@H]1O.O=P([O-])([O-])OP(=O)([O-])O>>O=P([O-])([O-])OP(=O)([O-])OP(=O)([O-])OC[C@H]1OC[C@H](O)[C@@H]1O.O=P([O-])(O)OC[C@H]1OC[C@H](O)[C@@H]1O	1.0
O=P([O-])([O-])OC[C@H](O)CO.O=C1C=CC(=O)C=C1>>O=C(CO)COP(=O)([O-])[O-].Oc1ccc(O)cc1	1.0
O=P([O-])([O-])OC[C@H](O)CO.O=COP(=O)([O-])[O-]>>O=COC[C@@H](O)COP(=O)([O-])[O-].O=P([O-])([O-])O	1.0
O=P([O-])([O-])OC[C@H](O)CO.[H+].O>>O=P([O-])(O)OC[C@H](O)CO.O	1.0
O=P([O-])([O-])OC[C@H]1OC(O)(CO)[C@@H](O)[C@@H]1O.NC(=O)CC[C@H]([NH3+])C(=O)[O-]>>[NH3+][C@H]1C(O)O[C@H](COP(=O)([O-])[O-])[C@@H](O)[C@@H]1O.[NH3+][C@@H](CCC(=O)[O-])C(=O)[O-]	1.0
O=P([O-])([O-])OC[C@H]1OC(O)(COP(=O)([O-])[O-])[C@@H](O)[C@H]1O>>O=C[C@H](O)COP(=O)([O-])[O-].O=C(CO)COP(=O)([O-])[O-]	1.0
O=P([O-])([O-])OC[C@H]1OC[C@H](O)[C@@H]1O.O=P([O-])([O-])O.[H+]>>O=P([O-])([O-])OP(=O)([O-])OC[C@H]1OC[C@H](O)[C@@H]1O.O	1.0
O=P([O-])([O-])OC[C@H]1OC[C@H](O)[C@@H]1O.O>>OC[C@H]1OC[C@H](O)[C@@H]1O.O=P([O-])([O-])O	1.0
O=P([O-])([O-])OC[C@H]1O[C@H](O)[C@H](O)[C@@H](O)[C@@H]1O>>O=P([O-])([O-])OC[C@H]1O[C@@H](O)[C@H](O)[C@@H](O)[C@@H]1O	1.0
O=P([O-])([O-])OC[C@H]1O[C@H](O)[C@H](O)[C@@H](O)[C@@H]1O>>O=P([O-])([O-])OC[C@H]1O[C@](O)(CO)[C@@H](O)[C@@H]1O	1.0
O=P([O-])([O-])OC[C@H]1O[C@H](OP(=O)([O-])OP(=O)([O-])[O-])[C@H](O)[C@@H]1O.NC(=O)CC[C@H]([NH3+])C(=O)[O-].O>>[NH3+][C@@H]1O[C@H](COP(=O)([O-])[O-])[C@@H](O)[C@H]1O.[NH3+][C@@H](CCC(=O)[O-])C(=O)[O-].O=P([O-])([O-])OP(=O)([O-])O	1.0
O=P([O-])([O-])OC[C@H]1O[C@H](OP(=O)([O-])OP(=O)([O-])[O-])[C@H](O)[C@@H]1O.Nc1ncnc2c1ncn2[C@@H]1O[C@H](COP(=O)([O-])[O-])[C@@H](O)[C@H]1O.[H+]>>Nc1ncnc2c1ncn2[C@@H]1O[C@H](COP(=O)([O-])OP(=O)([O-])OP(=O)([O-])[O-])[C@@H](O)[C@H]1O.O=P([O-])([O-])OC[C@H]1OC(O)[C@H](O)[C@@H]1O	1.0
O=P([O-])([O-])OC[C@H]1O[C@](O)(CO)[C@@H](O)[C@@H]1O.O=C[C@H](O)[C@H](O)COP(=O)([O-])[O-]>>O=C(CO)[C@@H](O)[C@H](O)[C@H](O)[C@H](O)COP(=O)([O-])[O-].O=C[C@H](O)COP(=O)([O-])[O-]	1.0
O=P([O-])([O-])OP(=O)([O-])O.C=CC(=C)CCC=C(C)C>>CC(C)=CCC/C(C)=C/COP(=O)([O-])OP(=O)([O-])[O-]	1.0
O=P([O-])([O-])OP(=O)([O-])OC[C@H]1OC[C@H](O)[C@@H]1O.O=P([O-])(O)OC[C@H]1OC[C@H](O)[C@@H]1O>>O=P([O-])(O)OC[C@H]1OC[C@H](O)[C@@H]1O.O=P([O-])([O-])O	1.0
O=P([O-])([O-])OP(=O)([O-])OC[C@H]1OC[C@H](O)[C@@H]1O.O=P([O-])([O-])O.[H+]>>O=P([O-])([O-])OP(=O)([O-])OP(=O)([O-])OC[C@H]1OC[C@H](O)[C@@H]1O.O	1.0
O=P([O-])([O-])OP(=O)([O-])OP(=O)([O-])OC[C@H]1OCC[C@@H]1O.O=P([O-])(O)OC[C@H]1OCC[C@@H]1O>>O=P([O-])(O)OC[C@H]1OCC[C@@H]1O.O=P([O-])([O-])OP(=O)([O-])O	1.0
O=P([O-])([O-])OP(=O)([O-])OP(=O)([O-])OC[C@H]1OC[C@H](O)[C@@H]1O.O=P([O-])(O)OC[C@H]1OC[C@H](O)[C@@H]1O>>O=P([O-])(O)OC[C@H]1OC[C@H](O)[C@@H]1O.O=P([O-])([O-])OP(=O)([O-])O	1.0
O=P([O-])([O-])OP(=O)([O-])OP(=O)([O-])OC[C@H]1OC[C@H](O)[C@@H]1O.O>>O=P([O-])([O-])OP(=O)([O-])OC[C@H]1OC[C@H](O)[C@@H]1O.O=P([O-])([O-])O.[H+]	1.0
O=P([O-])([O-])OP(=O)([O-])OP(=O)([O-])[O-].OC[C@H]1OCC[C@@H]1O.[H+]>>O=P([O-])([O-])OP(=O)([O-])OP(=O)([O-])OC[C@H]1OCC[C@@H]1O.O	1.0
O=P([O-])([O-])O[C@@H]1C[C@H](O)[C@@H](CO)O1>>O=P([O-])([O-])OC[C@H]1OC(O)C[C@@H]1O	1.0
O=P([O-])([O-])O[C@@H]1[C@H](O)[C@H](O)[C@@H](OP(=O)([O-])[O-])[C@H](OP(=O)([O-])[O-])[C@H]1O.Nc1ncnc2c1ncn2[C@@H]1O[C@H](COP(=O)([O-])OP(=O)([O-])OP(=O)([O-])[O-])[C@@H](O)[C@H]1O>>O=P([O-])([O-])O[C@H]1[C@H](O)[C@@H](OP(=O)([O-])[O-])[C@H](OP(=O)([O-])[O-])[C@@H](OP(=O)([O-])[O-])[C@H]1O.Nc1ncnc2c1ncn2[C@@H]1O[C@H](COP(=O)([O-])OP(=O)([O-])[O-])[C@@H](O)[C@H]1O.[H+]	1.0
O=P([O-])([O-])O[C@H]1O[C@H](CO)[C@@H](O)[C@H](O)[C@H]1O>>O=P([O-])([O-])OC[C@H]1O[C@H](O)[C@H](O)[C@@H](O)[C@@H]1O	1.0
O=[N+]([O-])c1ccc(F)c([N+](=O)[O-])c1.NC(CCC(=O)NC(CS)C(=O)NCC(=O)O)C(=O)O>>NC(CCC(=O)NC(CSc1ccc([N+](=O)[O-])cc1[N+](=O)[O-])C(=O)NCC(=O)O)C(=O)O.F	0.4893617033958435
O=[N+]([O-])c1ccc(NCCOP(=O)(O)OP(=O)([O-])O)c([N+](=O)[O-])c1.CC(O)C1C(=O)N2C(C(=O)O)=C(C3CCCO3)SC12.[Be+2].[F-].[F-].[F-]>>CCOc1ccc2c3c1OC1C(O)C=CC4C(C2)N(C)CCC341.O	0.8595505356788635
O=[N+]([O-])c1ccc(O[PH](=O)Oc2ccccc2)cc1.O>>O=[PH](Oc1ccccc1)Oc1ccccc1.O=[N+]([O-])c1ccc(O)cc1	0.4000000059604645
O=[N+]([O-])c1cccc(O[C@H]2O[C@H](CO)[C@H](O)[C@H](O)[C@H]2O)c1.O>>O=[N+]([O-])c1cccc(O)c1.OCC1OC(O)C(O)C(O)C1O	0.8630136847496033
O=[N+]([O-])c1ccccc1O[C@H]1O[C@H](CO)[C@@H](O[C@H]2O[C@H](CO)[C@@H](O)[C@H](O)[C@H]2O)[C@H](O)[C@H]1O.O>>OCC1OC(OC2C(CO)OC(O)C(O)C2O)C(O)C(O)C1O.O=[N+]([O-])c1ccccc1O	0.8265306353569031
O=c1[nH]cnc2c1ncn2C1OC(COP(=O)(O)OP(=O)(O)OP(=O)(O)O)C(O)C1O.O=C(O)C(O)COP(=O)(O)O>>O=c1[nH]cnc2c1ncn2C1OC(COP(=O)(O)OP(=O)(O)O)C(O)C1O.O=C(OP(=O)(O)O)C(O)COP(=O)(O)O	1.0
O=c1c(-c2ccc(O)cc2)coc2cc(O[C@@H]3O[C@H](CO)[C@@H](O)[C@H](O)[C@H]3O)ccc12.O=C(O)c1ccccc1-c1c2ccc(=O)cc-2oc2cc(O)ccc12>>CCOC(=O)C=C(C)C=CC=C(C)C=Cc1c(C)cc(OC)c(C)c1C.Cc1ccc(NC(=O)CN2CCS(=O)(=O)CC2)cc1Cl	0.6052631735801697
O=c1c2[cH:8][c:20]([O:51][C@H:34]3[C@H:31]([O:54][C@H:33]4[C@H:28]([OH:46])[C@@H:23]([OH:41])[C@H:18]([OH:40])[CH2:10][O:48]4)[C@@H:27]([OH:45])[C@@H:25]([OH:43])[C@@H:22]([CH2:11][OH:49])[O:53]3)[c:30](-[c:12]3[cH:3][cH:4][c:15]([OH:37])[c:17]([OH:39])[cH:5]3)oc-2[cH:7][c:13]([OH:36])[cH:6]1.[O:1]=[P:74]([O-:1])([O:70][C@@H:32]1[C@H:29]([OH:47])[C@@H:26]([OH:44])[C@H:24]([OH:42])[C@@H:21]([CH2:9][OH:35])[O:52]1)[O:73][P:75](=[O:2])([O-:2])[O:71][CH2:57][C@@H:58]1[C@@H:60]([OH:67])[C@@H:61]([OH:68])[C@H:62]([n:65]2[cH:56][cH:55][c:59](=[O:66])[nH:64][c:63]2=[O:69])[O:72]1>>O=c1c2[cH:8][c:20]([O:51][C@H:34]3[C@H:31]([O:54][C@H:33]4[C@H:28]([OH:46])[C@@H:23]([OH:41])[C@H:18]([OH:40])[CH2:10][O:48]4)[C@@H:27]([OH:45])[C@@H:25]([OH:43])[C@@H:22]([CH2:11][O:49][C@H:32]4[C@H:29]([OH:47])[C@@H:26]([OH:44])[C@H:24]([OH:42])[C@@H:21]([CH2:9][OH:35])[O:52]4)[O:53]3)[c:30](-[c:12]3[cH:3][cH:4][c:15]([OH:37])[c:17]([OH:39])[cH:5]3)oc-2[cH:7][c:13]([OH:36])[cH:6]1.[O:1]=[P:74]([O-:1])([O-:70])[O:73][P:75](=[O:2])([O-:2])[O:71][CH2:57][C@@H:58]1[C@@H:60]([OH:67])[C@@H:61]([OH:68])[C@H:62]([n:65]2[cH:56][cH:55][c:59](=[O:66])[nH:64][c:63]2=[O:69])[O:72]1	0.15333333611488342
O=c1cc(O[C@@H]2O[C@H](CO)[C@@H](O)[C@H](O)[C@H]2O)cc2oc(-c3ccc(O)c(O)c3)c(O[C@@H]3O[C@H](CO)[C@@H](O)[C@H](O)[C@H]3O)cc1-2.COc1cc(C(=O)[O-])ccc1O>>O=c1cc([O-])cc2oc(-c3ccc(O)c(O)c3)c(O[C@@H]3O[C@H](CO)[C@@H](O)[C@H](O)[C@H]3O)cc1-2.COc1cc(C(=O)O[C@@H]2O[C@H](CO)[C@@H](O)[C@H](O)[C@H]2O)ccc1O	1.0
O=c1ccn([C@@H]2O[C@H](COP(=O)(O)O[C@H]3[C@@H](O)[C@H](n4ccc(=O)[nH]c4=O)O[C@@H]3CO)[C@@H](O)[C@H]2O)c(=O)[nH]1.O>>O=c1ccn(C2OC(CO)C(OP(=O)(O)O)C2O)c(=O)[nH]1.O=c1ccn(C2OC(CO)C(O)C2O)c(=O)[nH]1	0.7241379022598267
OC1CCOCC1CN1CCN(C2CC2)CC1.O=O>>NNc1cnc(Cn2c(=O)ccc3ccccc32)cn1	0.5178571343421936
OCC(O)CO.O>>OCC(O)CO.O=C[O-].[H+]	1.0
OCC1OC(OCC2OC(O)C(O)C(O)C2O)C(O)C(O)C1O.O>>OCC1OC(O)C(O)C(O)C1O	0.6666666865348816
OC[C@H]1OC(O)[C@@H](O)[C@@H](O)[C@@H]1O.OO>>OC[C@@H](O)[C@@H](O)[C@H](O)[C@H](O)CO.O=O	1.0
OC[C@H]1O[C@@H](n2cnc3c(O)ncnc32)[C@H](O)[C@@H]1O.O=P([O-])([O-])O>>O=P([O-])([O-])O[C@H]1O[C@H](CO)[C@@H](O)[C@H]1O.O=C1N=CN=C2N=CN=C12	1.0
OC[C@H]1O[C@@](O)(CO)[C@@H](O)[C@@H]1O>>OC[C@H]1O[C@H](O)[C@H](O)[C@@H](O)[C@@H]1O	1.0
O[C@@H]1C(Cl)=CC=C(C(c2ccc(Cl)cc2)C(Cl)(Cl)Cl)[C@@H]1O.CC(O)(P(=O)(O)O)P(=O)(O)O>>CN1C(=O)CN=C(c2ccccc2F)c2cc([N+](=O)[O-])ccc21.CCCCC(CC)COC(=O)C=CC(=O)OCC(CC)CCCC.CCNCC(O)c1cccc(O)c1	0.6263736486434937
O[C@@H]1CCC[C@H](C2CCOCC2)C1>>CCOc1ccc2c3c1OC1C(O)C=CC4C(C2)N(C)CCC341.O[C@@H]1CCC[C@@H](C2CCOCC2)C1	0.5523809790611267
Oc1ccc2c(c1F)[C@H](CCOc1ccccc1)NCC2.CC(O)(P(=O)(O)O)P(=O)(O)O>>CN1C(=O)CN=C(c2ccccc2F)c2cc([N+](=O)[O-])ccc21.CC1C(OC(=O)C(O)c2ccccc2)CCC(C)(C)N1C.Oc1cc2c(cc1F)CCN[C@@H]2CCOc1ccccc1.CCNCC(O)c1cccc(O)c1	0.8388888835906982
Oc1cccc(O)c1O.OO>>O=C(O)C=CCC(=O)C(=O)O.O	0.31343284249305725
Oc1ccccc1O.OO>>O=C1C=CC=CC1=O.O	0.9230769276618958
[C:1](#[N:2])[O-:4].[SH2:3]>>[C:1](#[N:2])[S-:3].[OH2:4]	0.2380952388048172
[CH2:1]([C@@H:2]1[C@@H:3]([OH:8])[C:4](=[O:9])[C@@H:5]([OH:10])[CH:6]([OH:11])[O:12]1)[OH:7]>>[CH2:1]([C@@H:2]1[C@@H:3]([OH:8])[C@H:4]([OH:9])[C@@H:5]([OH:10])[CH:6]([OH:11])[O:12]1)[OH:7]	0.18390804529190063
[CH2:1]([C@@H:5]1[C@@H:7]([OH:16])[C@H:8]([OH:17])[C@@H:9]([OH:18])[C@@H:11]([O:20][C@@:12]2([CH2:3][OH:21])[C@@H:10]([OH:19])[C@H:6]([OH:15])[C@@H:4]([CH2:2][OH:22])[O:14]2)[O:23]1)[OH:13]>>[CH2:1]([C@@H:5]1[C@@H:7]([OH:16])[C@H:8]([OH:17])[C@@H:9]([OH:18])[C@@H:11]([O:21][CH2:3][C@:12]2([OH:20])[C@@H:10]([OH:19])[C@H:6]([OH:15])[C@H:4]([OH:14])[CH2:2][O:22]2)[O:23]1)[OH:13]	0.08641975373029709
[CH2:1]=[C:18]([CH3:2])[C@@H:19]([CH3:3])[CH2:7][CH2:8][C@@H:20]([CH3:4])[C@H:24]1[CH2:11][CH2:12][C@H:25]2[C:23]3=[CH:10][CH2:9][C@H:21]4[CH2:17][C@@H:22]([OH:29])[CH2:13][CH2:15][C@:27]4([CH3:5])[C@H:26]3[CH2:14][CH2:16][C@:28]12[CH3:6]>>[CH2:1]=[C:18]([CH3:2])[C@@H:19]([CH3:3])[CH2:7][CH2:8][C@@H:20]([CH3:4])[C@H:24]1[CH2:11][CH2:12][C@H:25]2[C:23]3=[C:26]([CH2:14][CH2:16][C@:28]12[CH3:6])[C@@:27]1([CH3:5])[CH2:15][CH2:13][C@H:22]([OH:29])[CH2:17][C@@H:21]1[CH2:9][CH2:10]3	0.1538461595773697
[CH2:1]=[C:18]([CH3:2])[C@@H:19]([CH3:3])[CH2:7][CH2:8][C@@H:20]([CH3:4])[C@H:24]1[CH2:11][CH2:12][C@H:25]2[C:23]3=[CH:10][CH2:9][C@H:21]4[CH2:17][C@@H:22]([OH:29])[CH2:13][CH2:15][C@:27]4([CH3:5])[C@H:26]3[CH2:14][CH2:16][C@:28]12[CH3:6]>>[CH3:1][CH:18]([CH3:2])[C@@H:19]([CH3:3])[CH2:7][CH2:8][C@@H:20]([CH3:4])[C@H:24]1[CH2:11][CH2:12][C@H:25]2[C:23]3=[CH:10][CH2:9][C@H:21]4[CH2:17][C@@H:22]([OH:29])[CH2:13][CH2:15][C@:27]4([CH3:5])[C@H:26]3[CH2:14][CH2:16][C@:28]12[CH3:6]	0.3125
[CH2:1]=[CH:3][c:7]1[cH:4][cH:5][c:8]([OH:10])[c:9]([O:11][CH3:2])[cH:6]1>>[CH3:1][CH2:3][c:7]1[cH:4][cH:5][c:8]([OH:10])[c:9]([O:11][CH3:2])[cH:6]1	0.2083333283662796
[CH2:2]([C@@H:3]1[C@@H:5]([OH:9])[C@H:6]([OH:10])[C@@H:4]([NH3+:8])[CH:7]([OH:11])[O:13]1)[OH:12].[O:1]=[P:14]([O-:1])([O-:1])[OH:1]>>[O:1]=[P:14]([O-:1])([O-:1])[O:12][CH2:2][C@@H:3]1[C@@H:5]([OH:9])[C@H:6]([OH:10])[C@@H:4]([NH3+:8])[CH:7]([OH:11])[O:13]1.[OH2:1]	0.13793103396892548
[CH2:4]1[C@:17]2([CH2:10][CH2:9][CH2:14][C@@:23]3([CH3:8])[CH2:15][CH2:13][C:20]4=[C:18]([CH3:5])[CH2:11][CH2:12][C@@H:19]([CH2:16][C@H:21]23)[C:22]4([CH3:6])[CH3:7])[O:29]1.[O:1]=[C:26]([O-:1])[CH2:24][CH2:25][C:27](=[O:2])[O-:2].[O:3]=[C:28]=[O:3]>>[CH2:4]=[C:17]1[CH2:10][CH2:9][CH2:14][C@@:23]2([CH3:8])[CH2:15][CH2:13][C:20]3=[C:18]([CH3:5])[CH2:11][CH2:12][C@@H:19]([CH2:16][C@H:21]12)[C:22]3([CH3:6])[CH3:7].[O:1]=[C:26]([CH2:24][CH2:25][C:27](=[O:2])[O-:2])[C:28](=[O:3])[O-:3].[O:1]=[O:29]	0.2800000011920929
[CH2:6]([C@@H:11]1[C@@H:13]([OH:19])[C@H:14]([OH:20])[C@@H:15]([OH:21])[CH:16]([OH:25])[O:24]1)[OH:17].[CH3:1][c:7]1[cH:4][c:12](=[O:18])[o:23][c:10]2[cH:5][c:8]([OH:22])[cH:2][cH:3][c:9]12>>[CH3:1][c:7]1[cH:4][c:12](=[O:18])[o:23][c:10]2[cH:5][c:8]([O:22][C@H:16]3[C@H:15]([OH:21])[C@@H:14]([OH:20])[C@H:13]([OH:19])[C@@H:11]([CH2:6][OH:17])[O:24]3)[cH:2][cH:3][c:9]12.[OH2:25]	0.2215568870306015
[CH3:14][O:26][C:23]1=[CH:20][C:21](=[CH:16][CH2:15][CH2:19][OH:24])[CH:17]=[CH:18][C:22]1=[O:25].[CH3:27][O:39][C:36]1=[CH:33][C:34](=[CH:29][CH2:28][CH2:32][OH:37])[CH:30]=[CH:31][C:35]1=[O:38].[CH3:40][O:52][C:49]1=[CH:46][C:47](=[CH:42][CH2:41][CH2:45][OH:50])[CH:43]=[CH:44][C:48]1=[O:51].[CH3:1][O:13][C:10]1=[CH:7][C:8](=[CH:3][CH2:2][CH2:6][OH:11])[CH:4]=[CH:5][C:9]1=[O:12].[OH2:53].[OH2:54]>>[CH3:14][O:26][c:23]1[cH:20][c:21](/[CH:16]=[CH:15]/[CH2:19][OH:24])[cH:17][cH:18][c:22]1[OH:25].[CH3:27][O:39][c:36]1[cH:33][c:34](/[CH:29]=[CH:28]/[CH2:32][OH:37])[cH:30][cH:31][c:35]1[OH:38].[CH3:40][O:52][c:49]1[cH:46][c:47](/[CH:42]=[CH:41]/[CH2:45][OH:50])[cH:43][cH:44][c:48]1[OH:51].[CH3:1][O:13][c:10]1[cH:7][c:8](/[CH:3]=[CH:2]/[CH2:6][OH:11])[cH:4][cH:5][c:9]1[OH:12].[O:53]=[O:54]	0.5178571343421936
[CH3:1]/[C:20]([CH2:10][CH2:7]/[CH:12]=[C:21](/[CH3:2])[CH2:14][CH2:15]/[CH:23]=[C:25](/[CH3:6])[CH2:18][CH2:9][CH:17]=[C:24]([CH3:4])[CH3:5])=[CH:11]/[CH2:8][CH2:13]/[C:22]([CH3:3])=[CH:16]\[CH2:19][OH:26].[OH2:27]>>[CH3:1]/[C:20]([CH2:10][CH2:7]/[CH:12]=[C:21](\[CH3:2])[CH2:14][CH2:15][C@H:23]1[C:24]([CH3:4])([CH3:5])[CH2:17][CH2:9][CH2:18][C@:25]1([CH3:6])[OH:27])=[CH:11]\[CH2:8][CH2:13]/[C:22]([CH3:3])=[CH:16]\[CH2:19][OH:26]	0.07480315119028091
[CH3:1]/[CH:2]=[CH:3]\[CH:4]=[O:5]>>[CH3:1]/[CH:2]=[CH:3]\[CH2:4][OH:5]	0.21739129722118378
[CH3:1][C:12](/[CH:6]=[CH:8]/[C:16](=[C:19]1[C:17](=[O:25])[CH2:11][NH:23][C:21]1=[O:26])[OH:24])=[CH:10]\[C@@H:13]([CH3:2])[C@@H:20]1[C@@H:15]([CH3:4])[CH:18]2[C@@H:9]([OH:30])[CH:7]=[C:14]([CH3:3])[C:22]([CH3:5])([O:27]2)[O:28]1.[OH2:29]>>[CH3:1][C:12](/[CH:6]=[CH:8]/[C:16](=[C:19]1[C:17](=[O:25])[CH2:11][NH:23][C:21]1=[O:26])[OH:24])=[CH:10]\[C@@H:13]([CH3:2])[C@@H:20]1[C@@H:15]([CH3:4])[CH:18]2[CH2:9][CH:7]=[C:14]([CH3:3])[C:22]([CH3:5])([O:27]2)[O:28]1.[O:29]=[O:30]	0.0824742242693901
[CH3:1][C:12]([CH3:2])=[CH:7][CH2:9][C@@:15]1([OH:26])[C:19]([O-:23])=[C:16]([CH2:10][CH:8]=[C:13]([CH3:3])[CH3:4])[C:21]([OH:25])=[C:18]([C:17]([CH2:11][CH:14]([CH3:5])[CH3:6])=[O:22])[C:20]1=[O:24].[OH2:27]>>[CH3:1][C:12]([CH3:2])=[CH:7][CH2:9][c:15]1[c:19]([O-:23])[c:16]([CH2:10][CH:8]=[C:13]([CH3:3])[CH3:4])[c:21]([OH:25])[c:18]([C:17]([CH2:11][CH:14]([CH3:5])[CH3:6])=[O:22])[c:20]1[OH:24].[O:26]=[O:27]	0.10116731375455856
[CH3:1][C:21]([CH3:2])=[CH:17][CH2:8][CH2:13]/[C:23]([CH3:4])=[CH:19]\[CH2:10][CH2:15]/[C:25]([CH3:6])=[CH:11]\[CH2:7][CH2:12]/[C:22]([CH3:3])=[CH:18]\[CH2:9][CH2:14]/[C:24]([CH3:5])=[CH:20]\[CH2:16][OH:26].[OH2:27]>>[CH3:1][C:21]1([CH3:2])[CH2:11][CH2:7][CH2:12][C@@:22]2([CH3:3])[CH:17]1[CH2:8][CH2:13][C@:23]1([CH3:4])[CH:18]2[CH2:9][CH2:14][C@@:24]2([CH3:5])[C@@H:19]1[CH2:10][CH2:15][C@@:25]([CH3:6])([OH:27])[C@@H:20]2[CH2:16][OH:26]	0.6898396015167236
[CH3:1][C:21]([CH3:2])=[CH:17][CH2:8][CH2:13]/[C:23]([CH3:4])=[CH:19]\[CH2:10][CH2:15]/[C:25]([CH3:6])=[CH:11]\[CH2:7][CH2:12]/[C:22]([CH3:3])=[CH:18]\[CH2:9][CH2:14]/[C:24]([CH3:5])=[CH:20]\[CH2:16][OH:26].[OH2:27]>>[CH3:1][C:21]1([CH3:2])[CH2:11][CH2:7][CH2:12][C@@:22]2([CH3:3])[CH:17]1[CH2:8][CH2:13][C@:23]1([CH3:4])[CH:18]2[CH2:9][CH2:14][C@@:24]2([CH3:5])[C@H:19]1[CH2:10][CH2:15][C@@:25]([CH3:6])([OH:27])[C@@H:20]2[CH2:16][OH:26]	0.6898396015167236
[CH3:1][C:29](=[CH:15]\[CH:11]=[CH:12]\[CH:16]=[C:30]([CH3:2])\[CH:18]=[CH:14]\[CH:20]=[C:32]([CH3:4])\[CH:22]=[CH:24]\[C:36]1=[C:34]([CH3:6])[C:38](=[O:42])[CH2:26][C@H:28]([OH:46])[C:40]1([CH3:9])[CH3:10])/[CH:17]=[CH:13]/[CH:19]=[C:31]([CH3:3])/[CH:21]=[CH:23]/[C:35]1=[C:33]([CH3:5])[C:37](=[O:41])[CH2:25][C@H:27]([OH:43])[C:39]1([CH3:7])[CH3:8].[OH2:44].[OH2:45]>>[CH3:1][C:29](=[CH:15]\[CH:11]=[CH:12]\[CH:16]=[C:30]([CH3:2])\[CH:18]=[CH:14]\[CH:20]=[C:32]([CH3:4])\[CH:22]=[CH:24]\[C:36]1=[C:34]([CH3:6])[C:38](=[O:42])[CH2:26][CH2:28][C:40]1([CH3:9])[CH3:10])/[CH:17]=[CH:13]/[CH:19]=[C:31]([CH3:3])/[CH:21]=[CH:23]/[C:35]1=[C:33]([CH3:5])[C:37](=[O:41])[CH2:25][CH2:27][C:39]1([CH3:7])[CH3:8].[O:43]=[O:44].[O:45]=[O:46]	0.313043475151062
[CH3:1][C:3]([CH2:2][OH:4])=[O:5]>>[CH3:1][C@@H:3]([CH2:2][OH:4])[OH:5]	0.21739129722118378
[CH3:1][C:5]([NH:21][C@@H:9]1[C@@H:12]([OH:27])[C@H:17]([O:37][C@H:20]2[C@@H:16]([OH:31])[C@@H:14]([OH:29])[C@H:11]([OH:26])[C@@H:8]([CH2:4][OH:33])[O:36]2)[C@@H:7]([CH2:3][OH:23])[O:34][CH:18]1[OH:32])=[O:24].[CH2:2]([C@@H:6]1[C@@H:10]([OH:25])[C@H:13]([OH:28])[C@H:15]([OH:30])[CH:19]([OH:38])[O:35]1)[OH:22]>>[CH3:1][C:5]([NH:21][C@@H:9]1[C@@H:12]([OH:27])[C@H:17]([O:37][C@H:20]2[C@@H:16]([OH:31])[C@@H:14]([OH:29])[C@H:11]([OH:26])[C@@H:8]([CH2:4][O:33][C@@H:19]3[C@@H:15]([OH:30])[C@@H:13]([OH:28])[C@H:10]([OH:25])[C@@H:6]([CH2:2][OH:22])[O:35]3)[O:36]2)[C@@H:7]([CH2:3][OH:23])[O:34][C@H:18]1[OH:32])=[O:24].[OH2:38]	0.08505747467279434
[CH3:1][C@H:18]1[CH2:7][CH2:12][C@:39]2([C@@H:19]([CH3:2])[C@H:28]3[C@H:25]([CH2:14][C@H:24]4[C@@H:22]5[CH2:6][CH2:5][C@H:20]6[CH2:13][C@@H:21]([O:48][C@H:35]7[C@H:33]([OH:47])[C@@H:31]([OH:45])[C@@H:34]([OH:51])[C@@H:27]([CH2:17][OH:42])[O:50]7)[CH2:8][CH2:10][C@:37]6([CH3:3])[C@H:23]5[CH2:9][CH2:11][C@@:38]43[CH3:4])[O:52]2)[NH:40][CH2:15]1.[CH2:16]([C@@H:26]1[C@@H:29]([OH:43])[C@H:30]([OH:44])[C@@H:32]([OH:46])[C@H:36]([OH:53])[O:49]1)[OH:41]>>[CH3:1][C@H:18]1[CH2:7][CH2:12][C@:39]2([C@@H:19]([CH3:2])[C@H:28]3[C@H:25]([CH2:14][C@H:24]4[C@@H:22]5[CH2:6][CH2:5][C@H:20]6[CH2:13][C@@H:21]([O:48][C@H:35]7[C@H:33]([OH:47])[C@@H:31]([OH:45])[C@@H:34]([O:51][C@H:36]8[C@H:32]([OH:46])[C@@H:30]([OH:44])[C@H:29]([OH:43])[C@@H:26]([CH2:16][OH:41])[O:49]8)[C@@H:27]([CH2:17][OH:42])[O:50]7)[CH2:8][CH2:10][C@:37]6([CH3:3])[C@H:23]5[CH2:9][CH2:11][C@@:38]43[CH3:4])[O:52]2)[NH:40][CH2:15]1.[OH2:53]	0.08013937622308731
[CH3:1][C@H:4]1[C@H:3]2[C@@H:5]([CH2:6][CH2:9]1)[C:10]([CH3:2])=[CH:8][O:12][C@H:7]2[OH:11]>>[CH3:1][C@H:9]([CH2:4][CH2:3]/[CH:5]=[C:10](\[CH3:2])[CH:8]=[O:12])/[CH:6]=[CH:7]/[OH:11]	0.25196850299835205
[CH3:1][C@H:8]1[C@H:17]([OH:32])[C@@H:20]([OH:35])[C@@H:22]([OH:37])[C@H:26]([O:39][CH2:7][C@@H:15]2[C@@H:18]([OH:33])[C@H:21]([OH:36])[C@@H:23]([OH:38])[C@H:27]([OH:43])[O:42]2)[O:40]1.[cH:2]1[cH:3][c:11]([OH:29])[c:12]([OH:30])[cH:4][c:9]1-[c:24]1[c:25]([OH:44])[c:19](=[O:34])[c:16]2[c:13]([OH:31])[cH:5][c:10]([O-:28])[cH:6][c:14]2[o:41]1>>[CH3:1][C@H:8]1[C@H:17]([OH:32])[C@@H:20]([OH:35])[C@@H:22]([OH:37])[C@H:26]([O:39][CH2:7][C@@H:15]2[C@@H:18]([OH:33])[C@H:21]([OH:36])[C@@H:23]([OH:38])[C@H:27]([O:43][c:25]3[c:19](=[O:34])[c:16]4[c:13]([OH:31])[cH:5][c:10]([O-:28])[cH:6][c:14]4[o:41][c:24]3-[c:9]3[cH:2][cH:3][c:11]([OH:29])[c:12]([OH:30])[cH:4]3)[O:42]2)[O:40]1.[OH2:44]	0.12195122241973877
[CH3:1][CH2:3][N:5]([CH2:4][CH3:2])[OH:7].[OH2:6]>>[CH3:1][CH2:3][NH2+:5][CH2:4][CH3:2].[O:6]=[O:7]	0.14814814925193787
[CH3:1][CH2:5][CH2:6][CH2:7][CH2:8][CH2:9][CH2:10][CH2:11][CH2:12][CH2:13][C:15]1=[C:14]([CH3:2])[C:16](=[O:20])[C:18]([O:22][CH3:3])=[C:19]([O:23][CH3:4])[C:17]1=[O:21].[OH2:24].[OH2:25]>>[CH3:1][CH2:5][CH2:6][CH2:7][CH2:8][CH2:9][CH2:10][CH2:11][CH2:12][CH2:13][c:15]1[c:14]([CH3:2])[c:16]([OH:20])[c:18]([O:22][CH3:3])[c:19]([O:23][CH3:4])[c:17]1[OH:21].[OH:24][OH:25]	0.10599078238010406
[CH3:1][CH:4]([C:5]([CH3:2])([CH3:3])[OH:6])[OH:7].[OH2:8]>>[CH3:1][CH2:4][C:5]([CH3:2])([CH3:3])[OH:6].[O:7]=[O:8]	0.24074074625968933
[CH3:1][O:20][c:14]1[cH:8][c:12]2[c:10]([cH:6][c:13]1[OH:19])[CH2:9][N:17]1[CH2:5][CH2:4][C@:16]23[CH2:3][CH2:2][C:11](=[O:18])[CH2:7][C@H:15]31>>[CH3:1][O:20][c:14]1[cH:8][c:12]2[c:10]([cH:6][c:13]1[OH:19])[CH2:9][N:17]1[CH2:5][CH2:4][C@:16]23[CH2:3][CH2:2][C@H:11]([OH:18])[CH2:7][C@H:15]31	0.20000000298023224
[CH3:1][O:20][c:14]1[cH:8][c:12]2[c:10]([cH:6][c:13]1[OH:19])[CH2:9][N:17]1[CH2:5][CH2:4][C@@:16]23[CH:3]=[CH:2][C:11](=[O:18])[CH2:7][C@@H:15]31>>[CH3:1][O:20][c:14]1[cH:8][c:12]2[c:10]([cH:6][c:13]1[OH:19])[CH2:9][N:17]1[CH2:5][CH2:4][C@@:16]23[CH2:3][CH2:2][C:11](=[O:18])[CH2:7][C@@H:15]31	0.20253165066242218
[CH3:1][O:23][c:11]1[cH:6][cH:5][c:9](-[c:17]2[c:19]([O:26][CH3:4])[c:16](=[O:22])[c:14]3[c:12]([cH:8][c:13]([O:24][CH3:2])[c:18]([O:25][CH3:3])[c:15]3[OH:21])[o:27]2)[c:7]([OH:29])[c:10]1[OH:20].[OH2:28]>>[CH3:1][O:23][c:11]1[cH:6][cH:5][c:9](-[c:17]2[c:19]([O:26][CH3:4])[c:16](=[O:22])[c:14]3[c:12]([cH:8][c:13]([O:24][CH3:2])[c:18]([O:25][CH3:3])[c:15]3[OH:21])[o:27]2)[cH:7][c:10]1[OH:20].[O:28]=[O:29]	0.07865168899297714
[CH3:1][O:23][c:16]1[cH:7][c:12]2[cH:5][c:13]3[c:20]([c:19](-[c:11]4[cH:3][cH:4][c:15]5[c:18]([cH:6]4)[O:27][CH2:10][O:26]5)[c:14]2[cH:8][c:17]1[O:24][CH3:2])[C:21](=[O:22])[O:25][CH2:9]3>>[CH3:1][O:23][c:16]1[cH:7][c:12]2[c:14]([cH:8][c:17]1[O:24][CH3:2])[C:19]([c:11]1[cH:3][cH:4][c:15]3[c:18]([cH:6]1)[O:27][CH2:10][O:26]3)=[C:20]1[CH:13]([CH2:5]2)[CH2:9][O:25][C:21]1=[O:22]	0.3333333432674408
[CH3:1][O:25][c:15]1[cH:6][c:11]([C@@H:18]2[c:13]3[cH:8][c:17]4[c:22]([c:20]([O:27][CH3:3])[c:14]3[C@H:5]([OH:32])[C@H:12]3[CH2:9][O:29][C:23](=[O:24])[C@@H:19]32)[O:31][CH2:10][O:30]4)[cH:7][c:16]([O:26][CH3:2])[c:21]1[O:28][CH3:4].[OH2:33]>>[CH3:1][O:25][c:15]1[cH:6][c:11]([C@@H:18]2[c:13]3[cH:8][c:17]4[c:22]([c:20]([O:27][CH3:3])[c:14]3[CH2:5][C@H:12]3[CH2:9][O:29][C:23](=[O:24])[C@@H:19]32)[O:31][CH2:10][O:30]4)[cH:7][c:16]([O:26][CH3:2])[c:21]1[O:28][CH3:4].[O:32]=[O:33]	0.0776699036359787
[CH3:1][O:41][c:19]1[cH:7][c:13]([C@@H:29]2[C@H:15]3[CH2:11][O:44][C@H:30]([c:14]4[cH:4][cH:6][c:18]([OH:46])[c:20]([O:42][CH3:2])[cH:8]4)[C@H:16]3[CH2:12][O:43]2)[cH:3][cH:5][c:17]1[OH:45].[CH2:10]([C@@H:22]1[C@@H:24]([OH:36])[C@H:26]([OH:38])[C@@H:28]([OH:40])[CH:32]([OH:50])[O:48]1)[OH:34].[CH2:9]([C@@H:21]1[C@@H:23]([OH:35])[C@H:25]([OH:37])[C@@H:27]([OH:39])[CH:31]([OH:49])[O:47]1)[OH:33]>>[CH3:1][O:41][c:19]1[cH:7][c:13]([C@@H:29]2[C@H:15]3[CH2:11][O:44][C@H:30]([c:14]4[cH:4][cH:6][c:18]([O:46][C@H:32]5[C@H:28]([OH:40])[C@@H:26]([OH:38])[C@H:24]([OH:36])[C@@H:22]([CH2:10][OH:34])[O:48]5)[c:20]([O:42][CH3:2])[cH:8]4)[C@H:16]3[CH2:12][O:43]2)[cH:3][cH:5][c:17]1[O:45][C@H:31]1[C@H:27]([OH:39])[C@@H:25]([OH:37])[C@H:23]([OH:35])[C@@H:21]([CH2:9][OH:33])[O:47]1.[OH2:49].[OH2:50]	0.10216718167066574
[CH3:2][C:6]([NH:20][C@@H:7]([CH2:4][SH:34])[C:18]([NH:21][C@@H:9]1[C@@H:11]([OH:25])[C@H:10]([OH:24])[C@@H:8]([CH2:3][OH:22])[O:32][C@@H:19]1[O:33][C@H:17]1[C@H:15]([OH:29])[C@@H:13]([OH:27])[C@H:12]([OH:26])[C@@H:14]([OH:28])[C@H:16]1[OH:30])=[O:31])=[O:23].[O:1]=[CH:5][O-:1]>>[O:1]=[CH:5][S:34][CH2:4][C@@H:7]([C:18]([NH:21][C@@H:9]1[C@@H:11]([OH:25])[C@H:10]([OH:24])[C@@H:8]([CH2:3][OH:22])[O:32][C@@H:19]1[O:33][C@H:17]1[C@H:15]([OH:29])[C@@H:13]([OH:27])[C@H:12]([OH:26])[C@@H:14]([OH:28])[C@H:16]1[OH:30])=[O:31])[NH:20][C:6]([CH3:2])=[O:23].[OH2:1]	0.10769230872392654
[CH3:2][C:9]1=[CH:6][C@@H:12]2[C@:19]([CH2:7][OH:25])([C@H:15]([OH:24])[C:13]1=[O:22])[C@@:18]1([CH3:5])[C@H:16]([O:27][C:11]([CH3:4])=[O:21])[C@@H:14]([OH:23])[C@H:17]([C:20]13[CH2:8][O:26]3)[O:28]2.[O:1]=[C:10]([O-:1])[CH3:3]>>[O:1]=[C:10]([CH3:3])[O:25][CH2:7][C@@:19]12[C@@H:12]([CH:6]=[C:9]([CH3:2])[C:13](=[O:22])[C@H:15]1[OH:24])[O:28][C@@H:17]1[C@H:14]([OH:23])[C@@H:16]([O:27][C:11]([CH3:4])=[O:21])[C@@:18]2([CH3:5])[C:20]12[CH2:8][O:26]2.[OH2:1]	0.09090909361839294
[CH3:2][C@@H:15](/[CH:10]=[CH:9]/[CH:11]=[C:16](/[CH3:3])[C:33]([NH:36][C:21]1=[CH:14][C:22](=[O:37])[c:24]2[c:25]([c:29]([OH:40])[c:19]([CH3:6])[c:30]([OH:41])[cH:26]2)[C:31]1=[O:42])=[O:43])[C@@H:27]([C@@H:18]([CH3:5])[C@H:28]([C@@H:20]([CH3:7])[C@H:32]1[C@H:17]([CH3:4])[C@H:23]2[CH2:12][CH2:13][C@@:35]([CH3:8])([O:44]2)[O:45]1)[OH:39])[OH:38].[O:1]=[C:34]=[O:1]>>[O:1]=[C:34]([O-:1])[c:26]1[c:24]2[c:25]([c:29]([OH:40])[c:19]([CH3:6])[c:30]1[OH:41])[C:31](=[O:42])[C:21]([NH:36][C:33](/[C:16]([CH3:3])=[CH:11]\[CH:9]=[CH:10]\[C@H:15]([CH3:2])[C@@H:27]([C@@H:18]([CH3:5])[C@H:28]([C@@H:20]([CH3:7])[C@H:32]1[C@H:17]([CH3:4])[C@H:23]3[CH2:12][CH2:13][C@@:35]([CH3:8])([O:44]3)[O:45]1)[OH:39])[OH:38])=[O:43])=[CH:14][C:22]2=[O:37]	0.08974359184503555
[CH3:2][CH2:3][CH2:4][CH2:5][CH2:6]/[CH:7]=[CH:8]\[CH2:9]/[CH:10]=[CH:11]\[CH2:12]/[CH:13]=[CH:14]\[CH2:15]/[CH:16]=[CH:17]\[CH2:18][CH2:19][CH2:20][C:24](=[O:26])[O:28][CH:23]([CH2:21][OH:25])[CH2:22][OH:27].[O:1]=[P:29]([O-:1])([O-:1])[OH:1]>>[O:1]=[P:29]([O-:1])([O-:1])[O:27][CH2:22][C@@H:23]([CH2:21][OH:25])[O:28][C:24]([CH2:20][CH2:19][CH2:18]/[CH:17]=[CH:16]\[CH2:15]/[CH:14]=[CH:13]\[CH2:12]/[CH:11]=[CH:10]\[CH2:9]/[CH:8]=[CH:7]\[CH2:6][CH2:5][CH2:4][CH2:3][CH3:2])=[O:26].[OH2:1]	0.07476635277271271
[CH3:2][CH2:3][CH2:4][CH2:5][CH2:6][CH2:7][CH2:8][C:12]([C@H:13]1[C@H:11]([CH2:10][OH:15])[CH2:9][O:18][C:14]1=[O:17])=[O:16].[O:1]=[P:19]([O-:1])([O-:1])[OH:1]>>[O-:1][P:19]([O-:1])([O:1][CH2:10][C@@H:11]1[CH2:9][O:18][C:14](=[O:16])[C@H:13]1[C:12]([CH2:8][CH2:7][CH2:6][CH2:5][CH2:4][CH2:3][CH3:2])=[O:15])=[O:17].[OH2:1]	0.10204081982374191
[CH3:2][CH:7]1[C:18](=[O:28])[NH:22][CH:13]2[CH:17]([C@H:16]([O:33][C@H:20]3[C@H:12]([NH:21][C:8]([CH3:3])=[O:25])[C@@H:15]([OH:27])[C@H:14]([OH:26])[C@@H:10]([CH2:5][OH:23])[O:32]3)[C@@H:11]([CH2:6][OH:24])[O:31][CH:19]2[OH:29])[O:30]1.[O:1]=[C:9]([O-:1])[CH3:4]>>[O:1]=[C:9]([CH3:4])[NH:22][C@@H:13]1[C@@H:17]([O:30][C@H:7]([CH3:2])[C:18]([O-:1])=[O:28])[C@H:16]([O:33][C@H:20]2[C@H:12]([NH:21][C:8]([CH3:3])=[O:25])[C@@H:15]([OH:27])[C@H:14]([OH:26])[C@@H:10]([CH2:5][OH:23])[O:32]2)[C@@H:11]([CH2:6][OH:24])[O:31][CH:19]1[OH:29]	0.07894736528396606
[CH3:2][CH:92]1[C@@H:111]([CH2:90][OH:113])[O:117][CH2:87][CH2:83][C@H:106]([CH3:39])[CH2:69][CH2:49][CH2:63][C@H:99]([CH3:32])[CH2:58][CH2:44][CH2:55][C@H:96]([CH3:29])[CH2:61][CH2:47][CH2:67][C@H:102]([CH3:35])[CH2:77][CH2:78][C@@H:103]([CH3:36])[CH2:71][CH2:51][CH2:73][C@@H:108]([CH3:41])[CH:110]2[CH2:80][CH2:79][CH:109]([CH2:74][CH2:52][CH2:72][C@@H:105]([CH3:38])[CH2:82][CH2:86][O:116][CH2:93][C@@H:112]([CH2:91][OH:114])[O:118][CH2:88][CH2:84][C@H:107]([CH3:40])[CH2:70][CH2:50][CH2:64][C@H:98]([CH3:31])[CH2:57][CH2:43][CH2:54][C@H:95]([CH3:28])[CH2:60][CH2:46][CH2:66][C@H:101]([CH3:34])[CH2:76][CH2:75][C@@H:100]([CH3:33])[CH2:65][CH2:45][CH2:59][C@@H:94]([CH3:27])[CH2:53][CH2:42][CH2:56][C@@H:97]([CH3:30])[CH2:62][CH2:48][CH2:68][C@@H:104]([CH3:37])[CH2:81][CH2:85][O:115]1)[CH2:89]2.[O:1]=[C:16]([O-:1])[C@H:8]([CH2:3][CH2:4][S:26][CH2:5][C@@H:9]1[C@@H:11]([OH:23])[C@@H:12]([OH:24])[C@H:15]([n:22]2[cH:7][n:21][c:10]3[c:13]([NH2:18])[n:19][cH:6][n:20][c:14]32)[O:25]1)[NH3+:17]>>[CH3:27][C@H:94]1[CH2:53][CH2:42][CH2:56][C@@H:97]([CH3:30])[CH2:62][CH2:48][CH2:68][C@@H:104]([CH3:37])[CH2:81][CH2:85][O:115][CH2:92][C@@H:111]([CH2:90][OH:113])[O:117][CH2:87][CH2:83][C@H:106]([CH3:39])[CH2:69][CH2:49][CH2:63][C@H:99]([CH3:32])[CH2:58][CH2:44][CH2:55][C@H:96]([CH3:29])[CH2:61][CH2:47][CH2:67][C@H:102]([CH3:35])[CH2:77][CH2:78][C@@H:103]([CH3:36])[CH2:71][CH2:51][CH2:73][C@@H:108]([CH3:41])[CH:110]2[CH2:80][CH2:79][CH:109]([CH2:74][CH2:52][CH2:72][C@@H:105]([CH3:38])[CH2:82][CH2:86][O:116][CH2:93][C@@H:112]([CH2:91][OH:114])[O:118][CH2:88][CH2:84][C@H:107]([CH3:40])[CH2:70][CH2:50][CH2:64][C@H:98]([CH3:31])[CH2:57][CH2:43][CH2:54][C@H:95]([CH3:28])[CH2:60][CH2:46][CH2:66][C@H:101]([CH3:34])[CH2:76][CH2:75][C@@H:100]([CH3:33])[CH2:65][CH2:45][CH2:59]1)[CH2:89]2.[O:1]=[C:16]([O-:1])[C@H:8]([CH2:3][CH2:4][S+:26]([CH3:2])[CH2:5][C@@H:9]1[C@@H:11]([OH:23])[C@@H:12]([OH:24])[C@H:15]([n:22]2[cH:7][n:21][c:10]3[c:13]([NH2:18])[n:19][cH:6][n:20][c:14]32)[O:25]1)[NH3+:17]	0.3958333432674408
[CH3:2][NH2+:46][CH2:32][C@@H:34]1[CH2:29][CH2:30][C@@H:35]([NH3+:47])[C@@H:43]([O:56][C@@H:40]2[C@@H:36]([NH3+:48])[CH2:31][C@@H:37]([NH3+:49])[C@H:41]([O:57][C@@H:44]3[C@H:39]([OH:52])[C@@H:42]([NH2+:50][CH3:28])[C@@:45]([CH3:27])([OH:53])[CH2:33][O:54]3)[C@H:38]2[OH:51])[O:55]1.[O:1]=[C:16]([O-:1])[C@H:8]([CH2:3][CH2:4][S:26][CH2:5][C@@H:9]1[C@@H:11]([OH:23])[C@@H:12]([OH:24])[C@H:15]([n:22]2[cH:7][n:21][c:10]3[c:13]([NH2:18])[n:19][cH:6][n:20][c:14]32)[O:25]1)[NH3+:17]>>[CH3:27][C@:45]1([OH:53])[CH2:33][O:54][C@H:44]([O:57][C@H:41]2[C@H:37]([NH3+:49])[CH2:31][C@H:36]([NH3+:48])[C@@H:40]([O:56][C@@H:43]3[C@H:35]([NH3+:47])[CH2:30][CH2:29][C@@H:34]([CH2:32][NH3+:46])[O:55]3)[C@@H:38]2[OH:51])[C@H:39]([OH:52])[C@H:42]1[NH2+:50][CH3:28].[O:1]=[C:16]([O-:1])[C@H:8]([CH2:3][CH2:4][S+:26]([CH3:2])[CH2:5][C@@H:9]1[C@@H:11]([OH:23])[C@@H:12]([OH:24])[C@H:15]([n:22]2[cH:7][n:21][c:10]3[c:13]([NH2:18])[n:19][cH:6][n:20][c:14]32)[O:25]1)[NH3+:17]	0.20465116202831268
[CH3:2][NH:10][C:7]([N:12]([CH3:3])[C@H:5]1[C:9](=[O:16])[N:13]([CH3:4])[C:8](=[O:15])[NH:11]1)=[O:14].[O:1]=[C:6]=[O:1]>>[O:1]=[C:6]([O-:1])[C:9]1([OH:16])[C:5]([N:12]([CH3:3])[C:7]([NH:10][CH3:2])=[O:14])=[N:11][C:8](=[O:15])[N:13]1[CH3:4]	0.49000000953674316
[CH3:2][O:49][c:46]1[c:44]([O:52][CH3:28])[cH:35][c:39]([CH2:33][C@@H:41]2[C@@H:40]([CH2:32][c:38]3[cH:30][cH:31][c:42]([OH:48])[c:43]([O:51][CH3:27])[cH:34]3)[CH2:37][O:54][C:47]2=[O:50])[cH:36][c:45]1[O:53][CH3:29].[O:1]=[C:16]([O-:1])[C@H:8]([CH2:3][CH2:4][S:26][CH2:5][C@@H:9]1[C@@H:11]([OH:23])[C@@H:12]([OH:24])[C@H:15]([n:22]2[cH:7][n:21][c:10]3[c:13]([NH2:18])[n:19][cH:6][n:20][c:14]32)[O:25]1)[NH3+:17]>>[CH3:27][O:51][c:43]1[cH:34][c:38]([CH2:32][C@H:40]2[CH2:37][O:54][C:47](=[O:50])[C@@H:41]2[CH2:33][c:39]2[cH:35][c:44]([O:52][CH3:28])[c:46]([OH:49])[c:45]([O:53][CH3:29])[cH:36]2)[cH:30][cH:31][c:42]1[OH:48].[O:1]=[C:16]([O-:1])[C@H:8]([CH2:3][CH2:4][S+:26]([CH3:2])[CH2:5][C@@H:9]1[C@@H:11]([OH:23])[C@@H:12]([OH:24])[C@H:15]([n:22]2[cH:7][n:21][c:10]3[c:13]([NH2:18])[n:19][cH:6][n:20][c:14]32)[O:25]1)[NH3+:17]	0.42553192377090454
[CH3:2][O:50][c:44]1[cH:38][c:45]([O:52][CH3:29])[c:46]([C:43](/[CH:37]=[CH:33]/[c:40]2[cH:31][cH:34][c:41]([OH:48])[cH:35][cH:32]2)=[O:49])[c:47]([OH:51])[c:42]1[CH2:36][CH:30]=[C:39]([CH3:27])[CH3:28].[O:1]=[C:16]([O-:1])[C@H:8]([CH2:3][CH2:4][S:26][CH2:5][C@@H:9]1[C@@H:11]([OH:23])[C@@H:12]([OH:24])[C@H:15]([n:22]2[cH:7][n:21][c:10]3[c:13]([NH2:18])[n:19][cH:6][n:20][c:14]32)[O:25]1)[NH3+:17]>>[O:1]=[C:16]([O-:1])[C@H:8]([CH2:3][CH2:4][S+:26]([CH3:2])[CH2:5][C@@H:9]1[C@@H:11]([OH:23])[C@@H:12]([OH:24])[C@H:15]([n:22]2[cH:7][n:21][c:10]3[c:13]([NH2:18])[n:19][cH:6][n:20][c:14]32)[O:25]1)[NH3+:17].[CH3:27][C:39]([CH3:28])=[CH:30][CH2:36][c:42]1[c:44]([O-:50])[cH:38][c:45]([O:52][CH3:29])[c:46]([C:43](/[CH:37]=[CH:33]/[c:40]2[cH:31][cH:34][c:41]([OH:48])[cH:35][cH:32]2)=[O:49])[c:47]1[OH:51]	0.4615384638309479
[CH3:2][O:51][n:49]1[cH:39][c:43](-[c:41]2[cH:36][cH:31][cH:30][cH:32][cH:37]2)[c:47]2[c:46]([c:48]1=[O:50])[C@H:45]1[C@H:40]([CH3:28])[CH2:35][CH2:33][CH2:38][C@@H:42]1[C@H:44](/[CH:34]=[CH:29]/[CH3:27])[O:52]2.[O:1]=[C:16]([O-:1])[C@H:8]([CH2:3][CH2:4][S:26][CH2:5][C@@H:9]1[C@@H:11]([OH:23])[C@@H:12]([OH:24])[C@H:15]([n:22]2[cH:7][n:21][c:10]3[c:13]([NH2:18])[n:19][cH:6][n:20][c:14]32)[O:25]1)[NH3+:17]>>[CH3:27]/[CH:29]=[CH:34]/[C@H:44]1[C@H:42]2[CH2:38][CH2:33][CH2:35][C@@H:40]([CH3:28])[C@@H:45]2[c:46]2[c:47]([c:43](-[c:41]3[cH:36][cH:31][cH:30][cH:32][cH:37]3)[cH:39][n:49]([OH:51])[c:48]2=[O:50])[O:52]1.[O:1]=[C:16]([O-:1])[C@H:8]([CH2:3][CH2:4][S+:26]([CH3:2])[CH2:5][C@@H:9]1[C@@H:11]([OH:23])[C@@H:12]([OH:24])[C@H:15]([n:22]2[cH:7][n:21][c:10]3[c:13]([NH2:18])[n:19][cH:6][n:20][c:14]32)[O:25]1)[NH3+:17]	0.25925925374031067
[CH3:2][O:58][C@@H:44]1[C@@H:42]([OH:56])[C@H:41]([OH:55])[C@@H:38]([CH2:34][OH:53])[O:63][C@H:50]1[O:65][C@@H:46]1[C@@H:39]([CH2:35][OH:54])[O:64][C@@H:49]([O:62][c:37]2[cH:31][cH:29][c:36]([CH2:33][CH:40]3[C:51]([CH3:27])([CH3:28])[C:47](=[O:60])[C:48](=[O:61])[NH:52]3)[cH:30][cH:32]2)[C@H:45]([OH:59])[C@H:43]1[OH:57].[O:1]=[C:16]([O-:1])[C@H:8]([CH2:3][CH2:4][S:26][CH2:5][C@@H:9]1[C@@H:11]([OH:23])[C@@H:12]([OH:24])[C@H:15]([n:22]2[cH:7][n:21][c:10]3[c:13]([NH2:18])[n:19][cH:6][n:20][c:14]32)[O:25]1)[NH3+:17]>>[CH3:27][C:51]1([CH3:28])[CH:40]([CH2:33][c:36]2[cH:29][cH:31][c:37]([O:62][C@H:49]3[C@H:45]([OH:59])[C@@H:43]([OH:57])[C@H:46]([O:65][C@H:50]4[C@H:44]([OH:58])[C@@H:42]([OH:56])[C@H:41]([OH:55])[C@@H:38]([CH2:34][OH:53])[O:63]4)[C@@H:39]([CH2:35][OH:54])[O:64]3)[cH:32][cH:30]2)[NH:52][C:48](=[O:61])[C:47]1=[O:60].[O:1]=[C:16]([O-:1])[C@H:8]([CH2:3][CH2:4][S+:26]([CH3:2])[CH2:5][C@@H:9]1[C@@H:11]([OH:23])[C@@H:12]([OH:24])[C@H:15]([n:22]2[cH:7][n:21][c:10]3[c:13]([NH2:18])[n:19][cH:6][n:20][c:14]32)[O:25]1)[NH3+:17]	0.4204545319080353
[CH3:3]/[C:19]1=[CH:11]\[CH2:8][CH2:12]/[C:20]([CH3:5])=[CH:13]/[CH2:9][C:14]2([CH3:4])[CH2:21][CH2:15][C:10]([CH3:6])([CH3:7])[CH:16]=[C:22]2[CH2:17][CH2:18]1.[O:1]=[P:24]([O-:1])([O-:1])[O:23][P:25](=[O:2])([O-:2])[OH:2]>>[O:1]=[P:24]([O-:1])([O-:1])[O:23][P:25](=[O:2])([O-:2])[O:2][CH2:18]/[CH:17]=[C:22](/[CH3:7])[CH2:16][CH2:10]/[CH:15]=[C:21](/[CH3:6])[CH2:14][CH2:9]/[CH:13]=[C:20](/[CH3:5])[CH2:12][CH2:8][CH:11]=[C:19]([CH3:3])[CH3:4]	0.4670329689979553
[CH3:3][C:15](=[CH2:4])[C@@H:9]1[CH2:7][CH2:10][C@:16]2([CH3:5])[CH2:11][CH2:8][CH2:12][C@:17]([CH3:6])([OH:21])[C@H:13]2[CH2:14]1.[O:1]=[P:19]([O-:1])([O-:1])[O:18][P:20](=[O:2])([O-:2])[OH:2]>>[O:1]=[P:19]([O-:1])([O-:1])[O:18][P:20](=[O:2])([O-:2])[O:2][CH2:14]/[CH:13]=[C:17](/[CH3:6])[CH2:12][CH2:8]/[CH:11]=[C:16](/[CH3:5])[CH2:10][CH2:7][CH:9]=[C:15]([CH3:3])[CH3:4].[OH2:21]	0.5058823823928833
[CH3:3][O:55][c:25]1[cH:13][c:19](/[CH:5]=[CH:9]/[C:21](=[CH:15]/[C:22](/[CH:10]=[CH:6]/[c:20]2[cH:8][cH:12][c:24]([O:59][C@H:41]3[C@H:38]([OH:54])[C@@H:35]([OH:51])[C@H:32]([OH:48])[C@@H:29]([CH2:18][OH:57])[O:62]3)[c:26]([O:56][CH3:4])[cH:14]2)=[O:45])[OH:44])[cH:7][cH:11][c:23]1[O:58][C@H:40]1[C@H:37]([OH:53])[C@@H:34]([OH:50])[C@H:31]([OH:47])[C@@H:28]([CH2:17][OH:43])[O:61]1.[O:1]=[P:82]([O-:1])([O:78][C@@H:39]1[C@H:36]([OH:52])[C@@H:33]([OH:49])[C@H:30]([OH:46])[C@@H:27]([CH2:16][OH:42])[O:60]1)[O:81][P:83](=[O:2])([O-:2])[O:79][CH2:65][C@@H:66]1[C@@H:68]([OH:75])[C@@H:69]([OH:76])[C@H:70]([n:73]2[cH:64][cH:63][c:67](=[O:74])[nH:72][c:71]2=[O:77])[O:80]1>>[CH3:3][O:55][c:25]1[cH:13][c:19](/[CH:5]=[CH:9]/[C:21](=[CH:15]/[C:22](/[CH:10]=[CH:6]/[c:20]2[cH:8][cH:12][c:24]([O:59][C@H:41]3[C@H:38]([OH:54])[C@@H:35]([OH:51])[C@H:32]([OH:48])[C@@H:29]([CH2:18][O:57][C@H:39]4[C@H:36]([OH:52])[C@@H:33]([OH:49])[C@H:30]([OH:46])[C@@H:27]([CH2:16][OH:42])[O:60]4)[O:62]3)[c:26]([O:56][CH3:4])[cH:14]2)=[O:45])[OH:44])[cH:7][cH:11][c:23]1[O:58][C@H:40]1[C@H:37]([OH:53])[C@@H:34]([OH:50])[C@H:31]([OH:47])[C@@H:28]([CH2:17][OH:43])[O:61]1.[O:1]=[P:82]([O-:1])([O-:78])[O:81][P:83](=[O:2])([O-:2])[O:79][CH2:65][C@@H:66]1[C@@H:68]([OH:75])[C@@H:69]([OH:76])[C@H:70]([n:73]2[cH:64][cH:63][c:67](=[O:74])[nH:72][c:71]2=[O:77])[O:80]1	0.581818163394928
[CH3:4][C:12]([NH:41][C@@H:20]1[C@@H:24]([OH:53])[C@H:30]([O:65][C@H:36]2[C@H:28]([OH:57])[C@@H:25]([OH:54])[C@@H:22]([OH:51])[C@@H:18]([CH2:10][OH:60])[O:64]2)[C@@H:17]([CH2:9][OH:45])[O:63][C@H:35]1[O:67][C@H:33]1[C@@H:23]([OH:52])[C@@H:15]([CH2:7][OH:43])[O:62][C@@H:37]([O:66][C@@H:31]2[C@@H:16]([CH2:8][OH:44])[O:61][CH:34]([OH:59])[C@H:27]([OH:56])[C@H:26]2[OH:55])[C@@H:29]1[OH:58])=[O:47].[O:1]=[C:38]([O-:1])[C@:39]1([O:84][P:87](=[O:2])([O-:2])[O:85][CH2:71][C@@H:72]2[C@@H:74]([OH:81])[C@@H:75]([OH:82])[C@H:76]([n:80]3[cH:70][cH:69][c:73]([NH2:78])[n:79][c:77]3=[O:83])[O:86]2)[CH2:5][C@H:13]([OH:48])[C@@H:19]([NH:40][C:11]([CH3:3])=[O:46])[C@H:32]([C@@H:21]([C@@H:14]([CH2:6][OH:42])[OH:49])[OH:50])[O:68]1>>[O:1]=[C:38]([O-:1])[C@:39]1([O:60][CH2:10][C@@H:18]2[C@H:22]([OH:51])[C@H:25]([OH:54])[C@@H:28]([OH:57])[C@H:36]([O:65][C@@H:30]3[C@@H:17]([CH2:9][OH:45])[O:63][C@@H:35]([O:67][C@H:33]4[C@@H:23]([OH:52])[C@@H:15]([CH2:7][OH:43])[O:62][C@@H:37]([O:66][C@@H:31]5[C@@H:16]([CH2:8][OH:44])[O:61][CH:34]([OH:59])[C@H:27]([OH:56])[C@H:26]5[OH:55])[C@@H:29]4[OH:58])[C@H:20]([NH:41][C:12]([CH3:4])=[O:47])[C@H:24]3[OH:53])[O:64]2)[CH2:5][C@H:13]([OH:48])[C@@H:19]([NH:40][C:11]([CH3:3])=[O:46])[C@H:32]([C@@H:21]([C@@H:14]([CH2:6][OH:42])[OH:49])[OH:50])[O:68]1.[O:2]=[P:87]([O-:2])([O-:84])[O:85][CH2:71][C@@H:72]1[C@@H:74]([OH:81])[C@@H:75]([OH:82])[C@H:76]([n:80]2[cH:70][cH:69][c:73]([NH2:78])[n:79][c:77]2=[O:83])[O:86]1	0.30909091234207153
[CH3:4][C:12]([NH:41][C@@H:20]1[C@@H:30]([O:65][C@H:37]2[C@H:28]([OH:58])[C@@H:33]([OH:68])[C@@H:24]([OH:54])[C@@H:17]([CH2:9][OH:45])[O:63]2)[C@H:22]([OH:52])[C@@H:15]([CH2:7][OH:43])[O:61][C@H:35]1[O:66][C@H:32]1[C@@H:23]([OH:53])[C@@H:16]([CH2:8][OH:44])[O:62][C@@H:36]([O:64][C@@H:29]2[C@@H:18]([CH2:10][OH:46])[O:60][CH:34]([OH:59])[C@H:26]([OH:56])[C@H:25]2[OH:55])[C@@H:27]1[OH:57])=[O:48].[O:1]=[C:38]([O-:1])[C@:39]1([O:84][P:87](=[O:2])([O-:2])[O:85][CH2:71][C@@H:72]2[C@@H:74]([OH:81])[C@@H:75]([OH:82])[C@H:76]([n:80]3[cH:70][cH:69][c:73]([NH2:78])[n:79][c:77]3=[O:83])[O:86]2)[CH2:5][C@H:13]([OH:49])[C@@H:19]([NH:40][C:11]([CH3:3])=[O:47])[C@H:31]([C@@H:21]([C@@H:14]([CH2:6][OH:42])[OH:50])[OH:51])[O:67]1>>[O:1]=[C:38]([O-:1])[C@:39]1([O:68][C@H:33]2[C@@H:24]([OH:54])[C@@H:17]([CH2:9][OH:45])[O:63][C@@H:37]([O:65][C@@H:30]3[C@@H:20]([NH:41][C:12]([CH3:4])=[O:48])[C@H:35]([O:66][C@H:32]4[C@@H:23]([OH:53])[C@@H:16]([CH2:8][OH:44])[O:62][C@@H:36]([O:64][C@@H:29]5[C@@H:18]([CH2:10][OH:46])[O:60][CH:34]([OH:59])[C@H:26]([OH:56])[C@H:25]5[OH:55])[C@@H:27]4[OH:57])[O:61][C@H:15]([CH2:7][OH:43])[C@H:22]3[OH:52])[C@@H:28]2[OH:58])[CH2:5][C@H:13]([OH:49])[C@@H:19]([NH:40][C:11]([CH3:3])=[O:47])[C@H:31]([C@@H:21]([C@@H:14]([CH2:6][OH:42])[OH:50])[OH:51])[O:67]1.[O:2]=[P:87]([O-:2])([O-:84])[O:85][CH2:71][C@@H:72]1[C@@H:74]([OH:81])[C@@H:75]([OH:82])[C@H:76]([n:80]2[cH:70][cH:69][c:73]([NH2:78])[n:79][c:77]2=[O:83])[O:86]1	0.12996390461921692
[CH3:6][CH:20]([CH3:7])[C@H:27]1[C:28](=[O:34])[NH:31][C@H:22]([CH2:18][OH:33])[CH2:16][c:21]2[cH:17][nH:30][c:26]3[cH:23][cH:13][cH:14][c:24]([c:25]23)[N:32]1[CH3:9].[O:1]=[P:37]([O-:1])([O:35][CH2:3]/[CH:10]=[C:29](/[CH3:8])[CH2:15][CH2:11][CH:12]=[C:19]([CH3:4])[CH3:5])[O:36][P:38](=[O:2])([O-:2])[O-:2]>>[CH2:3]=[CH:10][C@@:29]([CH3:8])([CH2:15][CH2:11][CH:12]=[C:19]([CH3:4])[CH3:5])[c:23]1[cH:13][cH:14][c:24]2[c:25]3[c:21]([cH:17][nH:30][c:26]13)[CH2:16][C@@H:22]([CH2:18][OH:33])[NH:31][C:28](=[O:34])[C@H:27]([CH:20]([CH3:6])[CH3:7])[N:32]2[CH3:9].[O:1]=[P:37]([O-:1])([OH:35])[O:36][P:38](=[O:2])([O-:2])[O-:2]	0.12195122241973877
[CH3:7][C:48]([CH3:8])=[CH:27][CH2:19][CH2:28]/[C:49]([CH3:9])=[CH:29]\[CH2:20][CH2:30]/[C:50]([CH3:10])=[CH:31]\[CH2:21][CH2:32]/[C:51]([CH3:11])=[CH:33]\[CH2:22][CH2:34]/[C:52]([CH3:12])=[CH:35]\[CH2:23][CH2:36]/[C:53]([CH3:13])=[CH:37]\[CH2:24][CH2:38]/[C:54]([CH3:14])=[CH:39]\[CH2:25][CH2:40]/[C:55]([CH3:15])=[CH:41]\[CH2:26][CH2:42]/[C:56]([CH3:16])=[CH:45]\[CH2:46][C:57]1=[CH:47][C:60](=[O:62])[c:58]2[cH:43][cH:17][cH:18][cH:44][c:59]2[C:61]1=[O:63].[O:1]=[C:5]([O-:1])[CH2:3][CH2:4][C:6](=[O:2])[O-:2]>>[CH3:7][C:48]([CH3:8])=[CH:27][CH2:19][CH2:28]/[C:49]([CH3:9])=[CH:29]\[CH2:20][CH2:30]/[C:50]([CH3:10])=[CH:31]\[CH2:21][CH2:32]/[C:51]([CH3:11])=[CH:33]\[CH2:22][CH2:34]/[C:52]([CH3:12])=[CH:35]\[CH2:23][CH2:36]/[C:53]([CH3:13])=[CH:37]\[CH2:24][CH2:38]/[C:54]([CH3:14])=[CH:39]\[CH2:25][CH2:40]/[C:55]([CH3:15])=[CH:41]\[CH2:26][CH2:42]/[C:56]([CH3:16])=[CH:45]\[CH2:46][c:57]1[cH:47][c:60]([OH:62])[c:58]2[cH:43][cH:17][cH:18][cH:44][c:59]2[c:61]1[OH:63].[O:1]=[C:5]([O-:1])/[CH:3]=[CH:4]/[C:6](=[O:2])[O-:2]	0.2849999964237213
[CH:1]1([OH:9])[C@H:3]([OH:7])[C@@H:4]([OH:8])[C@H:5]([CH2:2][OH:6])[O:10]1>>[CH2:1]1[C@H:3]([OH:7])[C@H:4]([OH:8])[C:5]([CH2:2][OH:6])([OH:9])[O:10]1	0.4545454680919647
[CH:2]([C@@H:4]([C@@H:5]([CH2:3][OH:9])[OH:8])[OH:7])=[O:6].[O:1]=[P:10]([O-:1])([O-:1])[OH:1]>>[O:1]=[P:10]([O-:1])([O-:1])[O:9][CH2:3][C@H:5]([C@H:4]([CH:2]=[O:6])[OH:7])[OH:8].[OH2:1]	0.4691357910633087
[CH:2]([C@@H:4]([C@@H:6]([C@@H:5]([CH2:3][OH:11])[OH:9])[OH:10])[OH:8])=[O:7].[O:1]=[P:12]([O-:1])([O-:1])[OH:1]>>[O:1]=[P:12]([O-:1])([O-:1])[O:11][CH2:3][C@H:5]([C@H:6]([C@H:4]([CH:2]=[O:7])[OH:8])[OH:10])[OH:9].[OH2:1]	0.12230215966701508
[CH:2]([c:11]1[cH:7][c:13]([OH:16])[cH:9][c:14]([OH:17])[cH:8]1)=[O:18].[CH:1]([c:10]1[cH:3][cH:5][c:12]([OH:15])[cH:6][cH:4]1)=[O:19]>>[CH:1](=[CH:2]/[c:11]1[cH:7][c:13]([OH:16])[cH:9][c:14]([OH:17])[cH:8]1)\[c:10]1[cH:3][cH:5][c:12]([OH:15])[cH:6][cH:4]1.[O:18]=[O:19]	0.0845070406794548
[Cl-].[H+].OO>>OCl.O	1.0
[Fe+2].[H+].O=O>>[Fe+3].[H+].O	1.0
[Fe+2].[H+].OO>>[Fe+3].O	1.0
[Fe+3].O>>[Fe+2].[H+].OO	1.0
[H].[H].OO>>[H].O	1.0
[H]/N=C(\N)NCCC[C@H](NC(=O)[C@H](CC(C)C)NC(=O)[C@H](Cc1ccccc1)NC(=O)CNC(=O)CNC(=O)[C@@H](N)Cc1ccc(O)cc1)C(=O)N[C@@H](CCCN/C(N)=N/[H])C(=O)N[C@H](C(=O)N[C@@H](CCCN/C(N)=N/[H])C(=O)N1CCC[C@H]1C(=O)N[C@@H](CCCCN)C(=O)N[C@@H](CC(C)C)C(=O)N[C@@H](CCCCN)C(=O)O)[C@@H](C)CC.O>>[H]/N=C(\N)NCCC[C@H](NC(=O)[C@H](CC(C)C)NC(=O)[C@H](Cc1ccccc1)NC(=O)CNC(=O)CNC(=O)[C@@H](N)Cc1ccc(O)cc1)C(=O)N[C@@H](CCCN/C(N)=N/[H])C(=O)N[C@H](C(=O)N[C@@H](CCCN/C(N)=N/[H])C(=O)N1CCC[C@H]1C(=O)N[C@@H](CCCCN)C(=O)N[C@@H](CC(C)C)C(=O)O)[C@@H](C)CC.NCCCCC(N)C(=O)O	0.3589743673801422
[NH3+]CCC(=O)[O-]>>O=C1CCN1.O	1.0
[NH3+]CCCC[C@H]([NH3+])C(=O)[O-].O=C[O-]>>[NH3+]CCCC[C@H](NC=O)C(=O)[O-].O	1.0
[NH3+]CCC[C@H]([NH3+])C(=O)[O-].NC(=O)OP(=O)([O-])[O-]>>NC(=O)NCCC[C@H]([NH3+])C(=O)[O-].O=P([O-])([O-])O.[H+]	1.0
[NH3+]CCc1ccc([O-])c([N+](=O)[O-])c1.O=O.O>>O=CCc1ccc([O-])c([N+](=O)[O-])c1.[NH4+].OO	1.0
[NH3+][C@@H](CCC(=O)N[C@@H](CS)C(=O)NCC(=O)[O-])C(=O)[O-].CCCCC[C@@H](/C=C/C=C\CCCCCCCCCC(=O)[O-])OO>>[NH3+][C@@H](CCC(=O)N[C@@H](CSSC[C@H](NC(=O)CC[C@H]([NH3+])C(=O)[O-])C(=O)NCC(=O)[O-])C(=O)NCC(=O)[O-])C(=O)[O-].CCCCC[C@H](O)/C=C/C=C\CCCCCCCCCC(=O)[O-].O	1.0
[NH3+][C@@H](CCC(=O)N[C@@H](CS)C(=O)NCC(=O)[O-])C(=O)[O-].O=C[O-].OO>>[NH3+][C@@H](CCC(=O)N[C@@H](CSSC[C@H](NC(=O)CC[C@H]([NH3+])C(=O)[O-])C(=O)NCC(=O)[O-])C(=O)NCC(=O)[O-])C(=O)[O-].O=C[O-].O.O	1.0
[NH3+][C@@H](CCC(=O)N[C@@H](CS)C(=O)NCC(=O)[O-])C(=O)[O-].O=[N+]([O-])c1ccc(Cl)c([N+](=O)[O-])c1>>[NH3+][C@@H](CCC(=O)N[C@@H](CSc1ccc([N+](=O)[O-])cc1[N+](=O)[O-])C(=O)NCC(=O)[O-])C(=O)[O-].[Cl-].[H+]	1.0
[NH3+][C@@H](CCC(=O)N[C@@H](CS)C(=O)NCC(=O)[O-])C(=O)[O-].[H][H]>>[NH3+][C@@H](CCC(=O)N[C@@H](CS)C(=O)NCC(=O)[O-])C(=O)[O-].[H+].[H]	1.0
[NH3+][C@@H](CCC(=O)[O-])C(=O)[O-].[NH4+]>>NC(=O)CC[C@H]([NH3+])C(=O)[O-].O	1.0
[NH3+][C@@H](CCS)C(=O)[O-].CC(=O)C(=O)[C@@H](O)CO>>[NH3+][C@@H](CCSC[C@H]1OC(O)[C@H](O)[C@@H]1O)C(=O)[O-]	1.0
[NH3+][C@H](CCC[C@H]([NH3+])C(=O)[O-])C(=O)[O-]>>[NH3+][C@@H](CCC[C@H]([NH3+])C(=O)[O-])C(=O)[O-]	1.0
[NH3+][C@H](COP(=O)([O-])[O-])C(=O)[O-].O>>[NH3+][C@H](CO)C(=O)[O-].O=P([O-])([O-])O	1.0
[NH3+][C@H](Cc1ccccc1)C(=O)[O-].O=O.O>>O=C([O-])C(=O)Cc1ccccc1.[NH4+].OO	1.0
[O:10]=[C:95]1[NH:91][C@@H:88]([CH2:84][c:86]2[cH:85][nH:92][c:89]3[cH:83][cH:81][cH:80][cH:82][c:87]23)[c:90]2[n:96]([c:103](=[O:105])[c:101]3[cH:99][cH:97][cH:98][cH:100][c:102]3[n:104]2)[C@@H:94]1[CH3:93].[O:2]=[P:32]([O-:2])([O-:2])[O:28][CH2:11][C@@H:14]1[C@@H:16]([OH:26])[C@@H:17]([OH:27])[C@H:20]([n:25]2[cH:13][n:24][c:15]3[c:18]([NH2:21])[n:22][cH:12][n:23][c:19]32)[O:29]1.[O:5]=[P:55]([O-:5])([O-:5])[O:51][CH2:34][C@@H:37]1[C@@H:39]([OH:49])[C@@H:40]([OH:50])[C@H:43]([n:48]2[cH:36][n:47][c:38]3[c:41]([NH2:44])[n:45][cH:35][n:46][c:42]32)[O:52]1.[O:8]=[P:78]([O-:8])([O-:8])[O:74][CH2:57][C@@H:60]1[C@@H:62]([OH:72])[C@@H:63]([OH:73])[C@H:66]([n:71]2[cH:59][n:70][c:61]3[c:64]([NH2:67])[n:68][cH:58][n:69][c:65]32)[O:75]1.[O:1]=[P:31]([O-:1])([OH:1])[O:30][P:33](=[O:3])([O-:3])[O-:3].[O:4]=[P:54]([O-:4])([O-:4])[O:53][P:56](=[O:6])([O-:6])[OH:6].[O:7]=[P:77]([O-:7])([OH:7])[O:76][P:79](=[O:9])([O-:9])[O-:9].[OH2:10]>>[O:1]=[P:31]([O-:1])([O-:1])[O:30][P:33]([O:2][P:32](=[O:2])([O-:2])[O:28][CH2:11][C@@H:14]1[C@@H:16]([OH:26])[C@@H:17]([OH:27])[C@H:20]([n:25]2[cH:13][n:24][c:15]3[c:18]([NH2:21])[n:22][cH:12][n:23][c:19]32)[O:29]1)(=[O:3])[O-:3].[O:4]=[P:54]([O-:4])([O-:4])[O:53][P:56](=[O:6])([O-:6])[O:6][P:55](=[O:5])([O-:5])[O:51][CH2:34][C@@H:37]1[C@@H:39]([OH:49])[C@@H:40]([OH:50])[C@H:43]([n:48]2[cH:36][n:47][c:38]3[c:41]([NH2:44])[n:45][cH:35][n:46][c:42]32)[O:52]1.[O:7]=[P:77]([O-:7])([O-:7])[O:76][P:79](=[O:9])([O-:9])[O:9][P:78](=[O:8])([O-:8])[O:74][CH2:57][C@@H:60]1[C@@H:62]([OH:72])[C@@H:63]([OH:73])[C@H:66]([n:71]2[cH:59][n:70][c:61]3[c:64]([NH2:67])[n:68][cH:58][n:69][c:65]32)[O:75]1.[O-:5][C:90](=[O:8])[C@H:88]([CH2:84][c:86]1[cH:85][nH:92][c:89]2[cH:83][cH:81][cH:80][cH:82][c:87]12)[NH3+:91].[O-:3][C:103]([c:101]1[cH:99][cH:97][cH:98][cH:100][c:102]1[NH2:104])=[O:105].[O:10]=[C:95]([O-:10])[C@H:94]([CH3:93])[NH3+:96]	0.3333333432674408
[O:1]=[C:10]([O-:1])/[CH:5]=[CH:3]/[c:7]1[cH:2][cH:4][c:8]([OH:11])[cH:6][c:9]1[OH:12]>>[O:1]=[C:10]([O-:1])/[CH:5]=[CH:3]\[c:7]1[cH:2][cH:4][c:8]([OH:11])[cH:6][c:9]1[OH:12]	0.1034482792019844
[O:1]=[C:11]([O-:1])/[CH:4]=[CH:3]/[c:7]1[cH:5][c:10]([O:14][CH3:2])[c:9]([OH:13])[cH:6][c:8]1[OH:12]>>[O:1]=[C:11]([O-:1])/[CH:4]=[CH:3]\[c:7]1[cH:5][c:10]([O:14][CH3:2])[c:9]([OH:13])[cH:6][c:8]1[OH:12]	0.0882352963089943
[O:1]=[C:131]([O-:1])[C@@:133]1([O:155][CH2:102][C@@H:112]2[C@@H:126]([O:166][P:168](=[O:3])([O-:3])[O-:3])[C@H:128]([O:162][C:118]([CH2:96][C@@H:106]([CH2:88][CH2:82][CH2:76][CH2:70][CH2:64][CH2:59][CH2:53][CH2:49][CH2:43][CH2:37][CH2:31][CH2:25][CH2:19][CH2:13][CH3:7])[O:158][C:116]([CH2:90][CH2:84][CH2:78][CH2:71][CH2:65][CH2:57][CH2:46][CH2:40][CH2:34][CH2:28][CH2:22][CH2:16][CH3:10])=[O:148])=[O:150])[C@@H:120]([NH:137][C:114]([CH2:95][C@@H:105]([CH2:87][CH2:81][CH2:75][CH2:69][CH2:63][CH2:56][CH2:45][CH2:39][CH2:33][CH2:27][CH2:21][CH2:15][CH3:9])[O:157][C:115]([CH2:89][CH2:83][CH2:77][CH2:72][CH2:66][CH2:60][CH2:54][CH2:51][CH2:50][CH2:47][CH2:41][CH2:35][CH2:29][CH2:23][CH2:17][CH2:11][CH3:5])=[O:147])=[O:146])[C@H:129]([O:154][CH2:101][C@@H:111]3[C@@H:123]([OH:153])[C@H:127]([O:161][C:117]([CH2:94][C@@H:104]([CH2:86][CH2:80][CH2:74][CH2:68][CH2:61][CH2:55][CH2:44][CH2:38][CH2:32][CH2:26][CH2:20][CH2:14][CH3:8])[OH:141])=[O:149])[C@@H:119]([NH:136][C:113]([CH2:93][C@@H:103]([CH2:85][CH2:79][CH2:73][CH2:67][CH2:62][CH2:58][CH2:52][CH2:48][CH2:42][CH2:36][CH2:30][CH2:24][CH2:18][CH2:12][CH3:6])[OH:140])=[O:145])[C@@H:130]([O:167][P:169](=[O:4])([O-:4])[O:156][CH2:92][CH2:91][NH3+:135])[O:159]3)[O:160]2)[CH2:98][C@@H:110]([OH:163])[C@@H:122]([OH:152])[C@@H:125]([C@@H:109]([CH2:100][OH:139])[OH:144])[O:164]1.[O:2]=[C:132]([O-:2])[C@@:134]1([OH:170])[CH2:97][C@@H:107]([OH:142])[C@@H:121]([OH:151])[C@@H:124]([C@@H:108]([CH2:99][OH:138])[OH:143])[O:165]1>>[O:1]=[C:131]([O-:1])[C@@:133]1([O:155][CH2:102][C@@H:112]2[C@@H:126]([O:166][P:168](=[O:3])([O-:3])[O-:3])[C@H:128]([O:162][C:118]([CH2:96][C@@H:106]([CH2:88][CH2:82][CH2:76][CH2:70][CH2:64][CH2:59][CH2:53][CH2:49][CH2:43][CH2:37][CH2:31][CH2:25][CH2:19][CH2:13][CH3:7])[O:158][C:116]([CH2:90][CH2:84][CH2:78][CH2:71][CH2:65][CH2:57][CH2:46][CH2:40][CH2:34][CH2:28][CH2:22][CH2:16][CH3:10])=[O:148])=[O:150])[C@@H:120]([NH:137][C:114]([CH2:95][C@@H:105]([CH2:87][CH2:81][CH2:75][CH2:69][CH2:63][CH2:56][CH2:45][CH2:39][CH2:33][CH2:27][CH2:21][CH2:15][CH3:9])[O:157][C:115]([CH2:89][CH2:83][CH2:77][CH2:72][CH2:66][CH2:60][CH2:54][CH2:51][CH2:50][CH2:47][CH2:41][CH2:35][CH2:29][CH2:23][CH2:17][CH2:11][CH3:5])=[O:147])=[O:146])[C@H:129]([O:154][CH2:101][C@@H:111]3[C@@H:123]([OH:153])[C@H:127]([O:161][C:117]([CH2:94][C@@H:104]([CH2:86][CH2:80][CH2:74][CH2:68][CH2:61][CH2:55][CH2:44][CH2:38][CH2:32][CH2:26][CH2:20][CH2:14][CH3:8])[OH:141])=[O:149])[C@@H:119]([NH:136][C:113]([CH2:93][C@@H:103]([CH2:85][CH2:79][CH2:73][CH2:67][CH2:62][CH2:58][CH2:52][CH2:48][CH2:42][CH2:36][CH2:30][CH2:24][CH2:18][CH2:12][CH3:6])[OH:140])=[O:145])[C@@H:130]([O:167][P:169](=[O:4])([O-:4])[O:156][CH2:92][CH2:91][NH3+:135])[O:159]3)[O:160]2)[CH2:98][C@@H:110]([O:163][C@:134]2([C:132](=[O:2])[O-:2])[CH2:97][C@@H:107]([OH:142])[C@@H:121]([OH:151])[C@@H:124]([C@@H:108]([CH2:99][OH:138])[OH:143])[O:165]2)[C@@H:122]([OH:152])[C@@H:125]([C@@H:109]([CH2:100][OH:139])[OH:144])[O:164]1.[OH2:170]	0.07361963391304016
[O:1]=[C:13]([O-:1])/[CH:7]=[C:11]([CH3:2])\[CH:5]=[CH:6]\[C@:16]1([OH:18])[C@@:14]2([CH3:3])[CH2:8][C:12](=[O:17])[CH2:9][C@@:15]1([CH3:4])[O:19][CH2:10]2>>[O:1]=[C:13]([O-:1])/[CH:7]=[C:11]([CH3:2])\[CH:5]=[CH:6]\[C@:16]1([OH:18])[C@@:14]2([CH3:3])[CH2:8][C@H:12]([OH:17])[CH2:9][C@@:15]1([CH3:4])[O:19][CH2:10]2	0.07207207381725311
[O:1]=[C:16]([O-:1])[C@H:8]([CH2:3][CH2:4][S:26][CH2:5][C@@H:9]1[C@@H:11]([OH:23])[C@@H:12]([OH:24])[C@H:15]([n:22]2[cH:7][n:21][c:10]3[c:13]([NH2:18])[n:19][cH:6][n:20][c:14]32)[O:25]1)[NH3+:17].[CH3:2][NH+:30]([CH3:27])[CH2:28][CH2:29][OH:31]>>[O:1]=[C:16]([O-:1])[C@H:8]([CH2:3][CH2:4][S+:26]([CH3:2])[CH2:5][C@@H:9]1[C@@H:11]([OH:23])[C@@H:12]([OH:24])[C@H:15]([n:22]2[cH:7][n:21][c:10]3[c:13]([NH2:18])[n:19][cH:6][n:20][c:14]32)[O:25]1)[NH3+:17].[CH3:27][NH2+:30][CH2:28][CH2:29][OH:31]	0.4457831382751465
[O:1]=[C:16]([O-:1])[C@H:8]([CH2:3][CH2:4][S:26][CH2:5][C@@H:9]1[C@@H:11]([OH:23])[C@@H:12]([OH:24])[C@H:15]([n:22]2[cH:7][n:21][c:10]3[c:13]([NH2:18])[n:19][cH:6][n:20][c:14]32)[O:25]1)[NH3+:17].[CH3:2][O:44][c:34]1[cH:30][cH:29][c:33](-[c:42]2[c:43]([O:50][CH3:28])[c:41](=[O:48])[c:38]3[c:36]([cH:32][c:37]([O:49][CH3:27])[c:39]([OH:46])[c:40]3[OH:47])[o:51]2)[cH:31][c:35]1[OH:45]>>[O:1]=[C:16]([O-:1])[C@H:8]([CH2:3][CH2:4][S+:26]([CH3:2])[CH2:5][C@@H:9]1[C@@H:11]([OH:23])[C@@H:12]([OH:24])[C@H:15]([n:22]2[cH:7][n:21][c:10]3[c:13]([NH2:18])[n:19][cH:6][n:20][c:14]32)[O:25]1)[NH3+:17].[CH3:27][O:49][c:37]1[cH:32][c:36]2[c:38]([c:40]([OH:47])[c:39]1[OH:46])[c:41](=[O:48])[c:43]([O:50][CH3:28])[c:42](-[c:33]1[cH:29][cH:30][c:34]([OH:44])[c:35]([OH:45])[cH:31]1)[o:51]2	0.5
[O:1]=[C:16]([O-:1])[C@H:8]([CH2:3][CH2:4][S:26][CH2:5][C@@H:9]1[C@@H:11]([OH:23])[C@@H:12]([OH:24])[C@H:15]([n:22]2[cH:7][n:21][c:10]3[c:13]([NH2:18])[n:19][cH:6][n:20][c:14]32)[O:25]1)[NH3+:17].[CH3:2][O:44][c:39]1[cH:32][c:35](-[c:38]2[cH:34][o:47][c:41]3[cH:33][c:36]([OH:43])[cH:29][cH:30][c:37]3[c:42]2=[O:45])[cH:28][cH:31][c:40]1[O:46][CH3:27]>>[O:1]=[C:16]([O-:1])[C@H:8]([CH2:3][CH2:4][S+:26]([CH3:2])[CH2:5][C@@H:9]1[C@@H:11]([OH:23])[C@@H:12]([OH:24])[C@H:15]([n:22]2[cH:7][n:21][c:10]3[c:13]([NH2:18])[n:19][cH:6][n:20][c:14]32)[O:25]1)[NH3+:17].[CH3:27][O:46][c:40]1[cH:31][cH:28][c:35](-[c:38]2[cH:34][o:47][c:41]3[cH:33][c:36]([OH:43])[cH:29][cH:30][c:37]3[c:42]2=[O:45])[cH:32][c:39]1[OH:44]	0.44186046719551086
[O:1]=[C:16]([O-:1])[C@H:8]([CH2:3][CH2:4][S:26][CH2:5][C@@H:9]1[C@@H:11]([OH:23])[C@@H:12]([OH:24])[C@H:15]([n:22]2[cH:7][n:21][c:10]3[c:13]([NH2:18])[n:19][cH:6][n:20][c:14]32)[O:25]1)[NH3+:17].[CH3:2][O:44][c:41]1[c:39]([O:45][CH3:27])[cH:34][cH:33][c:37]2[c:38](=[O:43])[cH:35][c:40](-[c:36]3[cH:31][cH:29][cH:28][cH:30][cH:32]3)[o:46][c:42]21>>[O:1]=[C:16]([O-:1])[C@H:8]([CH2:3][CH2:4][S+:26]([CH3:2])[CH2:5][C@@H:9]1[C@@H:11]([OH:23])[C@@H:12]([OH:24])[C@H:15]([n:22]2[cH:7][n:21][c:10]3[c:13]([NH2:18])[n:19][cH:6][n:20][c:14]32)[O:25]1)[NH3+:17].[CH3:27][O:45][c:39]1[cH:34][cH:33][c:37]2[c:38](=[O:43])[cH:35][c:40](-[c:36]3[cH:31][cH:29][cH:28][cH:30][cH:32]3)[o:46][c:42]2[c:41]1[OH:44]	0.457446813583374
[O:1]=[C:16]([O-:1])[C@H:8]([CH2:3][CH2:4][S:26][CH2:5][C@@H:9]1[C@@H:11]([OH:23])[C@@H:12]([OH:24])[C@H:15]([n:22]2[cH:7][n:21][c:10]3[c:13]([NH2:18])[n:19][cH:6][n:20][c:14]32)[O:25]1)[NH3+:17].[CH3:2][O:46][c:41]1[c:38]([OH:45])[cH:33][c:35]2[c:39]3[c:40]1[C:42]1([CH:30]=[CH:27][C:36](=[O:44])[CH:28]=[CH:31]1)[CH2:34][C@H:37]3[NH:43][CH2:32][CH2:29]2>>[O:1]=[C:16]([O-:1])[C@H:8]([CH2:3][CH2:4][S+:26]([CH3:2])[CH2:5][C@@H:9]1[C@@H:11]([OH:23])[C@@H:12]([OH:24])[C@H:15]([n:22]2[cH:7][n:21][c:10]3[c:13]([NH2:18])[n:19][cH:6][n:20][c:14]32)[O:25]1)[NH3+:17].[CH:27]1=[CH:30][C:42]2([CH:31]=[CH:28][C:36]1=[O:44])[CH2:34][C@@H:37]1[c:39]3[c:35]([cH:33][c:38]([OH:45])[c:41]([OH:46])[c:40]32)[CH2:29][CH2:32][NH:43]1	0.359649121761322
[O:1]=[C:16]([O-:1])[C@H:8]([CH2:3][CH2:4][S:26][CH2:5][C@@H:9]1[C@@H:11]([OH:23])[C@@H:12]([OH:24])[C@H:15]([n:22]2[cH:7][n:21][c:10]3[c:13]([NH2:18])[n:19][cH:6][n:20][c:14]32)[O:25]1)[NH3+:17].[CH3:2][O:46][c:41]1[c:40](=[O:45])[c:39]2[c:37]([OH:44])[cH:32][c:35]([OH:43])[cH:33][c:38]2[o:48][c:42]1-[c:34]1[cH:28][cH:30][c:36]([O:47][CH3:27])[cH:31][cH:29]1>>[O:1]=[C:16]([O-:1])[C@H:8]([CH2:3][CH2:4][S+:26]([CH3:2])[CH2:5][C@@H:9]1[C@@H:11]([OH:23])[C@@H:12]([OH:24])[C@H:15]([n:22]2[cH:7][n:21][c:10]3[c:13]([NH2:18])[n:19][cH:6][n:20][c:14]32)[O:25]1)[NH3+:17].[CH3:27][O:47][c:36]1[cH:30][cH:28][c:34](-[c:42]2[c:41]([OH:46])[c:40](=[O:45])[c:39]3[c:37]([OH:44])[cH:32][c:35]([O-:43])[cH:33][c:38]3[o:48]2)[cH:29][cH:31]1	0.4464285671710968
[O:1]=[C:17]([O-:1])[C@H:13](/[CH:8]=[CH:11]\[CH2:9][P:28](=[O:2])([O-:2])[OH:2])[NH:24][C:15]([C@H:12]([CH2:6][CH2:5][CH2:7][NH:22][C:18]([NH2:20])=[NH2+:21])[NH:23][C:16]([C@H:14]([CH:10]([CH3:3])[CH3:4])[NH3+:19])=[O:27])=[O:26].[OH2:25]>>[O:1]=[C:17]([O-:1])[CH:13]([CH2:8][CH:11]([CH2:9][P:28](=[O:2])([O-:2])[OH:2])[OH:25])[NH:24][C:15]([C@H:12]([CH2:6][CH2:5][CH2:7][NH:22][C:18]([NH2:20])=[NH2+:21])[NH:23][C:16]([C@H:14]([CH:10]([CH3:3])[CH3:4])[NH3+:19])=[O:27])=[O:26]	0.0714285746216774
[O:1]=[C:17]([O-:1])[C@H:9]([CH2:4][CH2:5][S:27][CH2:6][C@@H:10]1[C@@H:12]([OH:24])[C@@H:13]([OH:25])[C@H:16]([n:23]2[cH:8][n:22][c:11]3[c:14]([NH2:19])[n:20][cH:7][n:21][c:15]32)[O:26]1)[NH3+:18].[O:2]=[C:36]([O-:2])[C@H:35]([CH2:32][c:33]1[cH:28][cH:30][c:34]([O:38][CH3:3])[cH:31][cH:29]1)[NH3+:37]>>[O:1]=[C:17]([O-:1])[C@H:9]([CH2:4][CH2:5][S+:27]([CH3:3])[CH2:6][C@@H:10]1[C@@H:12]([OH:24])[C@@H:13]([OH:25])[C@H:16]([n:23]2[cH:8][n:22][c:11]3[c:14]([NH2:19])[n:20][cH:7][n:21][c:15]32)[O:26]1)[NH3+:18].[O:2]=[C:36]([O-:2])[C@H:35]([CH2:32][c:33]1[cH:28][cH:30][c:34]([OH:38])[cH:31][cH:29]1)[NH3+:37]	0.4556961953639984
[O:1]=[C:18]([O-:1])[CH2:10][c:13]1[cH:11][n:26]([C@H:23]2[C@H:22]([OH:30])[C@@H:21]([OH:29])[C@H:20]([OH:28])[C@@H:17]([CH2:12][OH:27])[O:31]2)[c:16]2[cH:7][cH:5][cH:4][cH:6][c:14]12.[O:2]=[C:19]([O-:2])[CH2:9][CH2:8][C@@H:15]([C:24](=[O:3])[O-:3])[NH3+:25]>>[O:1]=[C:18]([CH2:10][c:13]1[cH:11][n:26]([C@H:23]2[C@H:22]([OH:30])[C@@H:21]([OH:29])[C@H:20]([OH:28])[C@@H:17]([CH2:12][OH:27])[O:31]2)[c:16]2[cH:7][cH:5][cH:4][cH:6][c:14]12)[NH:25][C@@H:15]([CH2:8][CH2:9][C:19](=[O:2])[O-:2])[C:24](=[O:3])[O-:3].[OH2:1]	0.08860759437084198
[O:1]=[C:20]([O-:1])[C@@H:19]1[C@@H:17]([OH:24])[C@H:16]([OH:23])[C@@H:18]([OH:25])[C@@H:22]([O:45][P:49](=[O:2])([O-:2])[O:48][P:50](=[O:3])([O-:3])[O:46][CH2:32][C@@H:33]2[C@@H:35]([OH:42])[C@@H:36]([OH:43])[C@H:37]([n:40]3[cH:31][cH:30][c:34](=[O:41])[nH:39][c:38]3=[O:44])[O:47]2)[O:29]1.[cH:4]1[cH:5][cH:7][c:14]2[c:12]([cH:6]1)[c:13]1[cH:9][cH:8][c:11]([OH:27])[cH:10][c:15]1[o:28][c:21]2=[O:26]>>[O:1]=[C:20]([O-:1])[C@@H:19]1[C@@H:17]([OH:24])[C@H:16]([OH:23])[C@@H:18]([OH:25])[C@H:22]([O:27][c:11]2[cH:8][cH:9][c:13]3[c:12]4[cH:6][cH:4][cH:5][cH:7][c:14]4[c:21](=[O:26])[o:28][c:15]3[cH:10]2)[O:29]1.[O:2]=[P:49]([O-:2])([O-:45])[O:48][P:50](=[O:3])([O-:3])[O:46][CH2:32][C@@H:33]1[C@@H:35]([OH:42])[C@@H:36]([OH:43])[C@H:37]([n:40]2[cH:31][cH:30][c:34](=[O:41])[nH:39][c:38]2=[O:44])[O:47]1	0.125
[O:1]=[C:21]([O-:1])[C@@H:14]([CH3:2])[C@H:18]1[CH2:7][CH2:8][C@H:19]2[C@@H:17]3[CH2:6][CH2:5][C:15]4=[CH:13][C:16](=[O:24])[CH2:9][CH2:11][C@:22]4([CH3:3])[C@@:20]3([OH:25])[CH2:10][CH2:12][C@:23]12[CH3:4].[OH2:26]>>[O:1]=[C:21]([O-:1])[C@@H:14]([CH3:2])[C@H:18]1[CH2:7][CH2:8][C@H:19]2[C@@H:17]3[CH2:6][CH2:5][C:15]4=[CH:13][C:16](=[O:24])[CH2:9][CH2:11][C@:22]4([CH3:3])[C@H:20]3[CH2:10][CH2:12][C@:23]12[CH3:4].[O:25]=[O:26]	0.07468879967927933
[O:1]=[C:21]([O-:1])[CH2:18][CH2:16][CH2:14]/[CH:12]=[CH:10]\[CH2:8]/[CH:6]=[CH:4]\[CH2:5]/[CH:7]=[CH:9]\[CH2:11]/[CH:13]=[CH:15]\[CH2:17][CH:20]1[CH:19]([CH2:3][CH3:2])[O:23]1.[OH2:22]>>[O:1]=[C:21]([O-:1])[CH2:18][CH2:16][CH2:14]/[CH:12]=[CH:10]\[CH2:8]/[CH:6]=[CH:4]\[CH2:5]/[CH:7]=[CH:9]\[CH2:11]/[CH:13]=[CH:15]\[CH2:17][CH:20]([CH:19]([CH2:3][CH3:2])[OH:22])[OH:23]	0.17741934955120087
[O:1]=[C:21]([O-:1])[CH2:19][CH2:16][CH2:18][C:20](/[CH:17]=[CH:15]/[CH:14]=[CH:13]\[CH2:12]/[CH:11]=[CH:10]\[CH2:9]/[CH:8]=[CH:7]\[CH2:6][CH2:5][CH2:4][CH2:3][CH3:2])=[O:22]>>[O:1]=[C:21]([O-:1])[CH2:19][CH2:16][CH2:18][C@@H:20](/[CH:17]=[CH:15]/[CH:14]=[CH:13]\[CH2:12]/[CH:11]=[CH:10]\[CH2:9]/[CH:8]=[CH:7]\[CH2:6][CH2:5][CH2:4][CH2:3][CH3:2])[OH:22]	0.1034482792019844
[O:1]=[C:22]([O-:1])[CH2:8][CH2:5][C@@H:14]([CH3:2])[C@H:17]1[CH2:6][CH2:7][C@H:18]2[C@H:23]3[C@H:19]([CH2:13][C@H:21]([OH:28])[C@:25]12[CH3:4])[C@@:24]1([CH3:3])[CH2:10][CH2:9][C@@H:16]([OH:26])[CH2:11][C@H:15]1[CH2:12][C:20]3=[O:27]>>[O:1]=[C:22]([O-:1])[CH2:8][CH2:5][C@@H:14]([CH3:2])[C@H:17]1[CH2:6][CH2:7][C@H:18]2[C@H:23]3[C@H:19]([CH2:13][C@H:21]([OH:28])[C@:25]12[CH3:4])[C@@:24]1([CH3:3])[CH2:10][CH2:9][C@@H:16]([OH:26])[CH2:11][C@H:15]1[CH2:12][C@@H:20]3[OH:27]	0.07446808367967606
[O:1]=[C:24]([O-:1])[C@:25]1([O:59][P:62](=[O:2])([O-:2])[O:60][CH2:46][C@@H:47]2[C@@H:49]([OH:56])[C@@H:50]([OH:57])[C@H:51]([n:55]3[cH:45][cH:44][c:48]([NH2:53])[n:54][c:52]3=[O:58])[O:61]2)[CH2:4][C@H:9]([OH:31])[C@@H:13]([NH:26][C:8]([CH3:3])=[O:30])[C@H:20]([C@@H:14]([C@@H:10]([CH2:5][OH:27])[OH:32])[OH:33])[O:42]1.[CH2:6]([C@@H:11]1[C@H:15]([OH:34])[C@H:21]([OH:43])[C@@H:18]([OH:37])[C@H:23]([O:41][C@@H:19]2[C@@H:12]([CH2:7][OH:29])[O:39][CH:22]([OH:38])[C@H:17]([OH:36])[C@H:16]2[OH:35])[O:40]1)[OH:28]>>[O:1]=[C:24]([O-:1])[C:25]1([O:43][C@H:21]2[C@@H:15]([OH:34])[C@@H:11]([CH2:6][OH:28])[O:40][C@@H:23]([O:41][C@@H:19]3[C@@H:12]([CH2:7][OH:29])[O:39][CH:22]([OH:38])[C@H:17]([OH:36])[C@H:16]3[OH:35])[C@@H:18]2[OH:37])[CH2:4][C@H:9]([OH:31])[C@@H:13]([NH:26][C:8]([CH3:3])=[O:30])[C@H:20]([C@@H:14]([C@@H:10]([CH2:5][OH:27])[OH:32])[OH:33])[O:42]1.[O:2]=[P:62]([O-:2])([O-:59])[O:60][CH2:46][C@@H:47]1[C@@H:49]([OH:56])[C@@H:50]([OH:57])[C@H:51]([n:55]2[cH:45][cH:44][c:48]([NH2:53])[n:54][c:52]2=[O:58])[O:61]1	0.16408668458461761
[O:1]=[C:27]([O-:1])[CH2:15][NH:39][C:29]([C@H:23]([CH2:17][SH:52])[NH:41][C:25]([CH2:12][CH2:10][C@@H:21]([C:31](=[O:3])[O-:3])[NH3+:37])=[O:46])=[O:48].[O:2]=[C:28]([O-:2])[CH2:16][NH:40][C:30]([C@H:24]([CH2:18][SH:53])[NH:42][C:26]([CH2:13][CH2:11][C@@H:22]([C:32](=[O:4])[O-:4])[NH3+:38])=[O:47])=[O:49].[cH:5]1[cH:6][cH:8][c:20]([CH2:14][C@@:35]2([OH:54])[C:33](=[O:50])[NH:44][C@:36]([CH2:19][OH:45])([OH:55])[C:34](=[O:51])[NH:43]2)[cH:9][cH:7]1>>[O:1]=[C:27]([O-:1])[CH2:15][NH:39][C:29]([C@H:23]([CH2:17][S:52][C@:35]1([CH2:14][c:20]2[cH:8][cH:6][cH:5][cH:7][cH:9]2)[C:33](=[O:50])[NH:44][C@:36]([CH2:19][OH:45])([S:53][CH2:18][C@@H:24]([C:30]([NH:40][CH2:16][C:28](=[O:2])[O-:2])=[O:49])[NH:42][C:26]([CH2:13][CH2:11][C@@H:22]([C:32](=[O:4])[O-:4])[NH3+:38])=[O:47])[C:34](=[O:51])[NH:43]1)[NH:41][C:25]([CH2:12][CH2:10][C@@H:21]([C:31](=[O:3])[O-:3])[NH3+:37])=[O:46])=[O:48].[OH2:54].[OH2:55]	0.08123249560594559
[O:1]=[C:30]([O-:1])[C@H:22]([CH2:17][CH2:18][S:40][CH2:19][C@@H:23]1[C@@H:25]([OH:37])[C@@H:26]([OH:38])[C@H:29]([n:36]2[cH:21][n:35][c:24]3[c:27]([NH2:32])[n:33][cH:20][n:34][c:28]32)[O:39]1)[NH3+:31].[cH:2]1[cH:3][cH:5][c:10]2[c:9]([cH:4]1)[c:8]([CH2:7][NH:13][C:11](=[S:14])[S:15][CH3:16])[cH:6][nH:12]2>>[O:1]=[C:30]([O-:1])[C@H:22]([CH2:17][CH2:18][S+:40]([CH3:16])[CH2:19][C@@H:23]1[C@@H:25]([OH:37])[C@@H:26]([OH:38])[C@H:29]([n:36]2[cH:21][n:35][c:24]3[c:27]([NH2:32])[n:33][cH:20][n:34][c:28]32)[O:39]1)[NH3+:31].[cH:2]1[cH:3][cH:5][c:10]2[c:9]([cH:4]1)[c:8]([CH2:7][NH:13][C:11](=[S:14])[SH:15])[cH:6][nH:12]2	0.4021739065647125
[O:1]=[C:37]([O-:1])[C@H:29]([CH2:24][CH2:25][S:47][CH2:26][C@@H:30]1[C@@H:32]([OH:44])[C@@H:33]([OH:45])[C@H:36]([n:43]2[cH:28][n:42][c:31]3[c:34]([NH2:39])[n:40][cH:27][n:41][c:35]32)[O:46]1)[NH3+:38].[cH:2]1[cH:4][c:9]([O:17][CH3:23])[cH:5][cH:3][c:8]1[C@@H:13]1[C:15](=[O:20])[c:14]2[c:11]([OH:19])[cH:6][c:10]([OH:18])[cH:7][c:12]2[O:22][C@H:16]1[OH:21]>>[O:1]=[C:37]([O-:1])[C@H:29]([CH2:24][CH2:25][S+:47]([CH3:23])[CH2:26][C@@H:30]1[C@@H:32]([OH:44])[C@@H:33]([OH:45])[C@H:36]([n:43]2[cH:28][n:42][c:31]3[c:34]([NH2:39])[n:40][cH:27][n:41][c:35]32)[O:46]1)[NH3+:38].[cH:2]1[cH:4][c:9]([OH:17])[cH:5][cH:3][c:8]1[C@@H:13]1[C:15](=[O:20])[c:14]2[c:11]([OH:19])[cH:6][c:10]([OH:18])[cH:7][c:12]2[O:22][C@H:16]1[OH:21]	0.41489362716674805
[O:1]=[C:4]([O-:1])[CH3:2].[CH2:3]=[O:5].[OH2:6]>>[O:1]=[C:4]([CH3:2])[CH2:3][OH:5].[O:1]=[O:6]	0.28205129504203796
[O:1]=[C:5]([O-:1])[C:4]([CH3:3])=[O:8].[CH3:2][SeH:7].[NH4+:6]>>[O:1]=[C:5]([O-:1])[C@H:4]([CH2:3][Se:7][CH3:2])[NH3+:6].[OH2:8]	0.18421052396297455
[O:1]=[C:5]([O-:1])[C@@H:4]([CH2:2][CH:3]=[O:6])[OH:7]>>[O:1]=[C:5]([O-:1])[C@@H:4]([CH2:2][CH2:3][OH:6])[OH:7]	0.2586206793785095
[O:1]=[C:6]([O-:1])/[C:5](=[CH:3]\[CH:4]=[CH2:2])[OH:8].[OH2:7]>>[O:1]=[C:6]([O-:1])[C:5]([CH2:3][C@H:4]([CH3:2])[OH:7])=[O:8]	0.5384615659713745
[O:1]=[C:6]([O-:1])[C:5]([CH:4]=[C:3]=[CH2:2])=[O:7]>>[O:1]=[C:6]([O-:1])[C:5]([CH2:4][CH:3]=[CH2:2])=[O:7]	0.35593220591545105
[O:1]=[C:6]([O-:1])[CH2:4][CH:5]([C:7]([C:9](=[O:3])[O-:3])=[O:10])[C:8](=[O:2])[O-:2]>>[O:1]=[C:6]([O-:1])[CH2:4][C@@H:5]([C@H:7]([C:9](=[O:3])[O-:3])[OH:10])[C:8](=[O:2])[O-:2]	0.09482758492231369
[O:1]=[C:7]([O-:1])[C:6](/[CH:3]=[CH:5]\[CH2:4][P:10](=[O:2])([O-:2])[OH:2])=[O:9].[OH2:8]>>[O:1]=[C:7]([O-:1])[C:6]([CH2:3][CH:5]([CH2:4][P:10](=[O:2])([O-:2])[OH:2])[OH:8])=[O:9]	0.07070706784725189
[O:1]=[C:7]([O-:1])[C:6](/[CH:4]=[CH:3]/[CH2:5][CH3:2])=[O:9].[OH2:8]>>[O:1]=[C:7]([O-:1])[C:6](/[CH:4]=[C:5](/[CH2:3][CH3:2])[OH:8])=[O:9]	0.3478260934352875
[O:1]=[C:8]([O-:1])[CH2:5][C@@H:7]([CH2:6][N+:9]([CH3:2])([CH3:3])[CH3:4])[OH:10]>>[O:1]=[C:8]([O-:1])[CH2:5][C@H:7]([CH2:6][N+:9]([CH3:2])([CH3:3])[CH3:4])[OH:10]	0.21794871985912323
[O:1]=[C:8]([O-:1])[c:6]1[cH:4][cH:2][cH:3][cH:5][c:7]1[OH:11].[O:9]=[O:10]>>[O:1]=[C:8]([O-:1])[C:6](/[CH:4]=[CH:2]/[CH:3]=[CH:5]\[C:7]([O-:10])=[O:11])=[O:9]	0.17985612154006958
[O:1]=[C:94]([O-:1])[C@@H:77]([CH3:20])[O:120][C@@H:90]1[C@@H:86]([NH:105][C:79]([CH3:22])=[O:111])[C@@H:98]([O:124][P:127](=[O:4])([O-:4])[O:125][P:126](=[O:3])([O-:3])[O:119][CH2:60]/[CH:58]=[C:73](\[CH3:16])[CH2:54][CH2:34]/[CH:53]=[C:72](\[CH3:15])[CH2:52][CH2:33]/[CH:51]=[C:71](\[CH3:14])[CH2:50][CH2:32]/[CH:49]=[C:70](\[CH3:13])[CH2:48][CH2:31]/[CH:47]=[C:69](\[CH3:12])[CH2:46][CH2:30]/[CH:45]=[C:68](\[CH3:11])[CH2:44][CH2:29]/[CH:43]=[C:67](\[CH3:10])[CH2:42][CH2:28]/[CH:41]=[C:66](\[CH3:9])[CH2:40][CH2:27]/[CH:39]=[C:65](/[CH3:8])[CH2:38][CH2:26]/[CH:37]=[C:64](/[CH3:7])[CH2:36][CH2:25][CH:35]=[C:63]([CH3:5])[CH3:6])[O:122][C@H:83]([CH2:62][OH:109])[C@H:89]1[O:123][C@H:97]1[C@H:85]([NH:104][C:78]([CH3:21])=[O:110])[C@@H:88]([OH:114])[C@H:87]([OH:113])[C@@H:82]([CH2:61][OH:108])[O:121]1.[O:2]=[C:96]([O-:2])[C@@H:76]([CH3:19])[NH:103][C:92]([C@@H:74]([CH3:17])[NH:102][C:95]([C@H:81]([CH2:55][CH2:23][CH2:24][CH2:59][NH3+:99])[NH:106][C:84]([CH2:57][CH2:56][C@@H:80]([C:91]([NH2:100])=[O:115])[NH:107][C:93]([C@H:75]([CH3:18])[NH3+:101])=[O:117])=[O:112])=[O:118])=[O:116]>>[O:1]=[C:94]([C@@H:77]([CH3:20])[O:120][C@@H:90]1[C@@H:86]([NH:105][C:79]([CH3:22])=[O:111])[C@@H:98]([O:124][P:127](=[O:4])([O-:4])[O:125][P:126](=[O:3])([O-:3])[O:119][CH2:60]/[CH:58]=[C:73](\[CH3:16])[CH2:54][CH2:34]/[CH:53]=[C:72](\[CH3:15])[CH2:52][CH2:33]/[CH:51]=[C:71](\[CH3:14])[CH2:50][CH2:32]/[CH:49]=[C:70](\[CH3:13])[CH2:48][CH2:31]/[CH:47]=[C:69](\[CH3:12])[CH2:46][CH2:30]/[CH:45]=[C:68](\[CH3:11])[CH2:44][CH2:29]/[CH:43]=[C:67](\[CH3:10])[CH2:42][CH2:28]/[CH:41]=[C:66](\[CH3:9])[CH2:40][CH2:27]/[CH:39]=[C:65](/[CH3:8])[CH2:38][CH2:26]/[CH:37]=[C:64](/[CH3:7])[CH2:36][CH2:25][CH:35]=[C:63]([CH3:5])[CH3:6])[O:122][C@H:83]([CH2:62][OH:109])[C@H:89]1[O:123][C@H:97]1[C@H:85]([NH:104][C:78]([CH3:21])=[O:110])[C@@H:88]([OH:114])[C@H:87]([OH:113])[C@@H:82]([CH2:61][OH:108])[O:121]1)[NH:101][C@@H:75]([CH3:18])[C:93]([NH:107][C@H:80]([CH2:56][CH2:57][C:84]([NH:106][C@@H:81]([CH2:55][CH2:23][CH2:24][CH2:59][NH3+:99])[C:95]([NH:102][C@H:74]([CH3:17])[C:92]([NH:103][C@H:76]([CH3:19])[C:96](=[O:2])[O-:2])=[O:116])=[O:118])=[O:112])[C:91]([NH2:100])=[O:115])=[O:117].[OH2:1]	0.09139785170555115
[O:1]=[C:9]([O-:1])[C@@H:8]([c:7]1[cH:5][cH:3][cH:2][cH:4][cH:6]1)[NH:11][C:10]([NH2:12])=[O:13]>>[O:1]=[C:9]1[C@@H:8]([c:7]2[cH:5][cH:3][cH:2][cH:4][cH:6]2)[NH:11][C:10](=[O:13])[NH:12]1.[OH2:1]	0.0941176488995552
[O:1]=[C:9]([O-:1])[c:7]1[c:6]([CH:4]=[O:11])[cH:3][n:10][c:5]([CH3:2])[c:8]1[OH:12]>>[O:1]=[C:9]([O-:1])[c:7]1[c:6]([CH2:4][OH:11])[cH:3][n:10][c:5]([CH3:2])[c:8]1[OH:12]	1.0
[O:1]=[CH:9]/[CH:6]=[CH:4]/[c:7]1[cH:3][cH:5][c:8]([C:10](=[O:2])[O-:2])[o:13][c:11]1=[O:12].[OH2:1]>>[O:1]=[C:9]([O-:1])/[CH:6]=[CH:4]/[c:7]1[cH:3][cH:5][c:8]([C:10](=[O:2])[O-:2])[o:13][c:11]1=[O:12]	0.1525423675775528
[O:1]=[P:101]([O-:1])([O:93][CH2:51]/[CH:50]=[C:64](\[CH3:16])[CH2:49][CH2:29]/[CH:48]=[C:63](\[CH3:15])[CH2:47][CH2:28]/[CH:46]=[C:62](\[CH3:14])[CH2:45][CH2:27]/[CH:44]=[C:61](\[CH3:13])[CH2:43][CH2:26]/[CH:42]=[C:60](\[CH3:12])[CH2:41][CH2:25]/[CH:40]=[C:59](\[CH3:11])[CH2:39][CH2:24]/[CH:38]=[C:58](\[CH3:10])[CH2:37][CH2:23]/[CH:36]=[C:57](\[CH3:9])[CH2:35][CH2:22]/[CH:34]=[C:56](/[CH3:8])[CH2:33][CH2:21]/[CH:32]=[C:55](/[CH3:7])[CH2:31][CH2:20][CH:30]=[C:54]([CH3:5])[CH3:6])[O:100][P:102](=[O:2])([O-:2])[O:99][C@@H:80]1[C@H:71]([NH:84][C:67]([CH3:19])=[O:87])[C@@H:78]([O:97][C@H:79]2[C@@H:70]([NH:83][C:66]([CH3:18])=[NH2+:82])[C@H:77]([OH:98])[C@H:72]([OH:88])[C@H:65]([CH3:17])[O:94]2)[C@H:74]([OH:90])[C@@H:69]([CH2:53][OH:86])[O:95]1.[O:3]=[P:122]([O-:3])([O:118][C@@H:81]1[C@H:76]([OH:92])[C@@H:75]([OH:91])[C@@H:73]([OH:89])[C@@H:68]([CH2:52][OH:85])[O:96]1)[O:121][P:123](=[O:4])([O-:4])[O:119][CH2:105][C@@H:106]1[C@@H:108]([OH:115])[C@@H:109]([OH:116])[C@H:110]([n:113]2[cH:104][cH:103][c:107](=[O:114])[nH:112][c:111]2=[O:117])[O:120]1>>[O:1]=[P:101]([O-:1])([O:93][CH2:51]/[CH:50]=[C:64](\[CH3:16])[CH2:49][CH2:29]/[CH:48]=[C:63](\[CH3:15])[CH2:47][CH2:28]/[CH:46]=[C:62](\[CH3:14])[CH2:45][CH2:27]/[CH:44]=[C:61](\[CH3:13])[CH2:43][CH2:26]/[CH:42]=[C:60](\[CH3:12])[CH2:41][CH2:25]/[CH:40]=[C:59](\[CH3:11])[CH2:39][CH2:24]/[CH:38]=[C:58](\[CH3:10])[CH2:37][CH2:23]/[CH:36]=[C:57](\[CH3:9])[CH2:35][CH2:22]/[CH:34]=[C:56](/[CH3:8])[CH2:33][CH2:21]/[CH:32]=[C:55](/[CH3:7])[CH2:31][CH2:20][CH:30]=[C:54]([CH3:5])[CH3:6])[O:100][P:102](=[O:2])([O-:2])[O:99][C@@H:80]1[C@H:71]([NH:84][C:67]([CH3:19])=[O:87])[C@@H:78]([O:97][C@H:79]2[C@@H:70]([NH:83][C:66]([CH3:18])=[NH2+:82])[C@H:77]([O:98][C@@H:81]3[C@H:76]([OH:92])[C@@H:75]([OH:91])[C@@H:73]([OH:89])[C@@H:68]([CH2:52][OH:85])[O:96]3)[C@H:72]([OH:88])[C@H:65]([CH3:17])[O:94]2)[C@H:74]([OH:90])[C@@H:69]([CH2:53][OH:86])[O:95]1.[O:3]=[P:122]([O-:3])([O-:118])[O:121][P:123](=[O:4])([O-:4])[O:119][CH2:105][C@@H:106]1[C@@H:108]([OH:115])[C@@H:109]([OH:116])[C@H:110]([n:113]2[cH:104][cH:103][c:107](=[O:114])[nH:112][c:111]2=[O:117])[O:120]1	0.40163934230804443
[O:1]=[P:102]([O-:1])([O:94][CH2:50]/[CH:49]=[C:64](\[CH3:16])[CH2:48][CH2:28]/[CH:47]=[C:63](\[CH3:15])[CH2:46][CH2:27]/[CH:45]=[C:62](\[CH3:14])[CH2:44][CH2:26]/[CH:43]=[C:61](\[CH3:13])[CH2:42][CH2:25]/[CH:41]=[C:60](\[CH3:12])[CH2:40][CH2:24]/[CH:39]=[C:59](\[CH3:11])[CH2:38][CH2:23]/[CH:37]=[C:58](\[CH3:10])[CH2:36][CH2:22]/[CH:35]=[C:57](\[CH3:9])[CH2:34][CH2:21]/[CH:33]=[C:56](/[CH3:8])[CH2:32][CH2:20]/[CH:31]=[C:55](/[CH3:7])[CH2:30][CH2:19][CH:29]=[C:54]([CH3:5])[CH3:6])[O:101][P:103](=[O:2])([O-:2])[O:100][C@@H:80]1[C@H:71]([NH:83][C:66]([CH3:18])=[O:88])[C@@H:78]([O:99][C@@H:79]2[C@H:70]([NH:82][C:65]([CH3:17])=[O:87])[C@@H:74]([OH:91])[C@@H:77]([OH:98])[C@@H:69]([CH2:53][OH:86])[O:97]2)[C@@H:73]([OH:90])[C@@H:68]([CH2:52][OH:85])[O:95]1.[O:3]=[P:123]([O-:3])([O:119][C@@H:81]1[C@H:76]([OH:93])[C@@H:75]([OH:92])[C@@H:72]([OH:89])[C@@H:67]([CH2:51][OH:84])[O:96]1)[O:122][P:124](=[O:4])([O-:4])[O:120][CH2:106][C@@H:107]1[C@@H:109]([OH:116])[C@@H:110]([OH:117])[C@H:111]([n:114]2[cH:105][cH:104][c:108](=[O:115])[nH:113][c:112]2=[O:118])[O:121]1>>[O:1]=[P:102]([O-:1])([O:94][CH2:50]/[CH:49]=[C:64](\[CH3:16])[CH2:48][CH2:28]/[CH:47]=[C:63](\[CH3:15])[CH2:46][CH2:27]/[CH:45]=[C:62](\[CH3:14])[CH2:44][CH2:26]/[CH:43]=[C:61](\[CH3:13])[CH2:42][CH2:25]/[CH:41]=[C:60](\[CH3:12])[CH2:40][CH2:24]/[CH:39]=[C:59](\[CH3:11])[CH2:38][CH2:23]/[CH:37]=[C:58](\[CH3:10])[CH2:36][CH2:22]/[CH:35]=[C:57](\[CH3:9])[CH2:34][CH2:21]/[CH:33]=[C:56](/[CH3:8])[CH2:32][CH2:20]/[CH:31]=[C:55](/[CH3:7])[CH2:30][CH2:19][CH:29]=[C:54]([CH3:5])[CH3:6])[O:101][P:103](=[O:2])([O-:2])[O:100][C@@H:80]1[C@H:71]([NH:83][C:66]([CH3:18])=[O:88])[C@@H:78]([O:99][C@@H:79]2[C@H:70]([NH:82][C:65]([CH3:17])=[O:87])[C@@H:74]([OH:91])[C@@H:77]([O:98][C@@H:81]3[C@H:76]([OH:93])[C@@H:75]([OH:92])[C@@H:72]([OH:89])[C@@H:67]([CH2:51][OH:84])[O:96]3)[C@@H:69]([CH2:53][OH:86])[O:97]2)[C@@H:73]([OH:90])[C@@H:68]([CH2:52][OH:85])[O:95]1.[O:3]=[P:123]([O-:3])([O-:119])[O:122][P:124](=[O:4])([O-:4])[O:120][CH2:106][C@@H:107]1[C@@H:109]([OH:116])[C@@H:110]([OH:117])[C@H:111]([n:114]2[cH:105][cH:104][c:108](=[O:115])[nH:113][c:112]2=[O:118])[O:121]1	0.6559139490127563
[O:1]=[P:102]([O-:1])([O:94][CH2:50]/[CH:49]=[C:64](\[CH3:16])[CH2:48][CH2:28]/[CH:47]=[C:63](\[CH3:15])[CH2:46][CH2:27]/[CH:45]=[C:62](\[CH3:14])[CH2:44][CH2:26]/[CH:43]=[C:61](\[CH3:13])[CH2:42][CH2:25]/[CH:41]=[C:60](\[CH3:12])[CH2:40][CH2:24]/[CH:39]=[C:59](\[CH3:11])[CH2:38][CH2:23]/[CH:37]=[C:58](\[CH3:10])[CH2:36][CH2:22]/[CH:35]=[C:57](\[CH3:9])[CH2:34][CH2:21]/[CH:33]=[C:56](\[CH3:8])[CH2:32][CH2:20]/[CH:31]=[C:55](\[CH3:7])[CH2:30][CH2:19][CH:29]=[C:54]([CH3:5])[CH3:6])[O:101][P:103](=[O:2])([O-:2])[O:100][C@@H:80]1[C@H:71]([NH:83][C:66]([CH3:18])=[O:88])[C@@H:78]([O:99][C@@H:79]2[C@H:70]([NH:82][C:65]([CH3:17])=[O:87])[C@@H:74]([OH:91])[C@@H:77]([OH:98])[C@@H:69]([CH2:53][OH:86])[O:97]2)[C@H:73]([OH:90])[C@@H:68]([CH2:52][OH:85])[O:95]1.[O:3]=[P:123]([O-:3])([O:119][C@@H:81]1[C@H:76]([OH:93])[C@@H:75]([OH:92])[C@H:72]([OH:89])[C@@H:67]([CH2:51][OH:84])[O:96]1)[O:122][P:124](=[O:4])([O-:4])[O:120][CH2:106][C@@H:107]1[C@@H:109]([OH:116])[C@@H:110]([OH:117])[C@H:111]([n:114]2[cH:105][cH:104][c:108](=[O:115])[nH:113][c:112]2=[O:118])[O:121]1>>[O:1]=[P:102]([O-:1])([O:94][CH2:50]/[CH:49]=[C:64](\[CH3:16])[CH2:48][CH2:28]/[CH:47]=[C:63](\[CH3:15])[CH2:46][CH2:27]/[CH:45]=[C:62](\[CH3:14])[CH2:44][CH2:26]/[CH:43]=[C:61](\[CH3:13])[CH2:42][CH2:25]/[CH:41]=[C:60](\[CH3:12])[CH2:40][CH2:24]/[CH:39]=[C:59](\[CH3:11])[CH2:38][CH2:23]/[CH:37]=[C:58](\[CH3:10])[CH2:36][CH2:22]/[CH:35]=[C:57](\[CH3:9])[CH2:34][CH2:21]/[CH:33]=[C:56](\[CH3:8])[CH2:32][CH2:20]/[CH:31]=[C:55](\[CH3:7])[CH2:30][CH2:19][CH:29]=[C:54]([CH3:5])[CH3:6])[O:101][P:103](=[O:2])([O-:2])[O:100][C@@H:80]1[C@H:71]([NH:83][C:66]([CH3:18])=[O:88])[C@@H:78]([O:99][C@@H:79]2[C@H:70]([NH:82][C:65]([CH3:17])=[O:87])[C@@H:74]([OH:91])[C@@H:77]([O:98][C@@H:81]3[C@H:76]([OH:93])[C@@H:75]([OH:92])[C@H:72]([OH:89])[C@@H:67]([CH2:51][OH:84])[O:96]3)[C@@H:69]([CH2:53][OH:86])[O:97]2)[C@H:73]([OH:90])[C@@H:68]([CH2:52][OH:85])[O:95]1.[O:3]=[P:123]([O-:3])([O-:119])[O:122][P:124](=[O:4])([O-:4])[O:120][CH2:106][C@@H:107]1[C@@H:109]([OH:116])[C@@H:110]([OH:117])[C@H:111]([n:114]2[cH:105][cH:104][c:108](=[O:115])[nH:113][c:112]2=[O:118])[O:121]1	1.0
[O:1]=[P:110]([O-:1])([O:101][CH2:49]/[CH:48]=[C:64](\[CH3:16])[CH2:47][CH2:27]/[CH:46]=[C:63](\[CH3:15])[CH2:45][CH2:26]/[CH:44]=[C:62](\[CH3:14])[CH2:43][CH2:25]/[CH:42]=[C:61](\[CH3:13])[CH2:41][CH2:24]/[CH:40]=[C:60](\[CH3:12])[CH2:39][CH2:23]/[CH:38]=[C:59](\[CH3:11])[CH2:37][CH2:22]/[CH:36]=[C:58](\[CH3:10])[CH2:35][CH2:21]/[CH:34]=[C:57](\[CH3:9])[CH2:33][CH2:20]/[CH:32]=[C:56](/[CH3:8])[CH2:31][CH2:19]/[CH:30]=[C:55](/[CH3:7])[CH2:29][CH2:18][CH:28]=[C:54]([CH3:5])[CH3:6])[O:109][P:111](=[O:2])([O-:2])[O:108][C@@H:82]1[C@H:70]([NH:86][C:65]([CH3:17])=[O:90])[C@@H:80]([O:106][C@H:85]2[C@H:79]([OH:99])[C@@H:81]([O:107][C@H:84]3[C@H:78]([OH:98])[C@@H:76]([OH:96])[C@H:72]([OH:92])[C@@H:69]([CH2:53][OH:100])[O:105]3)[C@@H:74]([OH:94])[C@@H:68]([CH2:52][OH:89])[O:104]2)[C@@H:73]([OH:93])[C@@H:67]([CH2:51][OH:88])[O:102]1.[O:3]=[P:131]([O-:3])([O:127][C@@H:83]1[C@H:77]([OH:97])[C@@H:75]([OH:95])[C@@H:71]([OH:91])[C@@H:66]([CH2:50][OH:87])[O:103]1)[O:130][P:132](=[O:4])([O-:4])[O:128][CH2:114][C@@H:115]1[C@@H:117]([OH:124])[C@@H:118]([OH:125])[C@H:119]([n:122]2[cH:113][cH:112][c:116](=[O:123])[nH:121][c:120]2=[O:126])[O:129]1>>[O:1]=[P:110]([O-:1])([O:101][CH2:49]/[CH:48]=[C:64](\[CH3:16])[CH2:47][CH2:27]/[CH:46]=[C:63](\[CH3:15])[CH2:45][CH2:26]/[CH:44]=[C:62](\[CH3:14])[CH2:43][CH2:25]/[CH:42]=[C:61](\[CH3:13])[CH2:41][CH2:24]/[CH:40]=[C:60](\[CH3:12])[CH2:39][CH2:23]/[CH:38]=[C:59](\[CH3:11])[CH2:37][CH2:22]/[CH:36]=[C:58](\[CH3:10])[CH2:35][CH2:21]/[CH:34]=[C:57](\[CH3:9])[CH2:33][CH2:20]/[CH:32]=[C:56](/[CH3:8])[CH2:31][CH2:19]/[CH:30]=[C:55](/[CH3:7])[CH2:29][CH2:18][CH:28]=[C:54]([CH3:5])[CH3:6])[O:109][P:111](=[O:2])([O-:2])[O:108][C@@H:82]1[C@H:70]([NH:86][C:65]([CH3:17])=[O:90])[C@@H:80]([O:106][C@H:85]2[C@H:79]([OH:99])[C@@H:81]([O:107][C@H:84]3[C@H:78]([OH:98])[C@@H:76]([OH:96])[C@H:72]([OH:92])[C@@H:69]([CH2:53][O:100][C@H:83]4[C@H:77]([OH:97])[C@@H:75]([OH:95])[C@@H:71]([OH:91])[C@@H:66]([CH2:50][OH:87])[O:103]4)[O:105]3)[C@@H:74]([OH:94])[C@@H:68]([CH2:52][OH:89])[O:104]2)[C@@H:73]([OH:93])[C@@H:67]([CH2:51][OH:88])[O:102]1.[O:3]=[P:131]([O-:3])([O-:127])[O:130][P:132](=[O:4])([O-:4])[O:128][CH2:114][C@@H:115]1[C@@H:117]([OH:124])[C@@H:118]([OH:125])[C@H:119]([n:122]2[cH:113][cH:112][c:116](=[O:123])[nH:121][c:120]2=[O:126])[O:129]1	0.2620689570903778
[O:1]=[P:116]([O-:1])([O:106][CH2:51]/[CH:50]=[C:66](\[CH3:16])[CH2:49][CH2:29]/[CH:48]=[C:65](\[CH3:15])[CH2:47][CH2:28]/[CH:46]=[C:64](\[CH3:14])[CH2:45][CH2:27]/[CH:44]=[C:63](\[CH3:13])[CH2:43][CH2:26]/[CH:42]=[C:62](\[CH3:12])[CH2:41][CH2:25]/[CH:40]=[C:61](\[CH3:11])[CH2:39][CH2:24]/[CH:38]=[C:60](\[CH3:10])[CH2:37][CH2:23]/[CH:36]=[C:59](\[CH3:9])[CH2:35][CH2:22]/[CH:34]=[C:58](\[CH3:8])[CH2:33][CH2:21]/[CH:32]=[C:57](\[CH3:7])[CH2:31][CH2:20][CH:30]=[C:56]([CH3:5])[CH3:6])[O:115][P:117](=[O:2])([O-:2])[O:114][C@@H:88]1[C@H:76]([NH:92][C:69]([CH3:19])=[O:99])[C@@H:84]([O:111][C@@H:87]2[C@H:75]([NH:91][C:68]([CH3:18])=[O:98])[C@@H:83]([O:112][C@H:89]3[C@H:82]([OH:105])[C@@H:85]([OH:113])[C@@H:80]([OH:103])[C@@H:73]([CH2:55][OH:96])[O:110]3)[C@@H:78]([OH:101])[C@@H:71]([CH2:53][OH:94])[O:108]2)[C@H:79]([OH:102])[C@@H:72]([CH2:54][OH:95])[O:109]1.[O:3]=[P:137]([O-:3])([O:133][C@@H:86]1[C@H:74]([NH:90][C:67]([CH3:17])=[O:97])[C@@H:81]([OH:104])[C@H:77]([OH:100])[C@@H:70]([CH2:52][OH:93])[O:107]1)[O:136][P:138](=[O:4])([O-:4])[O:134][CH2:120][C@@H:121]1[C@@H:123]([OH:130])[C@@H:124]([OH:131])[C@H:125]([n:128]2[cH:119][cH:118][c:122](=[O:129])[nH:127][c:126]2=[O:132])[O:135]1>>[O:1]=[P:116]([O-:1])([O:106][CH2:51]/[CH:50]=[C:66](\[CH3:16])[CH2:49][CH2:29]/[CH:48]=[C:65](\[CH3:15])[CH2:47][CH2:28]/[CH:46]=[C:64](\[CH3:14])[CH2:45][CH2:27]/[CH:44]=[C:63](\[CH3:13])[CH2:43][CH2:26]/[CH:42]=[C:62](\[CH3:12])[CH2:41][CH2:25]/[CH:40]=[C:61](\[CH3:11])[CH2:39][CH2:24]/[CH:38]=[C:60](\[CH3:10])[CH2:37][CH2:23]/[CH:36]=[C:59](\[CH3:9])[CH2:35][CH2:22]/[CH:34]=[C:58](\[CH3:8])[CH2:33][CH2:21]/[CH:32]=[C:57](\[CH3:7])[CH2:31][CH2:20][CH:30]=[C:56]([CH3:5])[CH3:6])[O:115][P:117](=[O:2])([O-:2])[O:114][C@H:88]1[C@H:76]([NH:92][C:69]([CH3:19])=[O:99])[C@@H:84]([O:111][C@@H:87]2[C@H:75]([NH:91][C:68]([CH3:18])=[O:98])[C@@H:83]([O:112][C@H:89]3[C@H:82]([OH:105])[C@@H:85]([O:113][C@H:86]4[C@H:74]([NH:90][C:67]([CH3:17])=[O:97])[C@@H:81]([OH:104])[C@H:77]([OH:100])[C@@H:70]([CH2:52][OH:93])[O:107]4)[C@@H:80]([OH:103])[C@@H:73]([CH2:55][OH:96])[O:110]3)[C@@H:78]([OH:101])[C@@H:71]([CH2:53][OH:94])[O:108]2)[C@H:79]([OH:102])[C@@H:72]([CH2:54][OH:95])[O:109]1.[O:3]=[P:137]([O-:3])([O-:133])[O:136][P:138](=[O:4])([O-:4])[O:134][CH2:120][C@@H:121]1[C@@H:123]([OH:130])[C@@H:124]([OH:131])[C@H:125]([n:128]2[cH:119][cH:118][c:122](=[O:129])[nH:127][c:126]2=[O:132])[O:135]1	0.09056603908538818
[O:1]=[P:11]([O-:1])([O-:1])[O:10][CH2:4][C@H:6]([C@H:5]([C@@H:3]([OH:7])[C@@H:16]([C:17]([CH2:13][OH:18])=[O:21])[OH:20])[OH:8])[OH:9].[O:2]=[S:23](=[O:2])([O-:2])[CH2:12][C@H:14]([CH:15]=[O:19])[OH:22]>>[O:2]=[S:23](=[O:2])([O-:2])[CH2:12][C@@H:14]1[C@@H:15]([OH:19])[C@H:16]([OH:20])[C:17]([CH2:13][OH:18])([OH:21])[O:22]1.[O:1]=[P:11]([O-:1])([O-:1])[O:10][CH2:4][C@H:6]([C@H:5]([CH:3]=[O:7])[OH:8])[OH:9]	0.08119658380746841
[O:1]=[P:126]([O-:1])([O:115][CH2:52]/[CH:51]=[C:67](\[CH3:16])[CH2:50][CH2:30]/[CH:49]=[C:66](\[CH3:15])[CH2:48][CH2:29]/[CH:47]=[C:65](\[CH3:14])[CH2:46][CH2:28]/[CH:45]=[C:64](\[CH3:13])[CH2:44][CH2:27]/[CH:43]=[C:63](\[CH3:12])[CH2:42][CH2:26]/[CH:41]=[C:62](\[CH3:11])[CH2:40][CH2:25]/[CH:39]=[C:61](\[CH3:10])[CH2:38][CH2:24]/[CH:37]=[C:60](\[CH3:9])[CH2:36][CH2:23]/[CH:35]=[C:59](\[CH3:8])[CH2:34][CH2:22]/[CH:33]=[C:58](\[CH3:7])[CH2:32][CH2:21][CH:31]=[C:57]([CH3:5])[CH3:6])[O:125][P:127](=[O:2])([O-:2])[O:124][C@@H:92]1[C@H:78]([NH:98][C:71]([CH3:20])=[O:104])[C@@H:89]([O:122][C@@H:91]2[C@H:77]([NH:97][C:70]([CH3:19])=[O:103])[C@@H:83]([OH:109])[C@@H:88]([O:121][C@@H:94]3[C@H:87]([OH:113])[C@@H:85]([OH:111])[C@H:81]([OH:107])[C@@H:75]([CH2:56][O:114][C@H:95]4[C@H:90]([OH:123])[C@@H:76]([NH:96][C:69]([CH3:18])=[O:102])[C@@H:79]([OH:105])[C@@H:68]([CH3:17])[O:116]4)[O:120]3)[C@@H:74]([CH2:55][OH:101])[O:119]2)[C@H:82]([OH:108])[C@@H:73]([CH2:54][OH:100])[O:117]1.[O:3]=[P:147]([O-:3])([O:143][C@@H:93]1[C@H:86]([OH:112])[C@@H:84]([OH:110])[C@H:80]([OH:106])[C@@H:72]([CH2:53][OH:99])[O:118]1)[O:146][P:148](=[O:4])([O-:4])[O:144][CH2:130][C@@H:131]1[C@@H:133]([OH:140])[C@@H:134]([OH:141])[C@H:135]([n:138]2[cH:129][cH:128][c:132](=[O:139])[nH:137][c:136]2=[O:142])[O:145]1>>[O:1]=[P:126]([O-:1])([O:115][CH2:52]/[CH:51]=[C:67](\[CH3:16])[CH2:50][CH2:30]/[CH:49]=[C:66](\[CH3:15])[CH2:48][CH2:29]/[CH:47]=[C:65](\[CH3:14])[CH2:46][CH2:28]/[CH:45]=[C:64](\[CH3:13])[CH2:44][CH2:27]/[CH:43]=[C:63](\[CH3:12])[CH2:42][CH2:26]/[CH:41]=[C:62](\[CH3:11])[CH2:40][CH2:25]/[CH:39]=[C:61](\[CH3:10])[CH2:38][CH2:24]/[CH:37]=[C:60](\[CH3:9])[CH2:36][CH2:23]/[CH:35]=[C:59](\[CH3:8])[CH2:34][CH2:22]/[CH:33]=[C:58](\[CH3:7])[CH2:32][CH2:21][CH:31]=[C:57]([CH3:5])[CH3:6])[O:125][P:127](=[O:2])([O-:2])[O:124][C@@H:92]1[C@H:78]([NH:98][C:71]([CH3:20])=[O:104])[C@@H:89]([O:122][C@@H:91]2[C@H:77]([NH:97][C:70]([CH3:19])=[O:103])[C@@H:83]([OH:109])[C@@H:88]([O:121][C@@H:94]3[C@H:87]([OH:113])[C@@H:85]([OH:111])[C@H:81]([OH:107])[C@@H:75]([CH2:56][O:114][C@H:95]4[C@H:90]([O:123][C@H:93]5[C@H:86]([OH:112])[C@@H:84]([OH:110])[C@H:80]([OH:106])[C@@H:72]([CH2:53][OH:99])[O:118]5)[C@@H:76]([NH:96][C:69]([CH3:18])=[O:102])[C@@H:79]([OH:105])[C@@H:68]([CH3:17])[O:116]4)[O:120]3)[C@@H:74]([CH2:55][OH:101])[O:119]2)[C@H:82]([OH:108])[C@@H:73]([CH2:54][OH:100])[O:117]1.[O:3]=[P:147]([O-:3])([O-:143])[O:146][P:148](=[O:4])([O-:4])[O:144][CH2:130][C@@H:131]1[C@@H:133]([OH:140])[C@@H:134]([OH:141])[C@H:135]([n:138]2[cH:129][cH:128][c:132](=[O:139])[nH:137][c:136]2=[O:142])[O:145]1	0.1497005969285965
[O:1]=[P:13]([O-:1])([O-:1])[O:12][CH2:4][C@H:6]([C@H:7]([C@H:5]([C@H:3]([OH:8])[C:19]([CH2:15][OH:21])=[O:23])[OH:9])[OH:11])[OH:10].[O:2]=[P:26]([O-:2])([O-:2])[O:24][CH2:14][C@H:16]([C@H:17]([CH:18]=[NH2+:20])[OH:22])[OH:25]>>[O:2]=[P:26]([O-:2])([O-:2])[O:24][CH2:14][C@@H:16]1[C@@H:17]([OH:22])[C@H:18]([NH3+:20])[C@:19]([CH2:15][OH:21])([OH:23])[O:25]1.[O:1]=[P:13]([O-:1])([O-:1])[O:12][CH2:4][C@H:6]([C@H:7]([C@H:5]([CH:3]=[O:8])[OH:9])[OH:11])[OH:10]	0.14457830786705017
[O:1]=[P:21]([O-:1])([O-:1])[O:19][CH2:4][C@@H:6]1[C@@H:7]([OH:16])[C@@H:8]([OH:17])[CH:10]([OH:22])[O:20]1.[cH:2]1[c:5]([CH2:3][OH:15])[c:9]([NH2:12])[n:13][c:11](=[O:18])[nH:14]1>>[O:1]=[P:21]([O-:1])([O-:1])[O:19][CH2:4][C@@H:6]1[C@@H:7]([OH:16])[C@@H:8]([OH:17])[C@H:10]([n:14]2[cH:2][c:5]([CH2:3][OH:15])[c:9]([NH2:12])[n:13][c:11]2=[O:18])[O:20]1.[OH2:22]	0.0882352963089943
[O:1]=[P:22]([O-:1])([O-:1])[O:15][C@H:9]1[C@H:10]([O:16][P:23](=[O:2])([O-:2])[O-:2])[C@@H:13]([O:19][P:28](=[O:7])([O-:7])[O:21][P:26](=[O:5])([O-:5])[O-:5])[C@H:12]([O:18][P:25](=[O:4])([O-:4])[O-:4])[C@@H:14]([O:20][P:29](=[O:8])([O-:8])[O-:8])[C@@H:11]1[O:17][P:24](=[O:3])([O-:3])[O-:3].[O:6]=[P:27]([O-:6])([O-:6])[OH:6]>>[O:1]=[P:22]([O-:1])([O-:1])[O:15][C@H:9]1[C@@H:10]([O:16][P:23](=[O:2])([O-:2])[O-:2])[C@H:13]([O:19][P:28](=[O:7])([O-:7])[O:21][P:26](=[O:5])([O-:5])[O-:5])[C@@H:12]([O:18][P:25](=[O:4])([O-:4])[O-:4])[C@H:14]([O:20][P:29](=[O:8])([O-:8])[O:8][P:27](=[O:6])([O-:6])[O-:6])[C@@H:11]1[O:17][P:24](=[O:3])([O-:3])[O-:3].[OH2:6]	0.12121212482452393
[O:1]=[P:23]([O-:1])([O-:1])[O:22][C@@H:10]1[C@@H:7]([CH2:4][O:20][P:24](=[O:2])([O-:2])[O-:2])[O:21][C@@H:13]([n:18]2[cH:6][n:17][c:8]3[c:11]([NH2:14])[n:15][cH:5][n:16][c:12]32)[C@@H:9]1[OH:19].[O:3]=[S:25](=[O:3])([O-:3])[O:41][c:38]1[cH:29][cH:26][c:35]([C@@H:37]2[CH2:32][c:36]3[cH:28][cH:31][c:39]([OH:42])[cH:33][c:40]3[O:43][CH2:34]2)[cH:27][cH:30]1>>[O:1]=[P:23]([O-:1])([O-:1])[O:22][C@@H:10]1[C@@H:7]([CH2:4][O:20][P:24](=[O:2])([O-:2])[O:2][S:25](=[O:3])(=[O:3])[O-:3])[O:21][C@@H:13]([n:18]2[cH:6][n:17][c:8]3[c:11]([NH2:14])[n:15][cH:5][n:16][c:12]32)[C@@H:9]1[OH:19].[cH:26]1[cH:29][c:38]([OH:41])[cH:30][cH:27][c:35]1[C@@H:37]1[CH2:32][c:36]2[cH:28][cH:31][c:39]([OH:42])[cH:33][c:40]2[O:43][CH2:34]1	0.3777777850627899
[O:1]=[P:33]([O-:1])([O:28][CH2:6][C@@H:8]1[C@@H:11]([OH:23])[C@@H:13]([OH:25])[C@H:15]([n:19]2[cH:4][cH:3][c:9](=[O:21])[nH:18][c:17]2=[O:27])[O:29]1)[O:32][P:34](=[O:2])([O-:2])[O-:2].[CH2:5]([C@@H:7]1[C@@H:10]([OH:22])[C@H:12]([OH:24])[C@@H:14]([OH:26])[C@H:16]([O:31][c:36]2[cH:38][c:41](=[O:44])[o:46][c:43]3[c:39]2[cH:35][cH:37][cH:40][c:42]3[OH:45])[O:30]1)[OH:20]>>[O:1]=[P:33]([O-:1])([O:28][CH2:6][C@@H:8]1[C@@H:11]([OH:23])[C@@H:13]([OH:25])[C@H:15]([n:19]2[cH:4][cH:3][c:9](=[O:21])[nH:18][c:17]2=[O:27])[O:29]1)[O:32][P:34](=[O:2])([O-:2])[O:31][C@@H:16]1[C@H:14]([OH:26])[C@@H:12]([OH:24])[C@H:10]([OH:22])[C@@H:7]([CH2:5][OH:20])[O:30]1.[OH:2][c:40]1[cH:37][cH:35][c:39]2[cH:36][cH:38][c:41](=[O:44])[o:46][c:43]2[c:42]1[OH:45]	0.695652186870575
[O:1]=[P:33]([O-:1])([O:29][CH2:7][C@@H:9]1[C@@H:12]([OH:24])[C@@H:14]([OH:26])[C@H:16]([n:20]2[cH:5][cH:4][c:10](=[O:22])[nH:19][c:18]2=[O:28])[O:30]1)[O:32][P:34](=[O:2])([O-:2])[O-:2].[O:3]=[C:43]([O:3][C@H:17]1[C@H:15]([OH:27])[C@@H:13]([OH:25])[C@H:11]([OH:23])[C@@H:8]([CH2:6][OH:21])[O:31]1)/[CH:40]=[CH:37]/[c:41]1[cH:35][cH:38][c:42]([OH:44])[cH:39][cH:36]1>>[O:1]=[P:33]([O-:1])([O:29][CH2:7][C@@H:9]1[C@@H:12]([OH:24])[C@@H:14]([OH:26])[C@H:16]([n:20]2[cH:5][cH:4][c:10](=[O:22])[nH:19][c:18]2=[O:28])[O:30]1)[O:32][P:34](=[O:2])([O-:2])[O:2][C@@H:17]1[C@H:15]([OH:27])[C@@H:13]([OH:25])[C@H:11]([OH:23])[C@@H:8]([CH2:6][OH:21])[O:31]1.[O:3]=[C:43]([O-:3])/[CH:40]=[CH:37]/[c:41]1[cH:35][cH:38][c:42]([OH:44])[cH:39][cH:36]1	0.6000000238418579
[O:1]=[P:36]([O-:1])([O:32][CH2:5][C@@H:8]1[C@@H:11]([OH:27])[C@@H:13]([OH:29])[C@H:17]([n:24]2[cH:6][n:21][c:9]3[c:15]2[n:22][c:19]([NH2:20])[nH:23][c:16]3=[O:31])[O:33]1)[O:38][P:39](=[O:3])([O-:3])[O-:3].[O:2]=[P:37]([O-:2])([O-:2])[O:35][C@@H:18]1[C@@H:14]([OH:30])[C@@H:12]([OH:28])[C@H:10]([OH:26])[C@H:7]([CH2:4][OH:25])[O:34]1>>[O:1]=[P:36]([O-:1])([O:2][P:37](=[O:2])([O-:2])[O:35][C@@H:18]1[C@@H:14]([OH:30])[C@@H:12]([OH:28])[C@H:10]([OH:26])[C@H:7]([CH2:4][OH:25])[O:34]1)[O:32][CH2:5][C@@H:8]1[C@@H:11]([OH:27])[C@@H:13]([OH:29])[C@H:17]([n:24]2[cH:6][n:21][c:9]3[c:15]2[n:22][c:19]([NH2:20])[nH:23][c:16]3=[O:31])[O:33]1.[O:3]=[P:39]([O-:3])([O-:3])[OH:38]	0.30000001192092896
[O:1]=[P:39]([O-:1])([O:34][CH2:5][C@@H:9]1[C@@H:13]([OH:30])[C@@H:15]([OH:32])[C@H:18]([n:26]2[cH:6][n:22][c:11]3[c:16]2[n:24][c:20]([NH2:21])[nH:25][c:17]3=[O:33])[O:35]1)[O:38][P:40](=[O:2])([O-:2])[O:37][C@@H:19]1[C@H:10]([NH:23][C:7]([CH3:3])=[O:28])[C@@H:14]([OH:31])[C:12](=[O:29])[C@@H:8]([CH3:4])[O:36]1.[OH2:27]>>[O:1]=[P:39]([O-:1])([O:34][CH2:5][C@@H:9]1[C@@H:13]([OH:30])[C@@H:15]([OH:32])[C@H:18]([n:26]2[cH:6][n:22][c:11]3[c:16]2[n:24][c:20]([NH2:21])[nH:25][c:17]3=[O:33])[O:35]1)[O:38][P:40](=[O:2])([O-:2])[O:37][C@@H:19]1[C@H:10]([NH:23][C:7]([CH3:3])=[O:28])[C@@H:14]([OH:31])[C@H:12]([OH:29])[C@@H:8]([CH2:4][OH:27])[O:36]1	0.07000000029802322
[O:1]=[P:44]([O-:1])([O-:1])[O:42][C@@H:20]1[C@@H:16]([CH2:11][O:39][P:45](=[O:2])([O-:2])[O:43][P:46](=[O:3])([O-:3])[O:40][CH2:12][C:26]([CH3:5])([CH3:6])[C@H:21]([C:24]([NH:29][CH2:8][CH2:7][C:17]([NH:28][CH2:9][CH2:10][SH:47])=[O:35])=[O:38])[OH:37])[O:41][C@@H:25]([n:33]2[cH:14][n:32][c:18]3[c:22]([NH2:27])[n:30][cH:13][n:31][c:23]32)[C@@H:19]1[OH:36].[CH3:4][C:15](=[O:34])[N:75]1[c:66]2[cH:60][cH:56][cH:54][cH:58][c:64]2[C@:73]2([C:72]([CH3:50])([CH3:51])[CH:52]=[CH2:48])[CH2:61][C@H:67]3[c:68]4[n:74][c:65]5[cH:59][cH:55][cH:53][cH:57][c:63]5[c:70](=[O:79])[n:76]4[C@H:62]([CH3:49])[C:69](=[O:78])[N:77]3[CH:71]21>>[O:1]=[P:44]([O-:1])([O-:1])[O:42][C@@H:20]1[C@@H:16]([CH2:11][O:39][P:45](=[O:2])([O-:2])[O:43][P:46](=[O:3])([O-:3])[O:40][CH2:12][C:26]([CH3:5])([CH3:6])[C@H:21]([C:24]([NH:29][CH2:8][CH2:7][C:17]([NH:28][CH2:9][CH2:10][S:47][C:15]([CH3:4])=[O:34])=[O:35])=[O:38])[OH:37])[O:41][C@@H:25]([n:33]2[cH:14][n:32][c:18]3[c:22]([NH2:27])[n:30][cH:13][n:31][c:23]32)[C@@H:19]1[OH:36].[CH2:48]=[CH:52][C:72]([CH3:50])([CH3:51])[C@@:73]12[CH2:61][C@H:67]3[c:68]4[n:74][c:65]5[cH:59][cH:55][cH:53][cH:57][c:63]5[c:70](=[O:79])[n:76]4[C@H:62]([CH3:49])[C:69](=[O:78])[N:77]3[CH:71]1[NH:75][c:66]1[cH:60][cH:56][cH:54][cH:58][c:64]12	0.24409449100494385
[O:1]=[P:45]([O-:1])([O-:1])[O:43][C@@H:21]1[C@@H:17]([CH2:12][O:40][P:46](=[O:2])([O-:2])[O:44][P:47](=[O:3])([O-:3])[O:41][CH2:13][C:27]([CH3:6])([CH3:7])[C@H:22]([C:25]([NH:30][CH2:9][CH2:8][C:18]([NH:29][CH2:10][CH2:11][SH:48])=[O:36])=[O:39])[OH:38])[O:42][C@@H:26]([n:34]2[cH:15][n:33][c:19]3[c:23]([NH2:28])[n:31][cH:14][n:32][c:24]32)[C@@H:20]1[OH:37].[O:4]=[C:55]([O-:4])[c:53]1[cH:51][c:52]([NH:56][C:16]([CH3:5])=[O:35])[cH:49][cH:50][c:54]1[OH:57]>>[O:1]=[P:45]([O-:1])([O-:1])[O:43][C@@H:21]1[C@@H:17]([CH2:12][O:40][P:46](=[O:2])([O-:2])[O:44][P:47](=[O:3])([O-:3])[O:41][CH2:13][C:27]([CH3:6])([CH3:7])[C@H:22]([C:25]([NH:30][CH2:9][CH2:8][C:18]([NH:29][CH2:10][CH2:11][S:48][C:16]([CH3:5])=[O:35])=[O:36])=[O:39])[OH:38])[O:42][C@@H:26]([n:34]2[cH:15][n:33][c:19]3[c:23]([NH2:28])[n:31][cH:14][n:32][c:24]32)[C@@H:20]1[OH:37].[O:4]=[C:55]([O-:4])[c:53]1[cH:51][c:52]([NH2:56])[cH:49][cH:50][c:54]1[OH:57]	0.36781609058380127
[O:1]=[P:48]([O-:1])([O-:1])[O:46][C@@H:24]1[C@@H:19]([CH2:15][O:43][P:49](=[O:2])([O-:2])[O:47][P:50](=[O:3])([O-:3])[O:44][CH2:16][C:30]([CH3:5])([CH3:6])[C@H:25]([C:28]([NH:33][CH2:12][CH2:11][C:20]([NH:32][CH2:13][CH2:14][S:51][C:21]([CH2:10]/[CH:9]=[CH:8]/[CH2:7][CH3:4])=[O:39])=[O:38])=[O:42])[OH:41])[O:45][C@@H:29]([n:37]2[cH:18][n:36][c:22]3[c:26]([NH2:31])[n:34][cH:17][n:35][c:27]32)[C@@H:23]1[OH:40]>>[O:1]=[P:48]([O-:1])([O-:1])[O:46][C@@H:24]1[C@@H:19]([CH2:15][O:43][P:49](=[O:2])([O-:2])[O:47][P:50](=[O:3])([O-:3])[O:44][CH2:16][C:30]([CH3:5])([CH3:6])[C@H:25]([C:28]([NH:33][CH2:12][CH2:11][C:20]([NH:32][CH2:13][CH2:14][S:51][C:21](/[CH:10]=[CH:9]/[CH2:8][CH2:7][CH3:4])=[O:39])=[O:38])=[O:42])[OH:41])[O:45][C@@H:29]([n:37]2[cH:18][n:36][c:22]3[c:26]([NH2:31])[n:34][cH:17][n:35][c:27]32)[C@@H:23]1[OH:40]	0.3870967626571655
[O:1]=[P:49]([O-:1])([O-:1])[O:47][C@@H:24]1[C@@H:20]([CH2:15][O:44][P:50](=[O:2])([O-:2])[O:48][P:51](=[O:3])([O-:3])[O:45][CH2:16][C:31]([CH3:4])([CH3:5])[C@H:25]([C:28]([NH:34][CH2:12][CH2:11][C:21]([NH:33][CH2:13][CH2:14][SH:52])=[O:39])=[O:42])[OH:41])[O:46][C@@H:29]([n:38]2[cH:18][n:37][c:22]3[c:26]([NH2:32])[n:35][cH:17][n:36][c:27]32)[C@@H:23]1[OH:40].[cH:6]1[cH:7][cH:9][c:19]([C:30](=[O:43])[NH:59][c:56]2[c:57]3[s:63][s:62][cH:54][c:55]-3[n:60]([CH3:53])[c:58]2=[O:61])[cH:10][cH:8]1>>[O:1]=[P:49]([O-:1])([O-:1])[O:47][C@@H:24]1[C@@H:20]([CH2:15][O:44][P:50](=[O:2])([O-:2])[O:48][P:51](=[O:3])([O-:3])[O:45][CH2:16][C:31]([CH3:4])([CH3:5])[C@H:25]([C:28]([NH:34][CH2:12][CH2:11][C:21]([NH:33][CH2:13][CH2:14][S:52][C:30]([c:19]2[cH:9][cH:7][cH:6][cH:8][cH:10]2)=[O:43])=[O:39])=[O:42])[OH:41])[O:46][C@@H:29]([n:38]2[cH:18][n:37][c:22]3[c:26]([NH2:32])[n:35][cH:17][n:36][c:27]32)[C@@H:23]1[OH:40].[CH3:53][n:60]1[c:55]2[cH:54][s:62][s:63][c:57]-2[c:56]([NH2:59])[c:58]1=[O:61]	0.34065935015678406
[O:1]=[P:49]([O-:1])([O-:1])[O:47][C@@H:25]1[C@@H:20]([CH2:16][O:44][P:50](=[O:2])([O-:2])[O:48][P:51](=[O:3])([O-:3])[O:45][CH2:17][C:31]([CH3:9])([CH3:10])[C@H:26]([C:29]([NH:34][CH2:13][CH2:12][C:21]([NH:33][CH2:14][CH2:15][S:52][C:22]([CH:11]([CH3:8])[C:68]([CH2:56][CH2:55][C:67](=[O:4])[O-:4])=[O:86])=[O:40])=[O:39])=[O:43])[OH:42])[O:46][C@@H:30]([n:38]2[cH:19][n:37][c:23]3[c:27]([NH2:32])[n:35][cH:18][n:36][c:28]32)[C@@H:24]1[OH:41].[O:5]=[P:95]([O-:5])([O-:5])[O:93][C@@H:71]1[C@@H:65]([CH2:61][O:90][P:96](=[O:6])([O-:6])[O:94][P:97](=[O:7])([O-:7])[O:91][CH2:62][C:77]([CH3:53])([CH3:54])[C@H:72]([C:75]([NH:80][CH2:58][CH2:57][C:66]([NH:79][CH2:59][CH2:60][SH:98])=[O:85])=[O:89])[OH:88])[O:92][C@@H:76]([n:84]2[cH:64][n:83][c:69]3[c:73]([NH2:78])[n:81][cH:63][n:82][c:74]32)[C@@H:70]1[OH:87]>>[O:4]=[C:67]([O-:4])[CH2:55][CH2:56][C:68](=[O:86])[S:98][CH2:60][CH2:59][NH:79][C:66]([CH2:57][CH2:58][NH:80][C:75]([C@@H:72]([C:77]([CH3:53])([CH3:54])[CH2:62][O:91][P:97](=[O:7])([O-:7])[O:94][P:96](=[O:6])([O-:6])[O:90][CH2:61][C@@H:65]1[C@@H:71]([O:93][P:95](=[O:5])([O-:5])[O-:5])[C@@H:70]([OH:87])[C@H:76]([n:84]2[cH:64][n:83][c:69]3[c:73]([NH2:78])[n:81][cH:63][n:82][c:74]32)[O:92]1)[OH:88])=[O:89])=[O:85].[O:1]=[P:49]([O-:1])([O-:1])[O:47][C@@H:25]1[C@@H:20]([CH2:16][O:44][P:50](=[O:2])([O-:2])[O:48][P:51](=[O:3])([O-:3])[O:45][CH2:17][C:31]([CH3:9])([CH3:10])[C@H:26]([C:29]([NH:34][CH2:13][CH2:12][C:21]([NH:33][CH2:14][CH2:15][S:52][C:22]([CH2:11][CH3:8])=[O:40])=[O:39])=[O:43])[OH:42])[O:46][C@@H:30]([n:38]2[cH:19][n:37][c:23]3[c:27]([NH2:32])[n:35][cH:18][n:36][c:28]32)[C@@H:24]1[OH:41]	0.08561643958091736
[O:1]=[P:50]([O-:1])([O:47][CH2:35][C@H:38]([CH2:34][OH:42])[OH:43])[O:48][CH2:37][C@@H:39]([CH2:36][O:46][C:40]([CH2:32][CH2:30][CH2:28][CH2:26][CH2:24][CH2:22][CH2:21]/[CH:19]=[CH:18]\[CH2:16]/[CH:14]=[CH:12]\[CH2:10][CH2:8][CH2:6][CH2:4][CH3:2])=[O:44])[O:49][C:41]([CH2:33][CH2:31][CH2:29][CH2:27][CH2:25][CH2:23][CH2:20][CH2:17][CH2:15][CH2:13][CH2:11][CH2:9][CH2:7][CH2:5][CH3:3])=[O:45].[OH2:51].[OH2:52]>>[O:1]=[P:50]([O-:1])([O:47][CH2:35][C@H:38]([CH2:34][OH:42])[OH:43])[O:48][CH2:37][C@@H:39]([CH2:36][O:46][C:40]([CH2:32][CH2:30][CH2:28][CH2:26][CH2:24][CH2:22][CH2:21]/[CH:19]=[CH:18]\[CH2:16][CH2:14][CH2:12][CH2:10][CH2:8][CH2:6][CH2:4][CH3:2])=[O:44])[O:49][C:41]([CH2:33][CH2:31][CH2:29][CH2:27][CH2:25][CH2:23][CH2:20][CH2:17][CH2:15][CH2:13][CH2:11][CH2:9][CH2:7][CH2:5][CH3:3])=[O:45].[O:51]=[O:52]	1.0
[O:1]=[P:52]([O-:1])([O-:1])[O:50][C@@H:28]1[C@@H:23]([CH2:19][O:47][P:53](=[O:2])([O-:2])[O:51][P:54](=[O:3])([O-:3])[O:48][CH2:20][C:34]([CH3:5])([CH3:6])[C@H:29]([C:32]([NH:37][CH2:16][CH2:15][C:24]([NH:36][CH2:17][CH2:18][S:55][C:25](/[CH:14]=[CH:13]/[CH2:12][CH2:11][CH2:10][CH2:9][CH2:8][CH2:7][CH3:4])=[O:43])=[O:42])=[O:46])[OH:45])[O:49][C@@H:33]([n:41]2[cH:22][n:40][c:26]3[c:30]([NH2:35])[n:38][cH:21][n:39][c:31]32)[C@@H:27]1[OH:44]>>[O:1]=[P:52]([O-:1])([O-:1])[O:50][C@@H:28]1[C@@H:23]([CH2:19][O:47][P:53](=[O:2])([O-:2])[O:51][P:54](=[O:3])([O-:3])[O:48][CH2:20][C:34]([CH3:5])([CH3:6])[C@H:29]([C:32]([NH:37][CH2:16][CH2:15][C:24]([NH:36][CH2:17][CH2:18][S:55][C:25]([CH2:14]/[CH:13]=[CH:12]/[CH2:11][CH2:10][CH2:9][CH2:8][CH2:7][CH3:4])=[O:43])=[O:42])=[O:46])[OH:45])[O:49][C@@H:33]([n:41]2[cH:22][n:40][c:26]3[c:30]([NH2:35])[n:38][cH:21][n:39][c:31]32)[C@@H:27]1[OH:44]	0.26760563254356384
[O:1]=[P:52]([O-:1])([O-:1])[O:50][C@@H:28]1[C@@H:23]([CH2:19][O:47][P:53](=[O:2])([O-:2])[O:51][P:54](=[O:3])([O-:3])[O:48][CH2:20][C:34]([CH3:5])([CH3:6])[C@H:29]([C:32]([NH:37][CH2:16][CH2:15][C:24]([NH:36][CH2:17][CH2:18][SH:55])=[O:42])=[O:46])[OH:45])[O:49][C@@H:33]([n:41]2[cH:22][n:40][c:26]3[c:30]([NH2:35])[n:38][cH:21][n:39][c:31]32)[C@@H:27]1[OH:44].[CH3:4][CH2:7][CH2:8][CH2:9][CH2:10][CH2:11][CH2:12][CH2:13][CH2:14][C:25](=[O:43])[N:60]([CH2:58][CH2:56][CH2:57][NH3+:59])[OH:61]>>[O:1]=[P:52]([O-:1])([O-:1])[O:50][C@@H:28]1[C@@H:23]([CH2:19][O:47][P:53](=[O:2])([O-:2])[O:51][P:54](=[O:3])([O-:3])[O:48][CH2:20][C:34]([CH3:5])([CH3:6])[C@H:29]([C:32]([NH:37][CH2:16][CH2:15][C:24]([NH:36][CH2:17][CH2:18][S:55][C:25]([CH2:14][CH2:13][CH2:12][CH2:11][CH2:10][CH2:9][CH2:8][CH2:7][CH3:4])=[O:43])=[O:42])=[O:46])[OH:45])[O:49][C@@H:33]([n:41]2[cH:22][n:40][c:26]3[c:30]([NH2:35])[n:38][cH:21][n:39][c:31]32)[C@@H:27]1[OH:44].[CH2:56]([CH2:57][NH3+:59])[CH2:58][NH:60][OH:61]	0.46987950801849365
[O:1]=[P:55]([O-:1])([O:51][C@@H:25]1[C@H:24]([OH:30])[C@@H:23]([OH:29])[C@H:22]([OH:28])[C@@H:20]([CH2:11][OH:26])[O:35]1)[O:54][P:56](=[O:2])([O-:2])[O:52][CH2:38][C@@H:39]1[C@@H:41]([OH:48])[C@@H:42]([OH:49])[C@H:43]([n:46]2[cH:37][cH:36][c:40](=[O:47])[nH:45][c:44]2=[O:50])[O:53]1.[CH3:3][O:31][c:14]1[cH:7][cH:5][c:13](-[c:16]2[cH:12][o:33][c:17]3[cH:10][c:19]([OH:34])[c:18]([O:32][CH3:4])[cH:9][c:15]3[c:21]2=[O:27])[cH:6][cH:8]1>>[CH3:3][O:31][c:14]1[cH:7][cH:5][c:13](-[c:16]2[cH:12][o:33][c:17]3[cH:10][c:19]([O:34][CH:25]4[CH:24]([OH:30])[CH:23]([OH:29])[CH:22]([OH:28])[CH:20]([CH2:11][OH:26])[O:35]4)[c:18]([O:32][CH3:4])[cH:9][c:15]3[c:21]2=[O:27])[cH:6][cH:8]1.[O:1]=[P:55]([O-:1])([O-:51])[O:54][P:56](=[O:2])([O-:2])[O:52][CH2:38][C@@H:39]1[C@@H:41]([OH:48])[C@@H:42]([OH:49])[C@H:43]([n:46]2[cH:37][cH:36][c:40](=[O:47])[nH:45][c:44]2=[O:50])[O:53]1	0.16170212626457214
[O:1]=[P:56]([O-:1])([O-:1])[O:54][C@@H:32]1[C@@H:27]([CH2:23][O:51][P:57](=[O:2])([O-:2])[O:55][P:58](=[O:3])([O-:3])[O:52][CH2:24][C:38]([CH3:5])([CH3:6])[C@H:33]([C:36]([NH:41][CH2:20][CH2:19][C:28]([NH:40][CH2:21][CH2:22][S:59][C:29]([CH2:18]/[CH:17]=[CH:16]/[CH2:15][CH2:14][CH2:13][CH2:12][CH2:11][CH2:10][CH2:9][CH2:8][CH2:7][CH3:4])=[O:47])=[O:46])=[O:50])[OH:49])[O:53][C@@H:37]([n:45]2[cH:26][n:44][c:30]3[c:34]([NH2:39])[n:42][cH:25][n:43][c:35]32)[C@@H:31]1[OH:48]>>[O:1]=[P:56]([O-:1])([O-:1])[O:54][C@@H:32]1[C@@H:27]([CH2:23][O:51][P:57](=[O:2])([O-:2])[O:55][P:58](=[O:3])([O-:3])[O:52][CH2:24][C:38]([CH3:5])([CH3:6])[C@H:33]([C:36]([NH:41][CH2:20][CH2:19][C:28]([NH:40][CH2:21][CH2:22][S:59][C:29](/[CH:18]=[CH:17]/[CH2:16][CH2:15][CH2:14][CH2:13][CH2:12][CH2:11][CH2:10][CH2:9][CH2:8][CH2:7][CH3:4])=[O:47])=[O:46])=[O:50])[OH:49])[O:53][C@@H:37]([n:45]2[cH:26][n:44][c:30]3[c:34]([NH2:39])[n:42][cH:25][n:43][c:35]32)[C@@H:31]1[OH:48]	0.4583333432674408
[O:1]=[P:58]([O-:1])([O-:1])[O:56][C@@H:32]1[C@@H:27]([CH2:19][O:53][P:59](=[O:2])([O-:2])[O:57][P:60](=[O:3])([O-:3])[O:54][CH2:20][C:38]([CH3:5])([CH3:6])[C@H:33]([C:36]([NH:41][CH2:14][CH2:13][C:28]([NH:40][CH2:15][CH2:16][S:61][C:29]([CH2:18][C:24]([CH2:17][C@H:23]2[CH2:11][CH2:12][C:26](=[O:47])[C@H:25]2[CH2:10]/[CH:9]=[CH:8]\[CH2:7][CH3:4])=[O:46])=[O:49])=[O:48])=[O:52])[OH:51])[O:55][C@@H:37]([n:45]2[cH:22][n:44][c:30]3[c:34]([NH2:39])[n:42][cH:21][n:43][c:35]32)[C@@H:31]1[OH:50]>>[O:1]=[P:58]([O-:1])([O-:1])[O:56][C@@H:32]1[C@@H:27]([CH2:19][O:53][P:59](=[O:2])([O-:2])[O:57][P:60](=[O:3])([O-:3])[O:54][CH2:20][C:38]([CH3:5])([CH3:6])[C@H:33]([C:36]([NH:41][CH2:14][CH2:13][C:28]([NH:40][CH2:15][CH2:16][S:61][C:29]([CH2:18][C@H:24]([CH2:17][C@H:23]2[CH2:11][CH2:12][C:26](=[O:47])[C@H:25]2[CH2:10]/[CH:9]=[CH:8]\[CH2:7][CH3:4])[OH:46])=[O:49])=[O:48])=[O:52])[OH:51])[O:55][C@@H:37]([n:45]2[cH:22][n:44][c:30]3[c:34]([NH2:39])[n:42][cH:21][n:43][c:35]32)[C@@H:31]1[OH:50]	0.30136987566947937
[O:1]=[P:58]([O-:1])([O:54][C@@H:27]1[CH2:16][C@H:25]([OH:32])[C@H:28]([OH:34])[C@@H:18]([CH3:3])[O:37]1)[O:57][P:59](=[O:2])([O-:2])[O:55][CH2:41][C@@H:42]1[C@@H:44]([OH:51])[C@@H:45]([OH:52])[C@H:46]([n:49]2[cH:40][cH:39][c:43](=[O:50])[nH:48][c:47]2=[O:53])[O:56]1.[CH3:4][C@:29]12[CH2:11][CH2:8][C@H:21]([OH:38])[CH2:15][C@H:20]1[CH2:6][CH2:7][C@@H:24]1[C@@H:23]2[CH2:9][CH2:12][C@:30]2([CH3:5])[C@@H:22]([C:19]3=[CH:14][C:26](=[O:33])[O:36][CH2:17]3)[CH2:10][CH2:13][C@:31]12[OH:35]>>[CH3:3][C@@H:18]1[C@@H:28]([OH:34])[C@@H:25]([OH:32])[CH2:16][C@H:27]([O:38][C@H:21]2[CH2:8][CH2:11][C@@:29]3([CH3:4])[C@H:20]([CH2:6][CH2:7][C@@H:24]4[C@@H:23]3[CH2:9][CH2:12][C@:30]3([CH3:5])[C@@H:22]([C:19]5=[CH:14][C:26](=[O:33])[O:36][CH2:17]5)[CH2:10][CH2:13][C@:31]43[OH:35])[CH2:15]2)[O:37]1.[O:1]=[P:58]([O-:1])([O-:54])[O:57][P:59](=[O:2])([O-:2])[O:55][CH2:41][C@@H:42]1[C@@H:44]([OH:51])[C@@H:45]([OH:52])[C@H:46]([n:49]2[cH:40][cH:39][c:43](=[O:50])[nH:48][c:47]2=[O:53])[O:56]1	0.09958506375551224
[O:1]=[P:59]([O-:1])([O-:1])[O:57][C@@H:34]1[C@@H:29]([CH2:24][O:54][P:60](=[O:2])([O-:2])[O:58][P:61](=[O:3])([O-:3])[O:55][CH2:25][C:40]([CH3:5])([CH3:6])[C@H:35]([C:38]([NH:43][CH2:20][CH2:19][C:30]([NH:42][CH2:21][CH2:22][S:62][C:31](/[CH:23]=[CH:28]/[CH2:18][CH2:17][CH2:16][CH2:15][CH2:14][CH2:13][CH2:12]/[CH:11]=[CH:10]\[CH2:9][CH2:8][CH2:7][CH3:4])=[O:50])=[O:49])=[O:53])[OH:52])[O:56][C@@H:39]([n:47]2[cH:27][n:46][c:32]3[c:36]([NH2:41])[n:44][cH:26][n:45][c:37]32)[C@@H:33]1[OH:51].[OH2:48]>>[O:1]=[P:59]([O-:1])([O-:1])[O:57][C@@H:34]1[C@@H:29]([CH2:24][O:54][P:60](=[O:2])([O-:2])[O:58][P:61](=[O:3])([O-:3])[O:55][CH2:25][C:40]([CH3:5])([CH3:6])[C@H:35]([C:38]([NH:43][CH2:20][CH2:19][C:30]([NH:42][CH2:21][CH2:22][S:62][C:31]([CH2:23][C@H:28]([CH2:18][CH2:17][CH2:16][CH2:15][CH2:14][CH2:13][CH2:12]/[CH:11]=[CH:10]\[CH2:9][CH2:8][CH2:7][CH3:4])[OH:48])=[O:50])=[O:49])=[O:53])[OH:52])[O:56][C@@H:39]([n:47]2[cH:27][n:46][c:32]3[c:36]([NH2:41])[n:44][cH:26][n:45][c:37]32)[C@@H:33]1[OH:51]	0.9166666865348816
[O:1]=[P:59]([O-:1])([O-:1])[O:57][C@@H:35]1[C@@H:31]([CH2:26][O:54][P:60](=[O:2])([O-:2])[O:58][P:61](=[O:3])([O-:3])[O:55][CH2:27][C:41]([CH3:20])([CH3:21])[C@H:36]([C:39]([NH:44][CH2:23][CH2:22][C:32]([NH:43][CH2:24][CH2:25][SH:62])=[O:50])=[O:53])[OH:52])[O:56][C@@H:40]([n:48]2[cH:29][n:47][c:33]3[c:37]([NH2:42])[n:45][cH:28][n:46][c:38]32)[C@@H:34]1[OH:51].[CH3:4][CH2:5][CH2:6][CH2:7][CH2:8][CH2:9][CH2:10][CH2:11][CH2:12][CH2:13][CH2:14][CH2:15][CH2:16][CH2:17][O:18][C:30]([CH3:19])=[O:49]>>[O:1]=[P:59]([O-:1])([O-:1])[O:57][C@@H:35]1[C@@H:31]([CH2:26][O:54][P:60](=[O:2])([O-:2])[O:58][P:61](=[O:3])([O-:3])[O:55][CH2:27][C:41]([CH3:20])([CH3:21])[C@H:36]([C:39]([NH:44][CH2:23][CH2:22][C:32]([NH:43][CH2:24][CH2:25][S:62][C:30]([CH3:19])=[O:49])=[O:50])=[O:53])[OH:52])[O:56][C@@H:40]([n:48]2[cH:29][n:47][c:33]3[c:37]([NH2:42])[n:45][cH:28][n:46][c:38]32)[C@@H:34]1[OH:51].[CH3:4][CH2:5][CH2:6][CH2:7][CH2:8][CH2:9][CH2:10][CH2:11][CH2:12][CH2:13][CH2:14][CH2:15][CH2:16][CH2:17][OH:18]	1.0
[O:1]=[P:60]([O-:1])([O-:1])[O:58][C@@H:34]1[C@@H:29]([CH2:21][O:55][P:61](=[O:2])([O-:2])[O:59][P:62](=[O:3])([O-:3])[O:56][CH2:22][C:40]([CH3:5])([CH3:6])[C@H:35]([C:38]([NH:43][CH2:17][CH2:16][C:30]([NH:42][CH2:18][CH2:19][S:63][C:31](/[CH:20]=[CH:26]/[CH2:12][CH2:10][CH2:11][C@H:25]2[CH2:14][CH2:15][C:28](=[O:49])[C@H:27]2[CH2:13]/[CH:9]=[CH:8]\[CH2:7][CH3:4])=[O:51])=[O:50])=[O:54])[OH:53])[O:57][C@@H:39]([n:47]2[cH:24][n:46][c:32]3[c:36]([NH2:41])[n:44][cH:23][n:45][c:37]32)[C@@H:33]1[OH:52].[OH2:48]>>[O:1]=[P:60]([O-:1])([O-:1])[O:58][C@@H:34]1[C@@H:29]([CH2:21][O:55][P:61](=[O:2])([O-:2])[O:59][P:62](=[O:3])([O-:3])[O:56][CH2:22][C:40]([CH3:5])([CH3:6])[C@H:35]([C:38]([NH:43][CH2:17][CH2:16][C:30]([NH:42][CH2:18][CH2:19][S:63][C:31]([CH2:20][C@H:26]([CH2:12][CH2:10][CH2:11][C@H:25]2[CH2:14][CH2:15][C:28](=[O:49])[C@H:27]2[CH2:13]/[CH:9]=[CH:8]\[CH2:7][CH3:4])[OH:48])=[O:51])=[O:50])=[O:54])[OH:53])[O:57][C@@H:39]([n:47]2[cH:24][n:46][c:32]3[c:36]([NH2:41])[n:44][cH:23][n:45][c:37]32)[C@@H:33]1[OH:52]	0.29411765933036804
[O:1]=[P:60]([O-:1])([O:56][C@@H:28]1[C@H:27]([OH:36])[C@@H:26]([OH:35])[C@H:25]([OH:34])[C@@H:16]([CH3:3])[O:39]1)[O:59][P:61](=[O:2])([O-:2])[O:57][CH2:43][C@@H:44]1[C@@H:46]([OH:53])[C@@H:47]([OH:54])[C@H:48]([n:51]2[cH:42][cH:41][c:45](=[O:52])[nH:50][c:49]2=[O:55])[O:58]1.[CH3:4][C@@:29]12[CH2:10][CH2:8][C@H:19]([OH:40])[CH2:13][C@H:18]1[CH2:6][CH2:7][C@@H:21]1[C@@H:20]2[CH2:9][CH2:11][C@:30]2([CH3:5])[C@@H:24]([C:17]3=[CH:12][C:23](=[O:33])[O:38][CH2:15]3)[C@@H:22]([OH:32])[CH2:14][C@:31]12[OH:37]>>[CH3:3][C@@H:16]1[C@@H:25]([OH:34])[C@H:26]([OH:35])[C@@H:27]([OH:36])[C@H:28]([O:40][C@H:19]2[CH2:8][CH2:10][C@@:29]3([CH3:4])[C@H:18]([CH2:6][CH2:7][C@@H:21]4[C@@H:20]3[CH2:9][CH2:11][C@:30]3([CH3:5])[C@@H:24]([C:17]5=[CH:12][C:23](=[O:33])[O:38][CH2:15]5)[C@@H:22]([OH:32])[CH2:14][C@:31]43[OH:37])[CH2:13]2)[O:39]1.[O:1]=[P:60]([O-:1])([O-:56])[O:59][P:61](=[O:2])([O-:2])[O:57][CH2:43][C@@H:44]1[C@@H:46]([OH:53])[C@@H:47]([OH:54])[C@H:48]([n:51]2[cH:42][cH:41][c:45](=[O:52])[nH:50][c:49]2=[O:55])[O:58]1	0.14035087823867798
[O:1]=[P:61]([O-:1])([O-:1])[O:59][C@@H:37]1[C@@H:32]([CH2:28][O:56][P:62](=[O:2])([O-:2])[O:60][P:63](=[O:3])([O-:3])[O:57][CH2:29][C:43]([CH3:6])([CH3:7])[C@H:38]([C:41]([NH:46][CH2:25][CH2:24][C:33]([NH:45][CH2:26][CH2:27][SH:64])=[O:51])=[O:55])[OH:54])[O:58][C@@H:42]([n:50]2[cH:31][n:49][c:35]3[c:39]([NH2:44])[n:47][cH:30][n:48][c:40]32)[C@@H:36]1[OH:53].[CH3:5][CH2:8][CH2:9][CH2:10][CH2:11][CH2:12][CH2:13][CH2:14][CH2:15][CH2:16][CH2:17][CH2:18][CH2:19][CH2:20][CH2:21][CH2:22][CH2:23][C:34](=[O:52])[C@H:66]([CH2:65][OH:69])[NH3+:68].[O:4]=[C:67]=[O:4]>>[O:1]=[P:61]([O-:1])([O-:1])[O:59][C@@H:37]1[C@@H:32]([CH2:28][O:56][P:62](=[O:2])([O-:2])[O:60][P:63](=[O:3])([O-:3])[O:57][CH2:29][C:43]([CH3:6])([CH3:7])[C@H:38]([C:41]([NH:46][CH2:25][CH2:24][C:33]([NH:45][CH2:26][CH2:27][S:64][C:34]([CH2:23][CH2:22][CH2:21][CH2:20][CH2:19][CH2:18][CH2:17][CH2:16][CH2:15][CH2:14][CH2:13][CH2:12][CH2:11][CH2:10][CH2:9][CH2:8][CH3:5])=[O:52])=[O:51])=[O:55])[OH:54])[O:58][C@@H:42]([n:50]2[cH:31][n:49][c:35]3[c:39]([NH2:44])[n:47][cH:30][n:48][c:40]32)[C@@H:36]1[OH:53].[O:4]=[C:67]([O-:4])[C@H:66]([CH2:65][OH:69])[NH3+:68]	0.3448275923728943
[O:1]=[P:62]([O-:1])([O-:1])[O:60][C@@H:36]1[C@@H:31]([CH2:23][O:57][P:63](=[O:2])([O-:2])[O:61][P:64](=[O:3])([O-:3])[O:58][CH2:24][C:42]([CH3:5])([CH3:6])[C@H:37]([C:40]([NH:45][CH2:19][CH2:18][C:32]([NH:44][CH2:20][CH2:21][S:65][C:33](/[CH:22]=[CH:28]/[CH2:14][CH2:12][CH2:9][CH2:11][CH2:13][C@H:27]2[CH2:16][CH2:17][C:30](=[O:51])[C@H:29]2[CH2:15]/[CH:10]=[CH:8]\[CH2:7][CH3:4])=[O:53])=[O:52])=[O:56])[OH:55])[O:59][C@@H:41]([n:49]2[cH:26][n:48][c:34]3[c:38]([NH2:43])[n:46][cH:25][n:47][c:39]32)[C@@H:35]1[OH:54].[OH2:50]>>[O:1]=[P:62]([O-:1])([O-:1])[O:60][C@@H:36]1[C@@H:31]([CH2:23][O:57][P:63](=[O:2])([O-:2])[O:61][P:64](=[O:3])([O-:3])[O:58][CH2:24][C:42]([CH3:5])([CH3:6])[C@H:37]([C:40]([NH:45][CH2:19][CH2:18][C:32]([NH:44][CH2:20][CH2:21][S:65][C:33]([CH2:22][C@H:28]([CH2:14][CH2:12][CH2:9][CH2:11][CH2:13][C@H:27]2[CH2:16][CH2:17][C:30](=[O:51])[C@H:29]2[CH2:15]/[CH:10]=[CH:8]\[CH2:7][CH3:4])[OH:50])=[O:53])=[O:52])=[O:56])[OH:55])[O:59][C@@H:41]([n:49]2[cH:26][n:48][c:34]3[c:38]([NH2:43])[n:46][cH:25][n:47][c:39]32)[C@@H:35]1[OH:54]	0.31343284249305725
[O:1]=[P:62]([O-:1])([O-:1])[O:60][C@@H:36]1[C@@H:31]([CH2:23][O:57][P:63](=[O:2])([O-:2])[O:61][P:64](=[O:3])([O-:3])[O:58][CH2:24][C:42]([CH3:5])([CH3:6])[C@H:37]([C:40]([NH:45][CH2:19][CH2:18][C:32]([NH:44][CH2:20][CH2:21][S:65][C:33]([CH2:22][C:28]([CH2:14][CH2:12][CH2:9][CH2:11][CH2:13][C@H:27]2[CH2:16][CH2:17][C:30](=[O:51])[C@H:29]2[CH2:15]/[CH:10]=[CH:8]\[CH2:7][CH3:4])=[O:50])=[O:53])=[O:52])=[O:56])[OH:55])[O:59][C@@H:41]([n:49]2[cH:26][n:48][c:34]3[c:38]([NH2:43])[n:46][cH:25][n:47][c:39]32)[C@@H:35]1[OH:54]>>[O:1]=[P:62]([O-:1])([O-:1])[O:60][C@@H:36]1[C@@H:31]([CH2:23][O:57][P:63](=[O:2])([O-:2])[O:61][P:64](=[O:3])([O-:3])[O:58][CH2:24][C:42]([CH3:5])([CH3:6])[C@H:37]([C:40]([NH:45][CH2:19][CH2:18][C:32]([NH:44][CH2:20][CH2:21][S:65][C:33]([CH2:22][C@H:28]([CH2:14][CH2:12][CH2:9][CH2:11][CH2:13][C@H:27]2[CH2:16][CH2:17][C:30](=[O:51])[C@H:29]2[CH2:15]/[CH:10]=[CH:8]\[CH2:7][CH3:4])[OH:50])=[O:53])=[O:52])=[O:56])[OH:55])[O:59][C@@H:41]([n:49]2[cH:26][n:48][c:34]3[c:38]([NH2:43])[n:46][cH:25][n:47][c:39]32)[C@@H:35]1[OH:54]	0.31343284249305725
[O:1]=[P:63]([O-:1])([O:59][C@@H:28]1[C@H:26]([OH:37])[C@H:24]([OH:35])[C@@H:22]([OH:33])[C@H:12]([CH3:3])[O:40]1)[O:62][P:64](=[O:2])([O-:2])[O:60][CH2:46][C@@H:47]1[C@@H:49]([OH:56])[C@@H:50]([OH:57])[C@H:51]([n:54]2[cH:45][cH:44][c:48](=[O:55])[nH:53][c:52]2=[O:58])[O:61]1.[cH:4]1[cH:6][c:14]([OH:30])[cH:7][cH:5][c:13]1[C@@H:18]1[CH2:10][C:17](=[O:32])[c:21]2[c:16]([OH:31])[cH:8][c:15]([O:41][C@H:29]3[C@H:27]([OH:38])[C@@H:25]([OH:36])[C@H:23]([OH:34])[C@@H:20]([CH2:11][OH:39])[O:43]3)[cH:9][c:19]2[O:42]1>>[CH3:3][C@H:12]1[C@H:22]([OH:33])[C@@H:24]([OH:35])[C@@H:26]([OH:37])[C@H:28]([O:39][CH2:11][C@@H:20]2[C@@H:23]([OH:34])[C@H:25]([OH:36])[C@@H:27]([OH:38])[C@H:29]([O:41][c:15]3[cH:8][c:16]([OH:31])[c:21]4[c:19]([cH:9]3)[O:42][C@H:18]([c:13]3[cH:4][cH:6][c:14]([OH:30])[cH:7][cH:5]3)[CH2:10][C:17]4=[O:32])[O:43]2)[O:40]1.[O:1]=[P:63]([O-:1])([O-:59])[O:62][P:64](=[O:2])([O-:2])[O:60][CH2:46][C@@H:47]1[C@@H:49]([OH:56])[C@@H:50]([OH:57])[C@H:51]([n:54]2[cH:45][cH:44][c:48](=[O:55])[nH:53][c:52]2=[O:58])[O:61]1	0.17915309965610504
[O:1]=[P:63]([O-:1])([O:59][C@@H:30]1[C@H:26]([OH:34])[C@@H:25]([OH:33])[C@H:24]([OH:32])[C@@H:21]([CH2:10][OH:31])[O:42]1)[O:62][P:64](=[O:2])([O-:2])[O:60][CH2:46][C@@H:47]1[C@@H:49]([OH:56])[C@@H:50]([OH:57])[C@H:51]([n:54]2[cH:45][cH:44][c:48](=[O:55])[nH:53][c:52]2=[O:58])[O:61]1.[CH3:3][O:36][c:19]1[cH:6][c:13]([C@@H:22]2[c:14]3[cH:8][c:17]4[c:18]([cH:9][c:15]3[C@H:27]([OH:43])[C@H:16]3[CH2:11][O:39][C:29](=[O:35])[C@H:23]32)[O:41][CH2:12][O:40]4)[cH:7][c:20]([O:37][CH3:4])[c:28]1[O:38][CH3:5]>>[CH3:3][O:36][c:19]1[cH:6][c:13]([C@@H:22]2[c:14]3[cH:8][c:17]4[c:18]([cH:9][c:15]3[C@@H:27]([O:43][C@H:30]3[C@H:26]([OH:34])[C@@H:25]([OH:33])[C@H:24]([OH:32])[C@@H:21]([CH2:10][OH:31])[O:42]3)[CH:16]3[CH2:11][O:39][C:29](=[O:35])[CH:23]32)[O:41][CH2:12][O:40]4)[cH:7][c:20]([O:37][CH3:4])[c:28]1[O:38][CH3:5].[O:1]=[P:63]([O-:1])([O-:59])[O:62][P:64](=[O:2])([O-:2])[O:60][CH2:46][C@@H:47]1[C@@H:49]([OH:56])[C@@H:50]([OH:57])[C@H:51]([n:54]2[cH:45][cH:44][c:48](=[O:55])[nH:53][c:52]2=[O:58])[O:61]1	0.14977973699569702
[O:1]=[P:64]([O-:1])([O-:1])[O:62][C@@H:34]1[C@@H:28]([CH2:19][O:59][P:65](=[O:2])([O-:2])[O:63][P:66](=[O:3])([O-:3])[O:60][CH2:20][C:41]([CH3:5])([CH3:6])[C@H:35]([C:38]([NH:46][CH2:16][CH2:14][C:30]([NH:45][CH2:17][CH2:18][S:67][C:40](/[CH:32]=[C:27]2/[CH2:10][CH2:9][C@H:24]3[C@@H:25]4[CH2:11][CH2:12][C:29](=[O:52])[C@@:42]4([CH3:7])[CH2:15][CH2:13][C@@H:26]3[C@@:43]2([CH3:8])[C:23]([CH3:4])=[O:51])=[O:58])=[O:53])=[O:57])[OH:56])[O:61][C@@H:39]([n:50]2[cH:22][n:49][c:31]3[c:36]([NH2:44])[n:47][cH:21][n:48][c:37]32)[C@@H:33]1[OH:55].[OH2:54]>>[O:1]=[P:64]([O-:1])([O-:1])[O:62][C@@H:34]1[C@@H:28]([CH2:19][O:59][P:65](=[O:2])([O-:2])[O:63][P:66](=[O:3])([O-:3])[O:60][CH2:20][C:41]([CH3:5])([CH3:6])[C@H:35]([C:38]([NH:46][CH2:16][CH2:14][C:30]([NH:45][CH2:17][CH2:18][S:67][C:40]([CH:32]([CH:27]2[CH2:10][CH2:9][C@H:24]3[C@@H:25]4[CH2:11][CH2:12][C:29](=[O:52])[C@@:42]4([CH3:7])[CH2:15][CH2:13][C@@H:26]3[C@@:43]2([CH3:8])[C:23]([CH3:4])=[O:51])[OH:54])=[O:58])=[O:53])=[O:57])[OH:56])[O:61][C@@H:39]([n:50]2[cH:22][n:49][c:31]3[c:36]([NH2:44])[n:47][cH:21][n:48][c:37]32)[C@@H:33]1[OH:55]	0.2451612949371338
[O:1]=[P:64]([O-:1])([O:60][C@@H:29]1[C@H:25]([OH:39])[C@@H:23]([OH:37])[C@H:20]([OH:34])[C@@H:17]([CH2:10][OH:30])[O:43]1)[O:63][P:65](=[O:2])([O-:2])[O:61][CH2:47][C@@H:48]1[C@@H:50]([OH:57])[C@@H:51]([OH:58])[C@H:52]([n:55]2[cH:46][cH:45][c:49](=[O:56])[nH:54][c:53]2=[O:59])[O:62]1.[CH3:3][C@H:11]1[C@H:19]([OH:33])[C@@H:22]([OH:36])[C@@H:24]([OH:38])[C@H:28]([O:44][c:27]2[c:21](=[O:35])[c:18]3[c:15]([OH:32])[cH:8][c:14]([O-:41])[cH:9][c:16]3[o:42][c:26]2-[c:12]2[cH:4][cH:6][c:13]([OH:31])[cH:7][cH:5]2)[O:40]1>>[CH3:3][C@H:11]1[C@H:19]([OH:33])[C@@H:22]([OH:36])[C@@H:24]([OH:38])[C@H:28]([O:44][c:27]2[c:21](=[O:35])[c:18]3[c:15]([OH:32])[cH:8][c:14]([O:41][C@H:29]4[C@H:25]([OH:39])[C@@H:23]([OH:37])[C@H:20]([OH:34])[C@@H:17]([CH2:10][OH:30])[O:43]4)[cH:9][c:16]3[o:42][c:26]2-[c:12]2[cH:4][cH:6][c:13]([OH:31])[cH:7][cH:5]2)[O:40]1.[O:1]=[P:64]([O-:1])([O-:60])[O:63][P:65](=[O:2])([O-:2])[O:61][CH2:47][C@@H:48]1[C@@H:50]([OH:57])[C@@H:51]([OH:58])[C@H:52]([n:55]2[cH:46][cH:45][c:49](=[O:56])[nH:54][c:53]2=[O:59])[O:62]1	0.2469879537820816
[O:1]=[P:65]([O-:1])([O-:1])[O:63][C@@H:37]1[C@@H:33]([CH2:22][O:60][P:66](=[O:2])([O-:2])[O:64][P:67](=[O:3])([O-:3])[O:61][CH2:23][C:44]([CH3:5])([CH3:6])[C@H:38]([C:41]([NH:49][CH2:18][CH2:15][C:34]([NH:48][CH2:19][CH2:20][S:68][C:43]([C@@H:26]([CH3:4])[C@H:30]2[CH2:11][CH2:12][C@H:31]3[C@@H:29]4[CH2:10][CH2:9][C:27]5=[CH:21][C:28](=[O:54])[CH:13]=[CH:16][C@:45]5([CH3:7])[C@@:32]4([OH:70])[CH2:14][CH2:17][C@:46]23[CH3:8])=[O:59])=[O:55])=[O:58])[OH:57])[O:62][C@@H:42]([n:53]2[cH:25][n:52][c:35]3[c:39]([NH2:47])[n:50][cH:24][n:51][c:40]32)[C@@H:36]1[OH:56].[OH2:69]>>[O:1]=[P:65]([O-:1])([O-:1])[O:63][C@@H:37]1[C@@H:33]([CH2:22][O:60][P:66](=[O:2])([O-:2])[O:64][P:67](=[O:3])([O-:3])[O:61][CH2:23][C:44]([CH3:5])([CH3:6])[C@H:38]([C:41]([NH:49][CH2:18][CH2:15][C:34]([NH:48][CH2:19][CH2:20][S:68][C:43]([C@@H:26]([CH3:4])[C@H:30]2[CH2:11][CH2:12][C@H:31]3[C@@H:29]4[CH2:10][CH2:9][C:27]5=[CH:21][C:28](=[O:54])[CH:13]=[CH:16][C@:45]5([CH3:7])[C@H:32]4[CH2:14][CH2:17][C@:46]23[CH3:8])=[O:59])=[O:55])=[O:58])[OH:57])[O:62][C@@H:42]([n:53]2[cH:25][n:52][c:35]3[c:39]([NH2:47])[n:50][cH:24][n:51][c:40]32)[C@@H:36]1[OH:56].[O:69]=[O:70]	0.36000001430511475
[O:1]=[P:65]([O-:1])([O-:1])[O:63][C@@H:40]1[C@@H:35]([CH2:31][O:60][P:66](=[O:2])([O-:2])[O:64][P:67](=[O:3])([O-:3])[O:61][CH2:32][C:46]([CH3:4])([CH3:5])[C@H:41]([C:44]([NH:49][CH2:27][CH2:26][C:36]([NH:48][CH2:28][CH2:30][S:68][C:37]([CH2:25][CH2:23][CH2:21][CH2:19][CH2:17][CH2:15][CH2:13][CH2:11][CH2:9][CH2:7][CH2:6][CH2:8][CH2:10][CH2:12][CH2:14][CH2:16][CH2:18][CH2:20][CH2:22][CH2:24][CH:29]=[O:54])=[O:56])=[O:55])=[O:59])[OH:58])[O:62][C@@H:45]([n:53]2[cH:34][n:52][c:38]3[c:42]([NH2:47])[n:50][cH:33][n:51][c:43]32)[C@@H:39]1[OH:57]>>[O:1]=[P:65]([O-:1])([O-:1])[O:63][C@@H:40]1[C@@H:35]([CH2:31][O:60][P:66](=[O:2])([O-:2])[O:64][P:67](=[O:3])([O-:3])[O:61][CH2:32][C:46]([CH3:4])([CH3:5])[C@H:41]([C:44]([NH:49][CH2:27][CH2:26][C:36]([NH:48][CH2:28][CH2:30][S:68][C:37]([CH2:25][CH2:23][CH2:21][CH2:19][CH2:17][CH2:15][CH2:13][CH2:11][CH2:9][CH2:7][CH2:6][CH2:8][CH2:10][CH2:12][CH2:14][CH2:16][CH2:18][CH2:20][CH2:22][CH2:24][CH2:29][OH:54])=[O:56])=[O:55])=[O:59])[OH:58])[O:62][C@@H:45]([n:53]2[cH:34][n:52][c:38]3[c:42]([NH2:47])[n:50][cH:33][n:51][c:43]32)[C@@H:39]1[OH:57]	0.06578947603702545
[O:1]=[P:66]([O-:1])([O-:1])[O:64][C@@H:42]1[C@@H:37]([CH2:33][O:61][P:67](=[O:2])([O-:2])[O:65][P:68](=[O:3])([O-:3])[O:62][CH2:34][C:48]([CH3:5])([CH3:6])[C@H:43]([C:46]([NH:51][CH2:30][CH2:29][C:38]([NH:50][CH2:31][CH2:32][SH:69])=[O:56])=[O:60])[OH:59])[O:63][C@@H:47]([n:55]2[cH:36][n:54][c:40]3[c:44]([NH2:49])[n:52][cH:35][n:53][c:45]32)[C@@H:41]1[OH:58].[CH3:4][CH2:7][CH2:8][CH2:9][CH2:10][CH2:11][CH2:12][CH2:13]/[CH:14]=[CH:15]\[CH2:16][CH2:17][CH2:18][CH2:19][CH2:20][CH2:21][CH2:22][CH2:23][CH2:24][CH2:25][CH2:26][CH2:27][CH2:28][CH:39]=[O:57]>>[O:1]=[P:66]([O-:1])([O-:1])[O:64][C@@H:42]1[C@@H:37]([CH2:33][O:61][P:67](=[O:2])([O-:2])[O:65][P:68](=[O:3])([O-:3])[O:62][CH2:34][C:48]([CH3:5])([CH3:6])[C@H:43]([C:46]([NH:51][CH2:30][CH2:29][C:38]([NH:50][CH2:31][CH2:32][S:69][C:39]([CH2:28][CH2:27][CH2:26][CH2:25][CH2:24][CH2:23][CH2:22][CH2:21][CH2:20][CH2:19][CH2:18][CH2:17][CH2:16]/[CH:15]=[CH:14]\[CH2:13][CH2:12][CH2:11][CH2:10][CH2:9][CH2:8][CH2:7][CH3:4])=[O:57])=[O:56])=[O:60])[OH:59])[O:63][C@@H:47]([n:55]2[cH:36][n:54][c:40]3[c:44]([NH2:49])[n:52][cH:35][n:53][c:45]32)[C@@H:41]1[OH:58]	0.21621622145175934
[O:1]=[P:85]([O-:1])([O-:1])[O:83][C@@H:60]1[C@@H:55]([CH2:49][O:80][P:86](=[O:2])([O-:2])[O:84][P:87](=[O:3])([O-:3])[O:81][CH2:50][C:66]([CH3:37])([CH3:38])[C@H:61]([C:64]([NH:69][CH2:46][CH2:45][C:56]([NH:68][CH2:47][CH2:48][SH:88])=[O:75])=[O:79])[OH:78])[O:82][C@@H:65]([n:73]2[cH:52][n:72][c:58]3[c:62]([NH2:67])[n:70][cH:51][n:71][c:63]32)[C@@H:59]1[OH:77].[cH:4]1[cH:5][c:12]([OH:27])[c:13]([OH:28])[cH:6][c:10]1-[c:22]1[c:23]([O:36][C@H:24]2[C@H:21]([OH:33])[C@@H:20]([O:32][C:57](/[CH:44]=[CH:41]/[c:53]3[cH:39][cH:42][c:54]([OH:74])[cH:43][cH:40]3)=[O:76])[C@H:18]([OH:30])[C@@H:16]([CH2:9][OH:25])[O:35]2)[c:19](=[O:31])[c:17]2[c:14]([OH:29])[cH:7][c:11]([OH:26])[cH:8][c:15]2[o:34]1>>[O:1]=[P:85]([O-:1])([O-:1])[O:83][C@@H:60]1[C@@H:55]([CH2:49][O:80][P:86](=[O:2])([O-:2])[O:84][P:87](=[O:3])([O-:3])[O:81][CH2:50][C:66]([CH3:37])([CH3:38])[C@H:61]([C:64]([NH:69][CH2:46][CH2:45][C:56]([NH:68][CH2:47][CH2:48][S:88][C:57](/[CH:44]=[CH:41]/[c:53]2[cH:39][cH:42][c:54]([OH:74])[cH:43][cH:40]2)=[O:76])=[O:75])=[O:79])[OH:78])[O:82][C@@H:65]([n:73]2[cH:52][n:72][c:58]3[c:62]([NH2:67])[n:70][cH:51][n:71][c:63]32)[C@@H:59]1[OH:77].[cH:4]1[cH:5][c:12]([OH:27])[c:13]([OH:28])[cH:6][c:10]1-[c:22]1[c:23]([O:36][C@H:24]2[C@H:21]([OH:33])[C@@H:20]([OH:32])[C@H:18]([OH:30])[C@@H:16]([CH2:9][OH:25])[O:35]2)[c:19](=[O:31])[c:17]2[c:14]([OH:29])[cH:7][c:11]([O-:26])[cH:8][c:15]2[o:34]1	0.5083333253860474
[O:1]=[P:85]([O-:1])([O:79][CH2:50]/[C:61]([CH3:16])=[CH:47]/[CH2:27][CH2:46]/[C:60]([CH3:15])=[CH:45]/[CH2:26][CH2:44]/[C:59]([CH3:14])=[CH:43]/[CH2:25][CH2:42]/[C:58]([CH3:13])=[CH:41]\[CH2:24][CH2:40]/[C:57]([CH3:12])=[CH:39]\[CH2:23][CH2:38]/[C:56]([CH3:11])=[CH:37]\[CH2:22][CH2:36]/[C:55]([CH3:10])=[CH:35]\[CH2:21][CH2:34]/[C:54]([CH3:9])=[CH:33]\[CH2:20][CH2:32]/[C:53]([CH3:8])=[CH:31]\[CH2:19][CH2:30]/[C:52]([CH3:7])=[CH:29]\[CH2:18][CH2:28]/[C:51]([CH3:6])=[CH:17]\[CH3:5])[O:84][P:86](=[O:2])([O-:2])[O:83][C@@H:71]1[C@H:67]([OH:78])[C@@H:69]([OH:82])[C@@H:64]([OH:75])[C@@H:63]([CH2:49][OH:73])[O:80]1.[O:3]=[P:106]([O-:3])([O:102][C@@H:70]1[C@H:66]([OH:77])[C@@H:65]([OH:76])[C@H:68]([C@@H:62]([CH2:48][OH:72])[OH:74])[O:81]1)[O:105][P:107](=[O:4])([O-:4])[O:103][CH2:89][C@@H:90]1[C@@H:92]([OH:99])[C@@H:93]([OH:100])[C@H:94]([n:97]2[cH:88][cH:87][c:91](=[O:98])[nH:96][c:95]2=[O:101])[O:104]1>>[O:1]=[P:85]([O-:1])([O:79][CH2:50]/[C:61]([CH3:16])=[CH:47]/[CH2:27][CH2:46]/[C:60]([CH3:15])=[CH:45]/[CH2:26][CH2:44]/[C:59]([CH3:14])=[CH:43]/[CH2:25][CH2:42]/[C:58]([CH3:13])=[CH:41]\[CH2:24][CH2:40]/[C:57]([CH3:12])=[CH:39]\[CH2:23][CH2:38]/[C:56]([CH3:11])=[CH:37]\[CH2:22][CH2:36]/[C:55]([CH3:10])=[CH:35]\[CH2:21][CH2:34]/[C:54]([CH3:9])=[CH:33]\[CH2:20][CH2:32]/[C:53]([CH3:8])=[CH:31]\[CH2:19][CH2:30]/[C:52]([CH3:7])=[CH:29]\[CH2:18][CH2:28]/[C:51]([CH3:6])=[CH:17]\[CH3:5])[O:84][P:86](=[O:2])([O-:2])[O:83][C@@H:71]1[C@H:67]([OH:78])[C@@H:69]([O:82][C@H:70]2[C@H:66]([OH:77])[C@@H:65]([OH:76])[C@@H:68]([C@@H:62]([CH2:48][OH:72])[OH:74])[O:81]2)[C@@H:64]([OH:75])[C@@H:63]([CH2:49][OH:73])[O:80]1.[O:3]=[P:106]([O-:3])([O-:102])[O:105][P:107](=[O:4])([O-:4])[O:103][CH2:89][C@@H:90]1[C@@H:92]([OH:99])[C@@H:93]([OH:100])[C@H:94]([n:97]2[cH:88][cH:87][c:91](=[O:98])[nH:96][c:95]2=[O:101])[O:104]1	0.17714285850524902
[O:1]=[P:86]([O-:1])([O-:1])[O:84][C@@H:61]1[C@@H:56]([CH2:50][O:81][P:87](=[O:2])([O-:2])[O:85][P:88](=[O:3])([O-:3])[O:82][CH2:51][C:67]([CH3:38])([CH3:39])[C@H:62]([C:65]([NH:70][CH2:47][CH2:46][C:57]([NH:69][CH2:48][CH2:49][SH:89])=[O:76])=[O:80])[OH:79])[O:83][C@@H:66]([n:74]2[cH:53][n:73][c:59]3[c:63]([NH2:68])[n:71][cH:52][n:72][c:64]32)[C@@H:60]1[OH:78].[CH3:4][O:34][c:15]1[cH:7][c:11](-[c:23]2[c:24]([O:37][C@H:25]3[C@H:22]([OH:33])[C@@H:21]([OH:32])[C@H:19]([OH:30])[C@@H:17]([CH2:10][O:26][C:58](/[CH:45]=[CH:42]/[c:54]4[cH:40][cH:43][c:55]([OH:75])[cH:44][cH:41]4)=[O:77])[O:36]3)[c:20](=[O:31])[c:18]3[c:14]([OH:29])[cH:8][c:12]([OH:27])[cH:9][c:16]3[o:35]2)[cH:5][cH:6][c:13]1[OH:28]>>[O:1]=[P:86]([O-:1])([O-:1])[O:84][C@@H:61]1[C@@H:56]([CH2:50][O:81][P:87](=[O:2])([O-:2])[O:85][P:88](=[O:3])([O-:3])[O:82][CH2:51][C:67]([CH3:38])([CH3:39])[C@H:62]([C:65]([NH:70][CH2:47][CH2:46][C:57]([NH:69][CH2:48][CH2:49][S:89][C:58](/[CH:45]=[CH:42]/[c:54]2[cH:40][cH:43][c:55]([OH:75])[cH:44][cH:41]2)=[O:77])=[O:76])=[O:80])[OH:79])[O:83][C@@H:66]([n:74]2[cH:53][n:73][c:59]3[c:63]([NH2:68])[n:71][cH:52][n:72][c:64]32)[C@@H:60]1[OH:78].[CH3:4][O:34][c:15]1[cH:7][c:11](-[c:23]2[c:24]([O:37][C@H:25]3[C@H:22]([OH:33])[C@@H:21]([OH:32])[C@H:19]([OH:30])[C@@H:17]([CH2:10][OH:26])[O:36]3)[c:20](=[O:31])[c:18]3[c:14]([OH:29])[cH:8][c:12]([OH:27])[cH:9][c:16]3[o:35]2)[cH:5][cH:6][c:13]1[OH:28]	0.3863636255264282
[O:1]=[S:45](=[O:1])([O-:1])[O:44][C@H:17]1[C@@H:7]([CH2:3][OH:27])[O:37][CH:22]([OH:34])[C@H:12]([OH:30])[C@H:21]1[O:43][C@@H:25]1[C@H:15]([OH:33])[C@H:20]2[C@@H:16]([OH:41])[C@@H:9]([CH2:5][O:36]2)[O:40]1.[CH2:2]([C@@H:6]1[C@H:10]([OH:28])[C@H:19]([O:42][C@@H:23]2[C@H:13]([OH:31])[C@H:18]3[C@@H:11]([OH:29])[C@@H:8]([CH2:4][O:35]3)[O:39]2)[C@@H:14]([OH:32])[CH:24]([OH:46])[O:38]1)[OH:26]>>[O:1]=[S:45](=[O:1])([O-:1])[O:44][C@H:17]1[C@@H:7]([CH2:3][OH:27])[O:37][C@@H:22]([OH:34])[C@H:12]([OH:30])[C@H:21]1[O:43][C@@H:25]1[C@H:15]([OH:33])[C@@H:20]2[C@@H:16]([O:41][C@H:24]3[C@H:14]([OH:32])[C@@H:19]([O:42][C@@H:23]4[C@H:13]([OH:31])[C@H:18]5[C@@H:11]([OH:29])[C@@H:8]([CH2:4][O:35]5)[O:39]4)[C@@H:10]([OH:28])[C@@H:6]([CH2:2][OH:26])[O:38]3)[C@H:9]([CH2:5][O:36]2)[O:40]1.[OH2:46]	0.09843400120735168
[O:2]=[C:10]([O-:2])[C@H:8]([CH2:5][CH2:4][CH2:6][NH:14][C:11](=[NH2+:12])[NH2:13])[NH3+:15].[O:1]=[C:9]([O-:1])[C:7]([CH3:3])=[O:16]>>[O:1]=[C:9]([O-:1])[C@@H:7]([CH3:3])[NH2+:15][C@@H:8]([CH2:5][CH2:4][CH2:6][NH:14][C:11](=[NH2+:12])[NH2:13])[C:10](=[O:2])[O-:2].[OH2:16]	0.08474576473236084
[O:2]=[C:33]([O-:2])[C@H:25]([CH2:20][CH2:21][S:43][CH2:22][C@@H:26]1[C@@H:28]([OH:40])[C@@H:29]([OH:41])[C@H:32]([n:39]2[cH:24][n:38][c:27]3[c:30]([NH2:35])[n:36][cH:23][n:37][c:31]32)[O:42]1)[NH3+:34].[O:1]=[P:18]([O-:1])([O-:1])[O:17][c:13]1[cH:7][cH:5][cH:6][c:12]2[c:14]1[c:11]([CH2:8][CH2:9][N+:16]([CH3:3])([CH3:4])[CH3:19])[cH:10][nH:15]2>>[O:2]=[C:33]([O-:2])[C@H:25]([CH2:20][CH2:21][S+:43]([CH3:19])[CH2:22][C@@H:26]1[C@@H:28]([OH:40])[C@@H:29]([OH:41])[C@H:32]([n:39]2[cH:24][n:38][c:27]3[c:30]([NH2:35])[n:36][cH:23][n:37][c:31]32)[O:42]1)[NH3+:34].[O:1]=[P:18]([O-:1])([O-:1])[O:17][c:13]1[cH:7][cH:5][cH:6][c:12]2[c:14]1[c:11]([CH2:8][CH2:9][NH+:16]([CH3:3])[CH3:4])[cH:10][nH:15]2	0.3799999952316284
[O:2]=[C:7]([O-:2])[C@H:5]([CH2:4][S:10][Hg:12][CH3:11])[NH3+:8].[O:1]=[C:6]([O-:1])[CH2:3][NH3+:9]>>[O:1]=[C:6]([O-:1])[CH2:3][NH:9][C:7](=[O:2])[C@H:5]([CH2:4][S:10][Hg:12][CH3:11])[NH3+:8].[OH2:2]	0.078125
[O:2]=[C:9]([O-:2])[C:7](=[O:5])[CH2:6][C:8]([NH2:11])=[O:12].[O:1]=[C:4]([O-:1])[CH2:3][NH3+:10]>>[O:2]=[C:9]([O-:2])[C@H:7]([CH2:6][C:8]([NH2:11])=[O:12])[NH3+:10].[O:1]=[C:4]([O-:1])[CH:3]=[O:5]	0.18269230425357819
[O:2]=[N+:10]([O-:2])[CH:8]1[CH:5]=[CH:3][C:7](=[O:11])[CH:4]=[CH:6]1.[OH:1][As:9]([OH:1])[OH:1]>>[OH:1][As:9]([OH:1])[c:7]1[cH:3][cH:5][c:8]([N+:10](=[O:2])[O-:2])[cH:6][cH:4]1.[O:1]=[O:11]	0.18478260934352875
[O:2]=[P:26]([O-:2])([O:22][CH2:5][C@@H:8]1[C@@H:10]([OH:20])[C@@H:11]([OH:21])[C@H:14]([n:19]2[cH:7][n:18][c:9]3[c:12]([NH2:15])[n:16][cH:6][n:17][c:13]32)[O:23]1)[O:24][P:27](=[O:3])([O-:3])[O-:3].[O:1]=[P:25]([O-:1])([O-:1])[O:43][CH2:32][C@H:35]([C@@H:36]([c:33]1[cH:28][cH:30][c:34]([N+:42](=[O:4])[O-:4])[cH:31][cH:29]1)[OH:44])[NH:41][C:38]([CH:37]([Cl:39])[Cl:40])=[O:45]>>[O:1]=[P:25]([O-:1])([O-:1])[O:3][P:27](=[O:3])([O-:3])[O:24][P:26](=[O:2])([O-:2])[O:22][CH2:5][C@@H:8]1[C@@H:10]([OH:20])[C@@H:11]([OH:21])[C@H:14]([n:19]2[cH:7][n:18][c:9]3[c:12]([NH2:15])[n:16][cH:6][n:17][c:13]32)[O:23]1.[O:4]=[N+:42]([O-:4])[c:34]1[cH:30][cH:28][c:33]([C@H:36]([C@@H:35]([CH2:32][OH:43])[NH:41][C:38]([CH:37]([Cl:39])[Cl:40])=[O:45])[OH:44])[cH:29][cH:31]1	0.25600001215934753
[O:2]=[P:30]([O-:2])([O:28][CH2:16]/[CH:15]=[C:19](\[CH3:7])[CH2:13][CH2:11][CH:12]=[C:18]([CH3:5])[CH3:6])[O:29][P:31](=[O:3])([O-:3])[O-:3].[O:1]=[C:25]([O-:1])[c:23]1[c:20]([CH2:14][CH2:10][CH2:9][CH2:8][CH3:4])[cH:17][c:22]([OH:26])[cH:21][c:24]1[OH:27]>>[O:1]=[C:25]([O-:1])[c:23]1[c:20]([CH2:14][CH2:10][CH2:9][CH2:8][CH3:4])[cH:17][c:22]([OH:26])[c:21]([CH2:16]/[CH:15]=[C:19](/[CH3:7])[CH2:13][CH2:11][CH:12]=[C:18]([CH3:5])[CH3:6])[c:24]1[OH:27].[O:2]=[P:30]([OH:2])([O-:28])[O:29][P:31](=[O:3])([O-:3])[O-:3]	0.0731707289814949
[O:2]=[P:47]([O-:2])([O:41][CH2:7][C@@H:13]1[C@@H:17]([OH:37])[C@@H:19]([OH:39])[C@H:25]([n:35]2[cH:11][n:33][c:15]3[c:21]([NH2:27])[n:29][cH:9][n:31][c:23]32)[O:43]1)[O:45][P:50](=[O:4])([O-:4])[O:49][P:51](=[O:5])([O-:5])[O-:5].[O:1]=[P:46]([O-:1])([O:40][CH2:6][C@@H:12]1[C@@H:16]([OH:36])[C@@H:18]([OH:38])[C@H:24]([n:34]2[cH:10][n:32][c:14]3[c:20]([NH2:26])[n:28][cH:8][n:30][c:22]32)[O:42]1)[O:44][P:48](=[O:3])([O-:3])[O-:3]>>[O:1]=[P:46]([O-:1])([O:40][CH2:6][C@@H:12]1[C@@H:16]([OH:36])[C@@H:18]([OH:38])[C@H:24]([n:34]2[cH:10][n:32][c:14]3[c:20]([NH2:26])[n:28][cH:8][n:30][c:22]32)[O:42]1)[O:44][P:48](=[O:3])([O-:3])[O:45][P:47](=[O:2])([O-:2])[O:41][CH2:7][C@@H:13]1[C@@H:17]([OH:37])[C@@H:19]([OH:39])[C@H:25]([n:35]2[cH:11][n:33][c:15]3[c:21]([NH2:27])[n:29][cH:9][n:31][c:23]32)[O:43]1.[O-:3][P:50](=[O:4])([OH:4])[O:49][P:51](=[O:5])([O-:5])[O-:5]	0.09589041024446487
[O:2]=[P:48]([O-:2])([O:44][C@@H:21]1[C@H:20]([OH:26])[C@@H:19]([OH:25])[C@H:18]([OH:24])[C@@H:16]([CH2:12][OH:22])[O:28]1)[O:47][P:49](=[O:3])([O-:3])[O:45][CH2:31][C@@H:32]1[C@@H:34]([OH:41])[C@@H:35]([OH:42])[C@H:36]([n:39]2[cH:30][cH:29][c:33](=[O:40])[nH:38][c:37]2=[O:43])[O:46]1.[O:1]=[C:17]([O-:1])[CH2:11][C@H:13]1[CH2:8][CH2:9][C:15](=[O:23])[C@@H:14]1[CH2:7]/[CH:5]=[CH:4]\[CH2:6][CH2:10][OH:27]>>[O:1]=[C:17]([O-:1])[CH2:11][C@H:13]1[CH2:8][CH2:9][C:15](=[O:23])[C@@H:14]1[CH2:7]/[CH:5]=[CH:4]\[CH2:6][CH2:10][O:27][C@H:21]1[C@H:20]([OH:26])[C@@H:19]([OH:25])[C@H:18]([OH:24])[C@@H:16]([CH2:12][OH:22])[O:28]1.[O:2]=[P:48]([O-:2])([O-:44])[O:47][P:49](=[O:3])([O-:3])[O:45][CH2:31][C@@H:32]1[C@@H:34]([OH:41])[C@@H:35]([OH:42])[C@H:36]([n:39]2[cH:30][cH:29][c:33](=[O:40])[nH:38][c:37]2=[O:43])[O:46]1	0.954023003578186
[O:2]=[P:48]([O-:2])([O:44][C@@H:21]1[C@H:20]([OH:26])[C@@H:19]([OH:25])[C@H:18]([OH:24])[C@@H:16]([CH2:12][OH:22])[O:28]1)[O:47][P:49](=[O:3])([O-:3])[O:45][CH2:31][C@@H:32]1[C@@H:34]([OH:41])[C@@H:35]([OH:42])[C@H:36]([n:39]2[cH:30][cH:29][c:33](=[O:40])[nH:38][c:37]2=[O:43])[O:46]1.[O:1]=[C:17]([O-:1])[CH2:11][C@H:13]1[CH2:8][CH2:9][C:15](=[O:23])[C@H:14]1[CH2:7]/[CH:5]=[CH:4]\[CH2:6][CH2:10][OH:27]>>[O:1]=[C:17]([O-:1])[CH2:11][C@H:13]1[CH2:8][CH2:9][C:15](=[O:23])[C@H:14]1[CH2:7]/[CH:5]=[CH:4]\[CH2:6][CH2:10][O:27][C@H:21]1[C@H:20]([OH:26])[C@@H:19]([OH:25])[C@H:18]([OH:24])[C@@H:16]([CH2:12][OH:22])[O:28]1.[O:2]=[P:48]([O-:2])([O-:44])[O:47][P:49](=[O:3])([O-:3])[O:45][CH2:31][C@@H:32]1[C@@H:34]([OH:41])[C@@H:35]([OH:42])[C@H:36]([n:39]2[cH:30][cH:29][c:33](=[O:40])[nH:38][c:37]2=[O:43])[O:46]1	0.954023003578186
[O:2]=[P:50]([O-:2])([O-:2])[O:48][C@@H:25]1[C@@H:21]([CH2:15][O:45][P:51](=[O:3])([O-:3])[O:49][P:52](=[O:4])([O-:4])[O:46][CH2:16][C:32]([CH3:5])([CH3:6])[C@H:26]([C:29]([NH:35][CH2:12][CH2:11][C:22]([NH:34][CH2:13][CH2:14][SH:53])=[O:41])=[O:44])[OH:43])[O:47][C@@H:30]([n:39]2[cH:18][n:38][c:23]3[c:27]([NH2:33])[n:36][cH:17][n:37][c:28]32)[C@@H:24]1[OH:42].[O:1]=[C:31]([O-:1])[c:19]1[cH:9][cH:7][cH:8][cH:10][c:20]1[OH:40]>>[O:1]=[C:31]([c:19]1[cH:9][cH:7][cH:8][cH:10][c:20]1[OH:40])[S:53][CH2:14][CH2:13][NH:34][C:22]([CH2:11][CH2:12][NH:35][C:29]([C@@H:26]([C:32]([CH3:5])([CH3:6])[CH2:16][O:46][P:52](=[O:4])([O-:4])[O:49][P:51](=[O:3])([O-:3])[O:45][CH2:15][C@@H:21]1[C@@H:25]([O:48][P:50](=[O:2])([O-:2])[O-:2])[C@@H:24]([OH:42])[C@H:30]([n:39]2[cH:18][n:38][c:23]3[c:27]([NH2:33])[n:36][cH:17][n:37][c:28]32)[O:47]1)[OH:43])=[O:44])=[O:41].[OH2:1]	0.6114285588264465
[O:2]=[P:59]([O-:2])([O:57][CH2:35]/[CH:34]=[C:47](/[CH3:12])[CH2:33][CH2:19]/[CH:32]=[C:46](/[CH3:11])[CH2:31][CH2:18]/[CH:30]=[C:45](/[CH3:10])[CH2:29][CH2:17]/[CH:28]=[C:44](/[CH3:9])[CH2:27][CH2:16]/[CH:26]=[C:43](/[CH3:8])[CH2:25][CH2:15]/[CH:24]=[C:42](/[CH3:7])[CH2:23][CH2:14]/[CH:22]=[C:41](/[CH3:6])[CH2:21][CH2:13][CH:20]=[C:40]([CH3:4])[CH3:5])[O:58][P:60](=[O:3])([O-:3])[O-:3].[O:1]=[C:54]([O-:1])[c:49]1[cH:36][cH:37][c:50]2[c:51]([cH:38]1)[c:53]([OH:56])[cH:48][cH:39][c:52]2[OH:55]>>[O:1]=[C:54]([O-:1])[c:49]1[cH:36][cH:37][c:50]2[c:51]([cH:38]1)[c:53]([OH:56])[c:48]([CH2:35]/[CH:34]=[C:47](/[CH3:12])[CH2:33][CH2:19]/[CH:32]=[C:46](/[CH3:11])[CH2:31][CH2:18]/[CH:30]=[C:45](/[CH3:10])[CH2:29][CH2:17]/[CH:28]=[C:44](/[CH3:9])[CH2:27][CH2:16]/[CH:26]=[C:43](/[CH3:8])[CH2:25][CH2:15]/[CH:24]=[C:42](/[CH3:7])[CH2:23][CH2:14]/[CH:22]=[C:41](/[CH3:6])[CH2:21][CH2:13][CH:20]=[C:40]([CH3:4])[CH3:5])[cH:39][c:52]2[OH:55].[O:2]=[P:59]([OH:2])([O-:57])[O:58][P:60](=[O:3])([O-:3])[O-:3]	0.06521739065647125
[O:2]=[P:61]([O-:2])([O-:2])[O:59][C@@H:37]1[C@@H:33]([CH2:28][O:56][P:62](=[O:3])([O-:3])[O:60][P:63](=[O:4])([O-:4])[O:57][CH2:29][C:43]([CH3:22])([CH3:23])[C@H:38]([C:41]([NH:46][CH2:25][CH2:24][C:34]([NH:45][CH2:26][CH2:27][SH:64])=[O:52])=[O:55])[OH:54])[O:58][C@@H:42]([n:50]2[cH:31][n:49][c:35]3[c:39]([NH2:44])[n:47][cH:30][n:48][c:40]32)[C@@H:36]1[OH:53].[O:1]=[C:14]([O-:1])[C@@H:13]1[C:9](=[CH:5][CH2:6][NH:16][C:10]([CH2:8][NH:15][C:32]([CH3:21])=[O:51])=[O:18])[O:20][C@H:12]2[CH2:7][C:11](=[O:19])[N:17]21>>[O:2]=[P:61]([O-:2])([O-:2])[O:59][C@@H:37]1[C@@H:33]([CH2:28][O:56][P:62](=[O:3])([O-:3])[O:60][P:63](=[O:4])([O-:4])[O:57][CH2:29][C:43]([CH3:22])([CH3:23])[C@H:38]([C:41]([NH:46][CH2:25][CH2:24][C:34]([NH:45][CH2:26][CH2:27][S:64][C:32]([CH3:21])=[O:51])=[O:52])=[O:55])[OH:54])[O:58][C@@H:42]([n:50]2[cH:31][n:49][c:35]3[c:39]([NH2:44])[n:47][cH:30][n:48][c:40]32)[C@@H:36]1[OH:53].[O:1]=[C:14]([O-:1])[C@@H:13]1/[C:9](=[CH:5]/[CH2:6][NH:16][C:10]([CH2:8][NH3+:15])=[O:18])[O:20][C@@H:12]2[CH2:7][C:11](=[O:19])[N:17]21	0.21875
[O:2]=[S:24](=[O:2])([O-:2])[O:21]/[N:15]=[C:10](/[CH2:6][CH2:4][CH:5]=[CH2:7])[S:22][C@H:14]1[C@H:13]([OH:19])[C@@H:12]([OH:18])[C@H:11]([OH:17])[C@@H:9]([CH2:8][OH:16])[O:20]1.[O:1]=[S:23](=[O:1])([O-:1])[CH3:3]>>C[S+]([O-])C[CH2:5][CH2:4][CH2:6]/[C:10](=[N:15]/[O:21][S:24](=[O:2])(=[O:2])[O-:2])[S:22][C@H:14]1[C@H:13]([OH:19])[C@@H:12]([OH:18])[C@H:11]([OH:17])[C@@H:9]([CH2:8][OH:16])[O:20]1.[O:1]=[O:1]	0.17073170840740204
[O:2]=[S:25](=[O:2])([O-:2])[O:22]/[N:16]=[C:11](/[CH2:7][CH2:5][CH2:4][CH:6]=[CH2:8])[S:23][C@H:15]1[C@H:14]([OH:20])[C@@H:13]([OH:19])[C@H:12]([OH:18])[C@@H:10]([CH2:9][OH:17])[O:21]1.[O:1]=[S:24](=[O:1])([O-:1])[CH3:3]>>C[S+]([O-])C[CH2:6][CH2:4][CH2:5][CH2:7]/[C:11](=[N:16]/[O:22][S:25](=[O:2])(=[O:2])[O-:2])[S:23][C@H:15]1[C@H:14]([OH:20])[C@@H:13]([OH:19])[C@H:12]([OH:18])[C@@H:10]([CH2:9][OH:17])[O:21]1.[O:1]=[O:1]	0.18390804529190063
[O:3]=[P:107]([O-:3])([O:103][CH2:79]/[CH:78]=[C:91](\[CH3:46])[CH2:77][CH2:57]/[CH:76]=[C:90](\[CH3:45])[CH2:75][CH2:56]/[CH:74]=[C:89](\[CH3:44])[CH2:73][CH2:55]/[CH:72]=[C:88](\[CH3:43])[CH2:71][CH2:54]/[CH:70]=[C:87](\[CH3:42])[CH2:69][CH2:53]/[CH:68]=[C:86](\[CH3:41])[CH2:67][CH2:52]/[CH:66]=[C:85](\[CH3:40])[CH2:65][CH2:51]/[CH:64]=[C:84](\[CH3:39])[CH2:63][CH2:50]/[CH:62]=[C:83](/[CH3:38])[CH2:61][CH2:49]/[CH:60]=[C:82](/[CH3:37])[CH2:59][CH2:48][CH:58]=[C:81]([CH3:35])[CH3:36])[O:106][P:108](=[O:4])([O-:4])[O:105][C@@H:97]1[C@H:94]([NH:98][C:92]([CH3:47])=[O:100])[C@@H:96]([O:102][C@H:19]2[C@H:17]([OH:26])[C@H:16]([OH:25])[C@@H:15]([OH:24])[C@H:11]([CH3:6])[O:30]2)[C@H:95]([OH:101])[C@@H:93]([CH2:80][OH:99])[O:104]1.[O:1]=[P:33]([O-:1])([O:29][CH2:9][C@@H:13]1[C@@H:12]([OH:23])[CH2:7][C@H:14]([n:22]2[cH:8][c:10]([CH3:5])[c:18](=[O:27])[nH:21][c:20]2=[O:28])[O:31]1)[O:32][P:34](=[O:2])([O-:2])[O-:2]>>[O:3]=[P:107]([O-:3])([O:103][CH2:79]/[CH:78]=[C:91](\[CH3:46])[CH2:77][CH2:57]/[CH:76]=[C:90](\[CH3:45])[CH2:75][CH2:56]/[CH:74]=[C:89](\[CH3:44])[CH2:73][CH2:55]/[CH:72]=[C:88](\[CH3:43])[CH2:71][CH2:54]/[CH:70]=[C:87](\[CH3:42])[CH2:69][CH2:53]/[CH:68]=[C:86](\[CH3:41])[CH2:67][CH2:52]/[CH:66]=[C:85](\[CH3:40])[CH2:65][CH2:51]/[CH:64]=[C:84](\[CH3:39])[CH2:63][CH2:50]/[CH:62]=[C:83](/[CH3:38])[CH2:61][CH2:49]/[CH:60]=[C:82](/[CH3:37])[CH2:59][CH2:48][CH:58]=[C:81]([CH3:35])[CH3:36])[O:106][P:108](=[O:4])([O-:4])[O:105][C@@H:97]1[C@H:94]([NH:98][C:92]([CH3:47])=[O:100])[C@@H:96]([OH:102])[C@H:95]([OH:101])[C@@H:93]([CH2:80][OH:99])[O:104]1.[O:1]=[P:33]([O-:1])([O:29][CH2:9][C@@H:13]1[C@@H:12]([OH:23])[CH2:7][C@H:14]([n:22]2[cH:8][c:10]([CH3:5])[c:18](=[O:27])[nH:21][c:20]2=[O:28])[O:31]1)[O:32][P:34](=[O:2])([O-:2])[O:2][C@@H:19]1[C@H:17]([OH:26])[C@H:16]([OH:25])[C@@H:15]([OH:24])[C@H:11]([CH3:6])[O:30]1	0.4094488322734833
[O:3]=[P:122]([O-:3])([O:116][CH2:83]/[CH:82]=[C:96](\[CH3:50])[CH2:81][CH2:61]/[CH:80]=[C:95](\[CH3:49])[CH2:79][CH2:60]/[CH:78]=[C:94](\[CH3:48])[CH2:77][CH2:59]/[CH:76]=[C:93](\[CH3:47])[CH2:75][CH2:58]/[CH:74]=[C:92](\[CH3:46])[CH2:73][CH2:57]/[CH:72]=[C:91](\[CH3:45])[CH2:71][CH2:56]/[CH:70]=[C:90](\[CH3:44])[CH2:69][CH2:55]/[CH:68]=[C:89](\[CH3:43])[CH2:67][CH2:54]/[CH:66]=[C:88](/[CH3:42])[CH2:65][CH2:53]/[CH:64]=[C:87](/[CH3:41])[CH2:63][CH2:52][CH:62]=[C:86]([CH3:39])[CH3:40])[O:121][P:123](=[O:4])([O-:4])[O:120][C@@H:106]1[C@H:100]([NH:108][C:97]([CH3:51])=[O:111])[C@@H:105]([O:119][C@H:107]2[C@H:104]([OH:115])[C@@H:103]([OH:114])[C@H:101]([O:112][C@H:19]3[C@@H:15]([OH:31])[C@@H:13]([OH:29])[C@H:11]([OH:27])[C@@H:8]([CH2:5][OH:26])[O:35]3)[C@@H:98]([CH2:84][OH:109])[O:118]2)[C@@H:102]([OH:113])[C@@H:99]([CH2:85][OH:110])[O:117]1.[O:1]=[P:37]([O-:1])([O:33][CH2:6][C@@H:9]1[C@@H:12]([OH:28])[C@@H:14]([OH:30])[C@H:18]([n:25]2[cH:7][n:22][c:10]3[c:16]2[n:23][c:20]([NH2:21])[nH:24][c:17]3=[O:32])[O:34]1)[O:36][P:38](=[O:2])([O-:2])[O-:2]>>[O:3]=[P:122]([O-:3])([O:116][CH2:83]/[CH:82]=[C:96](\[CH3:50])[CH2:81][CH2:61]/[CH:80]=[C:95](\[CH3:49])[CH2:79][CH2:60]/[CH:78]=[C:94](\[CH3:48])[CH2:77][CH2:59]/[CH:76]=[C:93](\[CH3:47])[CH2:75][CH2:58]/[CH:74]=[C:92](\[CH3:46])[CH2:73][CH2:57]/[CH:72]=[C:91](\[CH3:45])[CH2:71][CH2:56]/[CH:70]=[C:90](\[CH3:44])[CH2:69][CH2:55]/[CH:68]=[C:89](\[CH3:43])[CH2:67][CH2:54]/[CH:66]=[C:88](/[CH3:42])[CH2:65][CH2:53]/[CH:64]=[C:87](/[CH3:41])[CH2:63][CH2:52][CH:62]=[C:86]([CH3:39])[CH3:40])[O:121][P:123](=[O:4])([O-:4])[O:120][C@@H:106]1[C@H:100]([NH:108][C:97]([CH3:51])=[O:111])[C@@H:105]([O:119][C@H:107]2[C@H:104]([OH:115])[C@@H:103]([OH:114])[C@H:101]([OH:112])[C@@H:98]([CH2:84][OH:109])[O:118]2)[C@@H:102]([OH:113])[C@@H:99]([CH2:85][OH:110])[O:117]1.[O:1]=[P:37]([O-:1])([O:33][CH2:6][C@@H:9]1[C@@H:12]([OH:28])[C@@H:14]([OH:30])[C@H:18]([n:25]2[cH:7][n:22][c:10]3[c:16]2[n:23][c:20]([NH2:21])[nH:24][c:17]3=[O:32])[O:34]1)[O:36][P:38](=[O:2])([O-:2])[O:2][C@@H:19]1[C@@H:15]([OH:31])[C@@H:13]([OH:29])[C@H:11]([OH:27])[C@@H:8]([CH2:5][OH:26])[O:35]1	0.5128205418586731
[O:3]=[P:136]([O-:3])([O:128][CH2:84]/[CH:83]=[C:98](\[CH3:50])[CH2:82][CH2:62]/[CH:81]=[C:97](\[CH3:49])[CH2:80][CH2:61]/[CH:79]=[C:96](\[CH3:48])[CH2:78][CH2:60]/[CH:77]=[C:95](\[CH3:47])[CH2:76][CH2:59]/[CH:75]=[C:94](\[CH3:46])[CH2:74][CH2:58]/[CH:73]=[C:93](\[CH3:45])[CH2:72][CH2:57]/[CH:71]=[C:92](\[CH3:44])[CH2:70][CH2:56]/[CH:69]=[C:91](\[CH3:43])[CH2:68][CH2:55]/[CH:67]=[C:90](\[CH3:42])[CH2:66][CH2:54]/[CH:65]=[C:89](\[CH3:41])[CH2:64][CH2:53][CH:63]=[C:88]([CH3:39])[CH3:40])[O:135][P:137](=[O:4])([O-:4])[O:134][C@@H:114]1[C@H:104]([NH:116][C:99]([CH3:51])=[O:121])[C@@H:108]([OH:125])[C@H:111]([O:132][C@H:113]2[C@H:105]([NH:117][C:100]([CH3:52])=[O:122])[C@@H:112]([O:133][C@@H:115]3[C@@H:110]([OH:127])[C@@H:109]([OH:126])[C@H:106]([O:123][C@H:19]4[C@@H:15]([OH:31])[C@@H:13]([OH:29])[C@H:11]([OH:27])[C@@H:8]([CH2:5][OH:26])[O:35]4)[C@@H:101]([CH2:85][OH:118])[O:130]3)[C@H:107]([OH:124])[C@@H:102]([CH2:86][OH:119])[O:129]2)[C@@H:103]([CH2:87][OH:120])[O:131]1.[O:1]=[P:37]([O-:1])([O:33][CH2:6][C@@H:9]1[C@@H:12]([OH:28])[C@@H:14]([OH:30])[C@H:18]([n:25]2[cH:7][n:22][c:10]3[c:16]2[n:23][c:20]([NH2:21])[nH:24][c:17]3=[O:32])[O:34]1)[O:36][P:38](=[O:2])([O-:2])[O-:2]>>[O:3]=[P:136]([O-:3])([O:128][CH2:84]/[CH:83]=[C:98](\[CH3:50])[CH2:82][CH2:62]/[CH:81]=[C:97](\[CH3:49])[CH2:80][CH2:61]/[CH:79]=[C:96](\[CH3:48])[CH2:78][CH2:60]/[CH:77]=[C:95](\[CH3:47])[CH2:76][CH2:59]/[CH:75]=[C:94](\[CH3:46])[CH2:74][CH2:58]/[CH:73]=[C:93](\[CH3:45])[CH2:72][CH2:57]/[CH:71]=[C:92](\[CH3:44])[CH2:70][CH2:56]/[CH:69]=[C:91](\[CH3:43])[CH2:68][CH2:55]/[CH:67]=[C:90](\[CH3:42])[CH2:66][CH2:54]/[CH:65]=[C:89](\[CH3:41])[CH2:64][CH2:53][CH:63]=[C:88]([CH3:39])[CH3:40])[O:135][P:137](=[O:4])([O-:4])[O:134][C@@H:114]1[C@H:104]([NH:116][C:99]([CH3:51])=[O:121])[C@@H:108]([OH:125])[C@H:111]([O:132][C@H:113]2[C@H:105]([NH:117][C:100]([CH3:52])=[O:122])[C@@H:112]([O:133][C@@H:115]3[C@@H:110]([OH:127])[C@@H:109]([OH:126])[C@H:106]([OH:123])[C@@H:101]([CH2:85][OH:118])[O:130]3)[C@H:107]([OH:124])[C@@H:102]([CH2:86][OH:119])[O:129]2)[C@@H:103]([CH2:87][OH:120])[O:131]1.[O:1]=[P:37]([O-:1])([O:33][CH2:6][C@@H:9]1[C@@H:12]([OH:28])[C@@H:14]([OH:30])[C@H:18]([n:25]2[cH:7][n:22][c:10]3[c:16]2[n:23][c:20]([NH2:21])[nH:24][c:17]3=[O:32])[O:34]1)[O:36][P:38](=[O:2])([O-:2])[O:2][C@@H:19]1[C@@H:15]([OH:31])[C@@H:13]([OH:29])[C@H:11]([OH:27])[C@@H:8]([CH2:5][OH:26])[O:35]1	0.4173228442668915
[O:3]=[P:137]([O-:3])([O:127][CH2:82]/[CH:81]=[C:94](\[CH3:46])[CH2:80][CH2:60]/[CH:79]=[C:93](\[CH3:45])[CH2:78][CH2:59]/[CH:77]=[C:92](\[CH3:44])[CH2:76][CH2:58]/[CH:75]=[C:91](\[CH3:43])[CH2:74][CH2:57]/[CH:73]=[C:90](\[CH3:42])[CH2:72][CH2:56]/[CH:71]=[C:89](\[CH3:41])[CH2:70][CH2:55]/[CH:69]=[C:88](\[CH3:40])[CH2:68][CH2:54]/[CH:67]=[C:87](\[CH3:39])[CH2:66][CH2:53]/[CH:65]=[C:86](/[CH3:38])[CH2:64][CH2:52]/[CH:63]=[C:85](/[CH3:37])[CH2:62][CH2:51][CH:61]=[C:84]([CH3:35])[CH3:36])[O:136][P:138](=[O:4])([O-:4])[O:135][C@@H:112]1[C@H:100]([NH:116][C:98]([CH3:50])=[O:118])[C@@H:109]([O:132][C@H:115]2[C@H:111]([O:134][C@H:114]3[C@H:108]([OH:126])[C@H:110]([O:133][C@H:113]4[C@H:107]([O:125][C@H:19]5[C@H:17]([OH:26])[C@H:16]([OH:25])[C@@H:15]([OH:24])[C@H:11]([CH3:6])[O:30]5)[C@H:105]([OH:123])[C@@H:101]([OH:119])[C@H:95]([CH3:47])[O:128]4)[C@@H:103]([OH:121])[C@H:97]([CH3:49])[O:129]3)[C@H:106]([OH:124])[C@@H:102]([OH:120])[C@H:96]([CH3:48])[O:130]2)[C@H:104]([OH:122])[C@@H:99]([CH2:83][OH:117])[O:131]1.[O:1]=[P:33]([O-:1])([O:29][CH2:9][C@@H:13]1[C@@H:12]([OH:23])[CH2:7][C@H:14]([n:22]2[cH:8][c:10]([CH3:5])[c:18](=[O:27])[nH:21][c:20]2=[O:28])[O:31]1)[O:32][P:34](=[O:2])([O-:2])[O-:2]>>[O:3]=[P:137]([O-:3])([O:127][CH2:82]/[CH:81]=[C:94](\[CH3:46])[CH2:80][CH2:60]/[CH:79]=[C:93](\[CH3:45])[CH2:78][CH2:59]/[CH:77]=[C:92](\[CH3:44])[CH2:76][CH2:58]/[CH:75]=[C:91](\[CH3:43])[CH2:74][CH2:57]/[CH:73]=[C:90](\[CH3:42])[CH2:72][CH2:56]/[CH:71]=[C:89](\[CH3:41])[CH2:70][CH2:55]/[CH:69]=[C:88](\[CH3:40])[CH2:68][CH2:54]/[CH:67]=[C:87](\[CH3:39])[CH2:66][CH2:53]/[CH:65]=[C:86](/[CH3:38])[CH2:64][CH2:52]/[CH:63]=[C:85](/[CH3:37])[CH2:62][CH2:51][CH:61]=[C:84]([CH3:35])[CH3:36])[O:136][P:138](=[O:4])([O-:4])[O:135][C@@H:112]1[C@H:100]([NH:116][C:98]([CH3:50])=[O:118])[C@@H:109]([O:132][C@H:115]2[C@H:111]([O:134][C@H:114]3[C@H:108]([OH:126])[C@H:110]([O:133][C@H:113]4[C@H:107]([OH:125])[C@H:105]([OH:123])[C@@H:101]([OH:119])[C@H:95]([CH3:47])[O:128]4)[C@@H:103]([OH:121])[C@H:97]([CH3:49])[O:129]3)[C@H:106]([OH:124])[C@@H:102]([OH:120])[C@H:96]([CH3:48])[O:130]2)[C@H:104]([OH:122])[C@@H:99]([CH2:83][OH:117])[O:131]1.[O:1]=[P:33]([O-:1])([O:29][CH2:9][C@@H:13]1[C@@H:12]([OH:23])[CH2:7][C@H:14]([n:22]2[cH:8][c:10]([CH3:5])[c:18](=[O:27])[nH:21][c:20]2=[O:28])[O:31]1)[O:32][P:34](=[O:2])([O-:2])[O:2][C@@H:19]1[C@H:17]([OH:26])[C@H:16]([OH:25])[C@@H:15]([OH:24])[C@H:11]([CH3:6])[O:30]1	0.41129031777381897
[O:3]=[P:23]([O-:3])([O:21][CH2:14]/[CH:13]=[C:16](/[CH3:7])[CH2:10][CH2:8][CH:9]=[C:15]([CH3:5])[CH3:6])[O:22][P:24](=[O:4])([O-:4])[O-:4].[O:1]=[C:18]([O-:1])[CH2:12][CH2:11][C@@H:17]([C:19](=[O:2])[O-:2])[NH3+:20]>>[O:1]=[C:18]([O-:1])[CH2:12][CH2:11][C@@H:17]([C:19](=[O:2])[O-:2])[NH2+:20][CH2:14]/[CH:13]=[C:16](/[CH3:7])[CH2:10][CH2:8][CH:9]=[C:15]([CH3:5])[CH3:6].[O:3]=[P:23]([OH:3])([O-:21])[O:22][P:24](=[O:4])([O-:4])[O-:4]	0.08294931054115295
[O:3]=[P:51]([O-:3])([O:49][CH2:20]/[CH:33]=[C:43](\[CH3:12])[CH2:32][CH2:19]/[CH:31]=[C:42](\[CH3:11])[CH2:30][CH2:18]/[CH:29]=[C:41](\[CH3:10])[CH2:28][CH2:17]/[CH:27]=[C:40](\[CH3:9])[CH2:26][CH2:16]/[CH:25]=[C:39](\[CH3:8])[CH2:24][CH2:15]/[CH:23]=[C:38](/[CH3:7])[CH2:22][CH2:14][CH:21]=[C:37]([CH3:5])[CH3:6])[O:50][P:52](=[O:4])([O-:4])[O-:4].[O:1]=[P:47]([O-:1])([O-:1])[O:46][P:48](=[O:2])([O-:2])[O:45][CH2:36][CH2:35][C:44]([CH3:13])=[CH2:34]>>[O:1]=[P:47]([O-:1])([O-:1])[O:46][P:48](=[O:2])([O-:2])[O:45][CH2:36]/[CH:35]=[C:44](\[CH3:13])[CH2:34][CH2:20]/[CH:33]=[C:43](\[CH3:12])[CH2:32][CH2:19]/[CH:31]=[C:42](\[CH3:11])[CH2:30][CH2:18]/[CH:29]=[C:41](\[CH3:10])[CH2:28][CH2:17]/[CH:27]=[C:40](\[CH3:9])[CH2:26][CH2:16]/[CH:25]=[C:39](\[CH3:8])[CH2:24][CH2:15]/[CH:23]=[C:38](/[CH3:7])[CH2:22][CH2:14][CH:21]=[C:37]([CH3:5])[CH3:6].[O:3]=[P:51]([O-:3])([OH:49])[O:50][P:52](=[O:4])([O-:4])[O-:4]	0.0714285746216774
[O:4]=[P:169]([O-:4])([O:158][CH2:95]/[CH:94]=[C:111](\[CH3:61])[CH2:93][CH2:73]/[CH:92]=[C:110](\[CH3:60])[CH2:91][CH2:72]/[CH:90]=[C:109](\[CH3:59])[CH2:89][CH2:71]/[CH:88]=[C:108](\[CH3:58])[CH2:87][CH2:70]/[CH:86]=[C:107](\[CH3:57])[CH2:85][CH2:69]/[CH:84]=[C:106](\[CH3:56])[CH2:83][CH2:68]/[CH:82]=[C:105](\[CH3:55])[CH2:81][CH2:67]/[CH:80]=[C:104](\[CH3:54])[CH2:79][CH2:66]/[CH:78]=[C:103](/[CH3:53])[CH2:77][CH2:65]/[CH:76]=[C:102](/[CH3:52])[CH2:75][CH2:64][CH:74]=[C:101]([CH3:50])[CH3:51])[O:168][P:170](=[O:5])([O-:5])[O:167][C@@H:135]1[C@H:119]([NH:139][C:112]([CH3:62])=[O:145])[C@@H:132]([O:165][C@@H:134]2[C@H:120]([NH:140][C:113]([CH3:63])=[O:146])[C@@H:133]([O:166][C@H:137]3[C@H:129]([OH:155])[C@@H:126]([OH:152])[C@H:122]([OH:148])[C@@H:115]([CH2:97][OH:142])[O:161]3)[C@@H:131]([O:164][C@@H:138]3[C@H:130]([OH:156])[C@@H:127]([OH:153])[C@@H:123]([OH:149])[C@@H:118]([CH2:100][O:157][C@@H:136]4[C@H:128]([OH:154])[C@@H:125]([OH:151])[C@@H:121]([OH:147])[C@@H:114]([CH2:96][OH:141])[O:160]4)[O:163]3)[C@@H:117]([CH2:99][OH:144])[O:162]2)[C@@H:124]([OH:150])[C@@H:116]([CH2:98][O:143][C:17]([CH3:6])=[O:36])[O:159]1.[O:1]=[P:46]([O-:1])([O-:1])[O:44][C@@H:22]1[C@@H:18]([CH2:13][O:41][P:47](=[O:2])([O-:2])[O:45][P:48](=[O:3])([O-:3])[O:42][CH2:14][C:28]([CH3:7])([CH3:8])[C@H:23]([C:26]([NH:31][CH2:10][CH2:9][C:19]([NH:30][CH2:11][CH2:12][SH:49])=[O:37])=[O:40])[OH:39])[O:43][C@@H:27]([n:35]2[cH:16][n:34][c:20]3[c:24]([NH2:29])[n:32][cH:15][n:33][c:25]32)[C@@H:21]1[OH:38]>>[O:4]=[P:169]([O-:4])([O:158][CH2:95]/[CH:94]=[C:111](\[CH3:61])[CH2:93][CH2:73]/[CH:92]=[C:110](\[CH3:60])[CH2:91][CH2:72]/[CH:90]=[C:109](\[CH3:59])[CH2:89][CH2:71]/[CH:88]=[C:108](\[CH3:58])[CH2:87][CH2:70]/[CH:86]=[C:107](\[CH3:57])[CH2:85][CH2:69]/[CH:84]=[C:106](\[CH3:56])[CH2:83][CH2:68]/[CH:82]=[C:105](\[CH3:55])[CH2:81][CH2:67]/[CH:80]=[C:104](\[CH3:54])[CH2:79][CH2:66]/[CH:78]=[C:103](/[CH3:53])[CH2:77][CH2:65]/[CH:76]=[C:102](/[CH3:52])[CH2:75][CH2:64][CH:74]=[C:101]([CH3:50])[CH3:51])[O:168][P:170](=[O:5])([O-:5])[O:167][C@@H:135]1[C@H:119]([NH:139][C:112]([CH3:62])=[O:145])[C@@H:132]([O:165][C@@H:134]2[C@H:120]([NH:140][C:113]([CH3:63])=[O:146])[C@@H:133]([O:166][C@H:137]3[C@H:129]([OH:155])[C@@H:126]([OH:152])[C@H:122]([OH:148])[C@@H:115]([CH2:97][OH:142])[O:161]3)[C@@H:131]([O:164][C@@H:138]3[C@H:130]([OH:156])[C@@H:127]([OH:153])[C@@H:123]([OH:149])[C@@H:118]([CH2:100][O:157][C@@H:136]4[C@H:128]([OH:154])[C@@H:125]([OH:151])[C@@H:121]([OH:147])[C@@H:114]([CH2:96][OH:141])[O:160]4)[O:163]3)[C@@H:117]([CH2:99][OH:144])[O:162]2)[C@@H:124]([OH:150])[C@@H:116]([CH2:98][OH:143])[O:159]1.[O:1]=[P:46]([O-:1])([O-:1])[O:44][C@@H:22]1[C@@H:18]([CH2:13][O:41][P:47](=[O:2])([O-:2])[O:45][P:48](=[O:3])([O-:3])[O:42][CH2:14][C:28]([CH3:7])([CH3:8])[C@H:23]([C:26]([NH:31][CH2:10][CH2:9][C:19]([NH:30][CH2:11][CH2:12][S:49][C:17]([CH3:6])=[O:36])=[O:37])=[O:40])[OH:39])[O:43][C@@H:27]([n:35]2[cH:16][n:34][c:20]3[c:24]([NH2:29])[n:32][cH:15][n:33][c:25]32)[C@@H:21]1[OH:38]	0.3181818127632141
[O][O-].[H+]>>O=O.OO	1.0
[cH:1]1[c:16]([C:48](=[O:75])[O:82][CH2:15][C@@H:37]2[C@@H:45]([O:86][C:51]([c:19]3[cH:7][c:29]([OH:62])[c:41]([OH:71])[c:30]([OH:63])[cH:8]3)=[O:78])[C@H:46]([O:87][C:52]([c:21]3[cH:11][c:33]([OH:66])[c:43]([OH:73])[c:35]([OH:83])[cH:13]3)=[O:79])[C@@H:47]([O:88][C:53]([c:22]3[cH:12][c:34]([OH:67])[c:44]([OH:74])[c:36]([O:84][C:50]([c:18]4[cH:5][c:27]([OH:60])[c:40]([OH:70])[c:28]([OH:61])[cH:6]4)=[O:77])[cH:14]3)=[O:80])[C@H:55]([O:89][C:54]([c:20]3[cH:9][c:31]([OH:64])[c:42]([OH:72])[c:32]([OH:65])[cH:10]3)=[O:81])[O:85]2)[cH:2][c:24]([OH:57])[c:38]([OH:68])[c:23]1[OH:56].[cH:3]1[c:17]([C:49](=[O:76])[O:100][C@H:95]2[C@H:94]([OH:99])[C@@H:93]([OH:98])[C@H:92]([OH:97])[C@@H:91]([CH2:90][OH:96])[O:101]2)[cH:4][c:26]([OH:59])[c:39]([OH:69])[c:25]1[OH:58]>>[cH:1]1[c:16]([C:48](=[O:75])[O:82][CH2:15][C@@H:37]2[C@@H:45]([O:86][C:51]([c:19]3[cH:7][c:29]([OH:62])[c:41]([OH:71])[c:30]([OH:63])[cH:8]3)=[O:78])[C@H:46]([O:87][C:52]([c:21]3[cH:11][c:33]([OH:66])[c:43]([OH:73])[c:35]([O:83][C:49]([c:17]4[cH:3][c:25]([OH:58])[c:39]([OH:69])[c:26]([OH:59])[cH:4]4)=[O:76])[cH:13]3)=[O:79])[C@@H:47]([O:88][C:53]([c:22]3[cH:12][c:34]([OH:67])[c:44]([OH:74])[c:36]([O:84][C:50]([c:18]4[cH:5][c:27]([OH:60])[c:40]([OH:70])[c:28]([OH:61])[cH:6]4)=[O:77])[cH:14]3)=[O:80])[C@H:55]([O:89][C:54]([c:20]3[cH:9][c:31]([OH:64])[c:42]([OH:72])[c:32]([OH:65])[cH:10]3)=[O:81])[O:85]2)[cH:2][c:24]([OH:57])[c:38]([OH:68])[c:23]1[OH:56].[CH2:90]([C@@H:91]1[C@@H:92]([OH:97])[C@H:93]([OH:98])[C@@H:94]([OH:99])[CH:95]([OH:100])[O:101]1)[OH:96]	0.9461538195610046
[cH:1]1[c:16]([C:48](=[O:75])[O:82][CH2:15][C@@H:37]2[C@@H:45]([O:86][C:52]([c:21]3[cH:11][c:33]([OH:66])[c:43]([OH:73])[c:35]([OH:83])[cH:13]3)=[O:79])[C@H:46]([O:87][C:51]([c:19]3[cH:7][c:29]([OH:62])[c:41]([OH:71])[c:30]([OH:63])[cH:8]3)=[O:78])[C@@H:47]([O:88][C:53]([c:22]3[cH:12][c:34]([OH:67])[c:44]([OH:74])[c:36]([O:84][C:50]([c:18]4[cH:5][c:27]([OH:60])[c:40]([OH:70])[c:28]([OH:61])[cH:6]4)=[O:77])[cH:14]3)=[O:80])[C@H:55]([O:89][C:54]([c:20]3[cH:9][c:31]([OH:64])[c:42]([OH:72])[c:32]([OH:65])[cH:10]3)=[O:81])[O:85]2)[cH:2][c:24]([OH:57])[c:38]([OH:68])[c:23]1[OH:56].[cH:3]1[c:17]([C:49](=[O:76])[O:100][C@H:95]2[C@H:94]([OH:99])[C@@H:93]([OH:98])[C@H:92]([OH:97])[C@@H:91]([CH2:90][OH:96])[O:101]2)[cH:4][c:26]([OH:59])[c:39]([OH:69])[c:25]1[OH:58]>>[cH:1]1[c:16]([C:48](=[O:75])[O:82][CH2:15][C@@H:37]2[C@@H:45]([O:86][C:52]([c:21]3[cH:11][c:33]([OH:66])[c:43]([OH:73])[c:35]([O:83][C:49]([c:17]4[cH:3][c:25]([OH:58])[c:39]([OH:69])[c:26]([OH:59])[cH:4]4)=[O:76])[cH:13]3)=[O:79])[C@H:46]([O:87][C:51]([c:19]3[cH:7][c:29]([OH:62])[c:41]([OH:71])[c:30]([OH:63])[cH:8]3)=[O:78])[C@@H:47]([O:88][C:53]([c:22]3[cH:12][c:34]([OH:67])[c:44]([OH:74])[c:36]([O:84][C:50]([c:18]4[cH:5][c:27]([OH:60])[c:40]([OH:70])[c:28]([OH:61])[cH:6]4)=[O:77])[cH:14]3)=[O:80])[C@H:55]([O:89][C:54]([c:20]3[cH:9][c:31]([OH:64])[c:42]([OH:72])[c:32]([OH:65])[cH:10]3)=[O:81])[O:85]2)[cH:2][c:24]([OH:57])[c:38]([OH:68])[c:23]1[OH:56].[CH2:90]([C@@H:91]1[C@@H:92]([OH:97])[C@H:93]([OH:98])[C@@H:94]([OH:99])[CH:95]([OH:100])[O:101]1)[OH:96]	0.9461538195610046
[cH:1]1[c:3]2[c:4]([n:7][cH:2][n:6]1)[nH:9][cH:5][n:8]2.[OH2:10]>>[cH:1]1[c:3]2[c:4]([n:7][cH:2][n:6]1)[n:9][c:5]([OH:10])[nH:8]2	0.10280373692512512
[cH:1]1[c:4]([C:10]#[N:14])[c:6]2[c:9]([NH2:13])[n:15][cH:3][n:16][c:11]2[n:17]1[C@@H:12]1[C@H:8]([OH:20])[C@H:7]([OH:19])[C@@H:5]([CH2:2][OH:18])[O:22]1.[OH2:21]>>[cH:1]1[c:4]([C:10]([NH2:14])=[O:21])[c:6]2[c:9]([NH2:13])[n:15][cH:3][n:16][c:11]2[n:17]1[C@H:12]1[C@H:8]([OH:20])[C@H:7]([OH:19])[C@@H:5]([CH2:2][OH:18])[O:22]1	0.0776699036359787
[cH:1]1[cH:2][c:5]2[c:9]([c:6]([OH:11])[cH:3]1)[C:10](=[O:14])[C:8]([O-:13])=[CH:4][C:7]2=[O:12]>>[cH:1]1[cH:2][c:5]2[c:7]([OH:12])[cH:4][c:8]([OH:13])[c:10]([OH:14])[c:9]2[c:6]([OH:11])[cH:3]1	0.11184210330247879
[cH:1]1[cH:2][c:9]2[c:13]([cH:3][c:8]1[OH:17])[O:20][CH2:6][C:11]([c:10]1[cH:4][c:14]3[c:15]([cH:5][c:12]1[OH:18])[O:22][CH2:7][O:21]3)=[CH:16]2.[OH2:19]>>[cH:1]1[cH:2][c:9]2[c:13]([cH:3][c:8]1[OH:17])[O:20][CH2:6][C@@H:11]([c:10]1[cH:4][c:14]3[c:15]([cH:5][c:12]1[OH:18])[O:22][CH2:7][O:21]3)[C@H:16]2[OH:19]	0.2970297038555145
[cH:1]1[cH:2][cH:4][c:6]2[c:5]([cH:3]1)[C:7](=[O:10])[C:8](=[O:11])[NH:9]2>>[cH:1]1[cH:2][cH:4][c:6]2[c:5]([cH:3]1)[CH:7]([OH:10])[C:8](=[O:11])[NH:9]2	0.072727270424366
[cH:1]1[cH:2][cH:6][c:9]2[c:8]([cH:4]1)[cH:5][cH:3][c:7]([OH:13])[c:10]2[OH:11].[OH2:12]>>[cH:1]1[cH:2][cH:6][c:9]2[c:8]([cH:4]1)[cH:5][cH:3][cH:7][c:10]2[OH:11].[O:12]=[O:13]	0.09302325546741486
[cH:1]1[cH:3][c:9]([OH:23])[cH:4][cH:2][c:8]1-[c:10]1[cH:5][c:11](=[O:25])[c:15]2[c:12]([OH:26])[cH:6][c:13]([O-:27])[c:16]([C@H:21]3[C@H:20]([OH:31])[C@@H:19]([OH:30])[C@H:17]([OH:28])[C@@H:14]([CH2:7][OH:22])[O:32]3)[c:18]2[o:29]1.[OH2:24]>>[cH:1]1[cH:3][c:9]([OH:23])[cH:4][cH:2][c:8]1[C:10]([CH2:5][C:11]([c:15]1[c:12]([OH:26])[cH:6][c:13]([O-:27])[c:16]([C@H:21]2[C@H:20]([OH:31])[C@@H:19]([OH:30])[C@H:17]([OH:28])[C@@H:14]([CH2:7][OH:22])[O:32]2)[c:18]1[OH:29])=[O:25])=[O:24]	0.18644067645072937
[cH:1]1[cH:3][n:6][cH:4][c:2]([OH:8])[c:5]1[OH:7].[OH2:9]>>[cH:1]1[cH:3][n:6][cH:4][cH:2][c:5]1[OH:7].[O:8]=[O:9]	0.09459459781646729
[cH:1]1[cH:4][c:11]([OH:16])[cH:5][cH:2][c:10]1[CH:3]([CH:8]1[C:14](=[O:18])[c:13]2[cH:7][cH:6][c:12]([OH:17])[cH:9][c:15]2[O:19]1)[O:21][OH:20].[OH2:22]>>[cH:1]1[cH:4][c:11]([OH:16])[cH:5][cH:2][c:10]1/[CH:3]=[CH:8]/[C:14]([c:13]1[cH:7][cH:6][c:12]([OH:17])[cH:9][c:15]1[OH:19])=[O:18].[OH:21][OH:22]	0.07407407462596893
[cH:3]1[c:9]([C:22](=[O:31])[O:44][C@H:39]2[C@H:38]([OH:43])[C@@H:37]([OH:42])[C@H:36]([OH:41])[C@@H:35]([CH2:34][OH:40])[O:45]2)[cH:4][c:16]([OH:28])[c:20]([OH:30])[c:15]1[OH:27].[cH:1]1[c:8]([C@@H:21]2[C@H:18]([OH:33])[CH2:7][c:11]3[c:12]([OH:24])[cH:5][c:10]([OH:23])[cH:6][c:17]3[O:32]2)[cH:2][c:14]([OH:26])[c:19]([OH:29])[c:13]1[OH:25]>>[cH:1]1[c:8]([C@@H:21]2[C@H:18]([O:33][C:22]([c:9]3[cH:3][c:15]([OH:27])[c:20]([OH:30])[c:16]([OH:28])[cH:4]3)=[O:31])[CH2:7][c:11]3[c:12]([OH:24])[cH:5][c:10]([OH:23])[cH:6][c:17]3[O:32]2)[cH:2][c:14]([OH:26])[c:19]([OH:29])[c:13]1[OH:25].[CH2:34]([C@@H:35]1[C@@H:36]([OH:41])[C@H:37]([OH:42])[C@@H:38]([OH:43])[CH:39]([OH:44])[O:45]1)[OH:40]	0.1036585345864296
[cH:4]1[cH:6][c:9]([NH2:12])[cH:7][cH:5][c:8]1[Cl:11].[CH3:2][NH2+:13][CH3:3].[O:1]=[C:10]=[O:1]>>[O:1]=[C:10]([NH:12][c:9]1[cH:6][cH:4][c:8]([Cl:11])[cH:5][cH:7]1)[N:13]([CH3:2])[CH3:3].[OH2:1]	0.4383561611175537
[cH:4]1[cH:8][c:18]([OH:34])[cH:9][cH:5][c:16]1/[CH:6]=[CH:11]/[C:25](=[O:39])[O:44][CH2:15][C@@H:24]1[C@@H:27]([OH:40])[C@H:29]([O:42][C:68](/[CH:55]=[CH:52]/[c:64]2[cH:50][cH:53][c:65]([OH:85])[cH:54][cH:51]2)=[O:87])[C@@H:30]([OH:43])[C@H:33]([O:47][c:32]2[c:28](=[O:41])[c:26]3[c:22]([OH:38])[cH:13][c:19]([OH:35])[cH:14][c:23]3[o:45][c:31]2-[c:17]2[cH:7][cH:10][c:20]([OH:36])[c:21]([OH:37])[cH:12]2)[O:46]1.[O:1]=[P:96]([O-:1])([O-:1])[O:94][C@@H:71]1[C@@H:66]([CH2:60][O:91][P:97](=[O:2])([O-:2])[O:95][P:98](=[O:3])([O-:3])[O:92][CH2:61][C:77]([CH3:48])([CH3:49])[C@H:72]([C:75]([NH:80][CH2:57][CH2:56][C:67]([NH:79][CH2:58][CH2:59][SH:99])=[O:86])=[O:90])[OH:89])[O:93][C@@H:76]([n:84]2[cH:63][n:83][c:69]3[c:73]([NH2:78])[n:81][cH:62][n:82][c:74]32)[C@@H:70]1[OH:88]>>[O:1]=[P:96]([O-:1])([O-:1])[O:94][C@@H:71]1[C@@H:66]([CH2:60][O:91][P:97](=[O:2])([O-:2])[O:95][P:98](=[O:3])([O-:3])[O:92][CH2:61][C:77]([CH3:48])([CH3:49])[C@H:72]([C:75]([NH:80][CH2:57][CH2:56][C:67]([NH:79][CH2:58][CH2:59][S:99][C:68](/[CH:55]=[CH:52]/[c:64]2[cH:50][cH:53][c:65]([OH:85])[cH:54][cH:51]2)=[O:87])=[O:86])=[O:90])[OH:89])[O:93][C@@H:76]([n:84]2[cH:63][n:83][c:69]3[c:73]([NH2:78])[n:81][cH:62][n:82][c:74]32)[C@@H:70]1[OH:88].[cH:4]1[cH:8][c:18]([OH:34])[cH:9][cH:5][c:16]1/[CH:6]=[CH:11]/[C:25](=[O:39])[O:44][CH2:15][C@@H:24]1[C@@H:27]([OH:40])[C@H:29]([OH:42])[C@@H:30]([OH:43])[C@H:33]([O:47][c:32]2[c:28](=[O:41])[c:26]3[c:22]([OH:38])[cH:13][c:19]([OH:35])[cH:14][c:23]3[o:45][c:31]2-[c:17]2[cH:7][cH:10][c:20]([OH:36])[c:21]([OH:37])[cH:12]2)[O:46]1	0.07692307978868484
[cH:6]1[cH:8][c:14](-[c:16]2[cH:11][o:28][c:22]3[cH:15][c:18]([O-:25])[cH:10][c:19]([OH:26])[c:20]3[c:21]2=[O:27])[c:17]([OH:24])[cH:9][c:13]1[OH:23].[O:1]=[P:31]([O-:1])([O:29][CH2:7][CH:5]=[C:12]([CH3:3])[CH3:4])[O:30][P:32](=[O:2])([O-:2])[O-:2]>>[CH3:3][C:12]([CH3:4])=[CH:5][CH2:7][c:15]1[c:18]([O-:25])[cH:10][c:19]([OH:26])[c:20]2[c:21](=[O:27])[c:16](-[c:14]3[cH:8][cH:6][c:13]([OH:23])[cH:9][c:17]3[OH:24])[cH:11][o:28][c:22]12.[O:1]=[P:31]([O-:1])([OH:29])[O:30][P:32](=[O:2])([O-:2])[O-:2]	0.3145161271095276
[cH:6]1[cH:9][c:21]([OH:41])[cH:10][cH:7][c:20]1/[CH:8]=[CH:11]/[C:24](=[O:43])[O:94][C@H:82]1[C@H:80]([OH:92])[C@@H:77]([CH2:68][O:97][C:78](/[CH:64]=[CH:58]/[c:69]2[cH:57][cH:63][c:73]([OH:89])[c:75]([O:96][CH3:56])[cH:65]2)=[O:91])[O:99][C@@H:86]([O:100][c:85]2[c:81](=[O:93])[c:79]3[c:74]([OH:90])[cH:66][c:72]([OH:88])[cH:67][c:76]3[o:98][c:84]2-[c:70]2[cH:59][cH:61][c:71]([OH:87])[cH:62][cH:60]2)[C@@H:83]1[OH:95].[O:1]=[P:52]([O-:1])([O-:1])[O:50][C@@H:27]1[C@@H:22]([CH2:16][O:47][P:53](=[O:2])([O-:2])[O:51][P:54](=[O:3])([O-:3])[O:48][CH2:17][C:33]([CH3:4])([CH3:5])[C@H:28]([C:31]([NH:36][CH2:13][CH2:12][C:23]([NH:35][CH2:14][CH2:15][SH:55])=[O:42])=[O:46])[OH:45])[O:49][C@@H:32]([n:40]2[cH:19][n:39][c:25]3[c:29]([NH2:34])[n:37][cH:18][n:38][c:30]32)[C@@H:26]1[OH:44]>>[O:1]=[P:52]([O-:1])([O-:1])[O:50][C@@H:27]1[C@@H:22]([CH2:16][O:47][P:53](=[O:2])([O-:2])[O:51][P:54](=[O:3])([O-:3])[O:48][CH2:17][C:33]([CH3:4])([CH3:5])[C@H:28]([C:31]([NH:36][CH2:13][CH2:12][C:23]([NH:35][CH2:14][CH2:15][S:55][C:24](/[CH:11]=[CH:8]/[c:20]2[cH:6][cH:9][c:21]([OH:41])[cH:10][cH:7]2)=[O:43])=[O:42])=[O:46])[OH:45])[O:49][C@@H:32]([n:40]2[cH:19][n:39][c:25]3[c:29]([NH2:34])[n:37][cH:18][n:38][c:30]32)[C@@H:26]1[OH:44].[CH3:56][O:96][c:75]1[cH:65][c:69](/[CH:58]=[CH:64]/[C:78](=[O:91])[O:97][CH2:68][C@@H:77]2[C@@H:80]([OH:92])[C@H:82]([OH:94])[C@@H:83]([OH:95])[C@H:86]([O:100][c:85]3[c:81](=[O:93])[c:79]4[c:74]([OH:90])[cH:66][c:72]([OH:88])[cH:67][c:76]4[o:98][c:84]3-[c:70]3[cH:59][cH:61][c:71]([OH:87])[cH:62][cH:60]3)[O:99]2)[cH:57][cH:63][c:73]1[OH:89]	0.38129496574401855
[cH:7]1[cH:8][cH:10][c:17]2[c:16]([cH:9]1)[c:24]([CH2:12][CH:19]1[C:20](=[O:30])[NH:27]/[C:18](=[CH:11]/[c:15]3[cH:13][nH:25][cH:14][n:26]3)[C:21](=[O:31])[NH:29]1)[cH:22][nH:28]2.[O:1]=[P:34]([O-:1])([O:32][CH2:3][CH:6]=[C:23]([CH3:4])[CH3:5])[O:33][P:35](=[O:2])([O-:2])[O-:2]>>[CH2:3]=[CH:6][C:23]([CH3:4])([CH3:5])[C:24]12[CH2:12][CH:19]3[C:20](=[O:30])[NH:27]/[C:18](=[CH:11]/[c:15]4[cH:13][nH:25][cH:14][n:26]4)[C:21](=[O:31])[N:29]3[CH:22]1[NH:28][c:17]1[cH:10][cH:8][cH:7][cH:9][c:16]12.[O:1]=[P:34]([OH:1])([O-:32])[O:33][P:35](=[O:2])([O-:2])[O-:2]	0.692307710647583
