rxn_smiles	max_tanimoto_similarity
BrCCCBr.O>>OCCCBr.[Br-]	0.29411765933036804
C#CC1(OC(C)=O)CCC2C3CCC4=CC(OC(C)=O)CCC4C3CCC21C.CCOC(=O)C=C(C)C=CC=C(C)C=Cc1c(C)cc(OC)c(C)c1C.CC[N+](CC)(CC)CC>>Cc1cc(-c2ccc(N=Nc3ccc4c(S(=O)(=O)O)cc(S(=O)(=O)O)c(N)c4c3O)c(C)c2)ccc1N=Nc1ccc2c(S(=O)(=O)O)cc(S(=O)(=O)O)c(N)c2c1O.CCC(O)(COC(N)=O)c1ccccc1.C=CC(O)C#CC#CCC=CCCCCCCC	0.8403756022453308
C/C(=C\C(=O)SCCNC(=O)CCNC(=O)[C@H](O)C(C)(C)COP(=O)([O-])OP(=O)([O-])OC[C@H]1O[C@@H](n2cnc3c(N)ncnc32)[C@H](O)[C@@H]1OP(=O)([O-])[O-])CC(=O)[O-].Nc1ncnc2c1ncn2[C@@H]1O[C@H](COP(=O)([O-])OP(=O)([O-])[O-])[C@@H](O)[C@H]1O.O=P([O-])([O-])O.[H+]>>CC(C)=CC(=O)SCCNC(=O)CCNC(=O)[C@H](O)C(C)(C)COP(=O)([O-])OP(=O)([O-])OC[C@H]1O[C@@H](n2cnc3c(N)ncnc32)[C@H](O)[C@@H]1OP(=O)([O-])[O-].Nc1ncnc2c1ncn2[C@@H]1O[C@H](COP(=O)([O-])OP(=O)([O-])OP(=O)([O-])[O-])[C@@H](O)[C@H]1O.O=C([O-])O	1.0
C/C(=C\COP(=O)([O-])OP(=O)([O-])[O-])CC[C@@]1(O)[C@H](C)CC[C@H]2C(C)(C)CCC[C@@]21C>>CC(C)=CCC/C(C)=C/CC/C(C)=C/CC/C(C)=C/COP(=O)([O-])OP(=O)([O-])[O-].O	1.0
C/C(=C\Cc1c([O-])c(Cl)c(C)c(C=O)c1O)CC/C=C(\C)CC[C@@H]1OC1(C)C>>C/C(=C\Cc1c([O-])c(Cl)c(C)c(C=O)c1O)CC[C@@]1(C)[C@H](C)CCC(=O)[C@@H]1C	1.0
C/C(C=O)=C\C=C\C(C)=C\C=C\C(C)=C\C=C\C=C(C)\C=C\C=C(C)\C=C\C=C(/C)C=O.[H].O>>CC(/C=C/C=C(C)/C=C/C=C(\C)C(=O)[O-])=C\C=C\C=C(C)\C=C\C=C(C)\C=C\C=C(/C)C(=O)[O-].[H+].[H].[H]	1.0
C/C1=C/C=C(/C(C)C)CC/C(C)=C/CC/C(C)=C/CC1.O=P([O-])([O-])OP(=O)([O-])O>>CC(C)=CCC/C(C)=C/CC/C(C)=C/CC/C(C)=C/COP(=O)([O-])OP(=O)([O-])[O-]	1.0
C/C=C(\C)[C@H]1C=C[C@H]2C[C@@H](C)C[C@@H](C)[C@@H]2[C@H]1/C([O-])=C1/C(=O)N[C@@H](C[C@](C)(O)C(=O)[O-])C1=O>>C/C=C(C)/C=C/C=C/C[C@@H](C)C[C@@H](C)/C=C/C(=O)C1C(=O)N[C@@H](C[C@](C)([O-])C(=O)[O-])C1=O	1.0
C/C=C/CCCCC/C=C/C1=C(CC(=O)[O-])C(=O)OC1=O.O>>C/C=C/CCCCC/C=C/C(C(=O)[O-])C(O)(CC(=O)[O-])C(=O)[O-].[H+]	1.0
C/C=C1/C[NH+]2CC[C@@]34C(=Nc5ccccc53)[C@@](C=O)(C(=O)OC)[C@H]1C[C@H]24.O>>C/C=C1/C[NH+]2CC[C@@]34C(=Nc5ccccc53)[C@](C(=O)OC)(C(O)O)[C@H]1C[C@H]24	1.0
C1CN2CCN1CC2>>C1C2CC3CC1CC(C2)C3	0.15000000596046448
C1CO1>>CCOC(=O)C=C(C)C=CC=C(C)C=Cc1c(C)cc(OC)c(C)c1C.CC(N=O)=C(O)c1ccccc1	0.460317462682724
C=C(CC[C@@H](C)[C@H]1CC[C@@]2(C)[C@@H]3CC[C@H]4[C@H](C)[C@@H](O)CC[C@@]45C[C@@]35CC[C@]12C)C(C)C>>C=C(CC[C@@H](C)[C@H]1CC[C@@]2(C)C3=C(CC[C@]12C)[C@@]1(C)CC[C@H](O)[C@@H](C)[C@@H]1CC3)C(C)C	1.0
C=C(CC[C@@H](C)[C@H]1CC[C@H]2C3=CC=C4C[C@@H](O)CC[C@]4(C)[C@H]3CC[C@]12C)C(C)C.Nc1ncnc2c1ncn2[C@@H]1O[C@H](CSCC[C@H]([NH3+])C(=O)[O-])[C@@H](O)[C@H]1O.[H+]>>C[S+](CC[C@H]([NH3+])C(=O)[O-])C[C@H]1O[C@@H](n2cnc3c(N)ncnc32)[C@H](O)[C@@H]1O.CC(C)=CCC[C@@H](C)[C@H]1CC[C@H]2C3=CC=C4C[C@@H](O)CC[C@]4(C)[C@H]3CC[C@]12C	1.0
C=C(OP(=O)(O)O)C(=O)O.O=CC(O)CO>>O=CC(O)COP(=O)(O)O.CC(=O)C(=O)O	0.5476190447807312
C=C(OP(=O)([O-])[O-])C(=O)[O-].O=P([O-])([O-])O.O=C=O>>O=P([O-])([O-])OP(=O)([O-])O.O=C([O-])CC(=O)C(=O)[O-]	1.0
C=C/C(C)=C/C/C=C(\C)CC/C=C(\C)CCC=C(C)C.O=P([O-])([O-])OP(=O)([O-])O>>CC(C)=CCC/C(C)=C/CC/C(C)=C/CC/C(C)=C/COP(=O)([O-])OP(=O)([O-])[O-]	1.0
C=C1/C(=C\C=C2/CCC[C@]3(C)[C@@H]([C@H](C)CCC(=O)C(C)(C)O)CC[C@@H]23)C[C@@H](O)C[C@@H]1O.[Fe+3].[Fe+3].[S-2].[S-2].O>>C=C1CC[C@H](O)C/C1=C/C=C1\CCC[C@]2(C)[C@@H]([C@H](C)CCC(=O)C(C)(C)O)CC[C@@H]12.[Fe+2].[Fe+3].[S-2].[S-2].[H+].O=O	1.0
C=C1C(=O)C(C)=CC(C(C)=O)=C1O.O>>CC(=O)c1cc(C)c(O)c(CO)c1O	1.0
C=C1CCCC(C)(C)[C@]12CC=C(C)CC2.O=P([O-])([O-])OP(=O)([O-])O>>CC(C)=CCC/C(C)=C/CC/C(C)=C/COP(=O)([O-])OP(=O)([O-])[O-]	1.0
C=C1CC[C@@H]2C(C)(C)CCC[C@@]2(C)[C@@H]1CC/C(C)=C/COP(=O)([O-])OP(=O)([O-])[O-]>>CC1(C)CCC[C@]2(C)[C@@H]1CC[C@@]13CC4[C@@H](C[C@H]12)C4(C)C3.O=P([O-])([O-])OP(=O)([O-])O	1.0
C=C1CC[C@H]2C[C@@H]1[C@]2(C)CCC=C(C)C.O=P([O-])([O-])OP(=O)([O-])O>>CC(C)=CCC/C(C)=C/CC/C(C)=C/COP(=O)([O-])OP(=O)([O-])[O-]	1.0
C=C1C[C@@]23CC[C@H]4[C@@](C)(CCC[C@@]4(C)C(=O)O)[C@@H]2CC[C@]1(O[C@@H]1O[C@H](CO)[C@@H](O)[C@H](O)[C@H]1O)C3.O=c1ccn(C2OC(COP(=O)(O)OP(=O)(O)OC3OC(CO)C(O)C(O)C3O)C(O)C2O)c(=O)[nH]1>>C=C1C[C@@]23CC[C@H]4[C@@](C)(CCC[C@@]4(C)C(=O)O[C@@H]4O[C@H](CO)[C@@H](O)[C@H](O)[C@H]4O)[C@@H]2CC[C@]1(O[C@@H]1O[C@H](CO)[C@@H](O)[C@H](O)[C@H]1O)C3.O=c1ccn(C2OC(COP(=O)(O)OP(=O)(O)O)C(O)C2O)c(=O)[nH]1	0.5714285969734192
C=C1C[C@]23C[C@H]1CC[C@H]2[C@@]12CC[C@H](O)[C@@](C)(C(=O)O1)[C@H]2[C@@H]3C(=O)OC.Nc1ncnc2c1ncn2[C@@H]1O[C@H](CSCC[C@H]([NH3+])C(=O)[O-])[C@@H](O)[C@H]1O>>C=C1C[C@]23C[C@H]1CC[C@H]2[C@@]12CC[C@H](O)[C@@](C)(C(=O)O1)[C@H]2[C@@H]3C(=O)[O-].C[S+](CC[C@H]([NH3+])C(=O)[O-])C[C@H]1O[C@@H](n2cnc3c(N)ncnc32)[C@H](O)[C@@H]1O	1.0
C=C1C[C@]23C[C@H]1CC[C@H]2[C@]1(C)CCC[C@@](C)(C(=O)[O-])[C@H]1[C@@H]3C(=O)[O-].O=C([O-])CCC(=O)C(=O)[O-].O=O>>C=C1C[C@]23C[C@H]1CC[C@H]2[C@]1(C(=O)[O-])CCC[C@@](C)(C(=O)[O-])[C@H]1[C@@H]3C(=O)[O-].O=C([O-])CCC(=O)[O-].O=C=O.[H+].O	1.0
C=C1[C@H]2CC[C@@H]3[C@H]2[C@H](C(C)C)CC[C@]13C.O=P([O-])([O-])OP(=O)([O-])O>>CC(C)=CCC/C(C)=C/CC/C(C)=C/COP(=O)([O-])OP(=O)([O-])[O-]	1.0
C=CC(=O)[O-].[NH4+]>>C=CC(N)=O.O	1.0
C=CC(O)C#CC#CC(O)C=CCCCCCCC.Cc1ncc(CO)c(C=O)c1O.Cl>>CO[C@@H]1[C@@H](O)[C@H](C)O[C@H](OP(=O)(O)OP(=O)(O)OC[C@H]2O[C@@H](n3cc(C)c(=O)[nH]c3=O)C[C@@H]2O)[C@@H]1O.C=C1C(=CC=C2CCCC3(C)C2CCC3C(C)CCCC(O)(C(F)(F)F)C(F)(F)F)CC(O)CC1O	0.5598591566085815
C=CC(O)C#CC#CC(O)C=CCCCCCCC.ClCC(Cl)c1ccccc1>>C=C1C(=CC=C2CCCC3(C)C2CCC3C(C)CCCC(O)(C(F)(F)F)C(F)(F)F)CC(O)CC1O.CC(=O)NC[C@H]1NCCc2ccc(C)c(C)c21	0.6071428656578064
C=CC/C([S-])=N/OS(=O)(=O)[O-]>>O=S(=O)([O-])[O-].N#CCC1CS1	1.0
C=CC1=C(C)C2=CC3=NC(=CC4=NC(=CC5=NC(=CC1=N2)C(C)=C5C=C)C(C)=C4CCC(=O)[O-])C(CCC(=O)[O-])=C3C.[Fe+2]>>C=CC1=C(C)c2cc3[n-]c(cc4nc(cc5[n-]c(cc1n2)c(C)c5CCC(=O)[O-])C(CCC(=O)[O-])=C4C)c(C)c3C=C.[Fe+2].[H+]	1.0
C=CCSc1nc2sc3c(c2c(=O)n1-c1ccc(C)cc1)CCC3.C=CC(O)C#CC#CC(O)C=CCCCCCCC>>C=C1C(=CC=C2CCCC3(C)C2CCC3C(C)CCCC(O)(C(F)(F)F)C(F)(F)F)CC(O)CC1O.O=C(C=Cc1ccccc1)NC(N=C(S)Nc1cccc(O)c1)C(Cl)(Cl)Cl	0.4433497488498688
C=COC(=O)CC.O>>CCC(=O)O.CCO	0.8260869383811951
C=C[C@H](O)C/C(=N/OS(=O)(=O)[O-])S[C@@H]1O[C@H](CO)[C@@H](O)[C@H](O)[C@H]1O.O>>OC[C@H]1OC(O)[C@H](O)[C@@H](O)[C@@H]1O.C=C[C@H](O)C/C([S-])=N/OS(=O)(=O)[O-].[H+]	1.0
C=C[C@H](O)C/C(=N/OS(=O)(=O)[O-])S[C@@H]1O[C@H](CO)[C@@H](O)[C@H](O)[C@H]1O.[H].O>>C=CCC/C(=N/OS(=O)(=O)[O-])S[C@@H]1O[C@H](CO)[C@@H](O)[C@H](O)[C@H]1O.[H].[H].O=O	1.0
C=C[C@]1(C)CC[C@@H](C(=C)C)C[C@H]1C(=C)C.O=P([O-])([O-])OP(=O)([O-])O>>CC(C)=CCC/C(C)=C/CC/C(C)=C/COP(=O)([O-])OP(=O)([O-])[O-]	1.0
C=Cc1c(C)c2cc3nc(c4c5[n-]c(cc6nc(cc1[n-]2)C(C)=C6CC)c(C)c5C(=O)[C-]4C(=O)OC)C(CCC(=O)[O-])=C3C.[Mg+2].[Fe+2].[Fe+3].[S-2].[S-2].[H+].O=O>>C=Cc1c(C)c2cc3nc(c4c5[n-]c(cc6nc(cc1[n-]2)C(C=O)=C6CC)c(C)c5C(=O)C4C(=O)OC)C(CCC(=O)[O-])=C3C.[Mg+2].[Fe+3].[Fe+3].[S-2].[S-2].O	1.0
C=NC(C(=O)NC1C(=O)N2C1SC(C)(C)C2C(=O)[O-])c1ccccc1.CC(C)=CCCC(C)=CCCC(C)=CCSCC(=O)O>>N[C@@H]1[C@@H](O)[C@@H](O[C@@H]2[C@@H](O)[C@H](O[C@H]3O[C@H](C=O)[C@@H](O)[C@H](O)[C@H]3N)[C@@H](N)C[C@H]2N)O[C@H](CO)[C@H]1O.CC(C)=CCCC(C)=CCCC(C)=CCO	0.220095694065094
CC(/C=C/C=C(C)/C=C/C=C(\C)CCCC(C)(C)O)=C\C=C\C=C(C)\C=C\C=C(/C)CC/C=C(\C)CCCC(C)(C)O.[H]>>CC(/C=C/C=C(C)/C=C/C=C(C)/C=C/CC(C)(C)O)=C\C=C\C=C(C)\C=C\C=C(/C)CC/C=C(\C)CCCC(C)(C)O.[H].[H]	1.0
CC(/C=N/O)c1ccccc1>>CC(C#N)c1ccccc1.O	0.28125
CC(=O)C(=O)O.NCCCC(=O)O>>CC(N)C(=O)O.O=CCCC(=O)O	0.5116279125213623
CC(=O)CC/C=C(/C)CC/C=C(/C)CCC=O.CC=C(C)C>>CC=C(C)C.O=O	1.0
CC(=O)NC(=O)C[C@H](N)C(=O)O.O>>NC(=O)CC(N)C(=O)O.CC(=O)O	0.5245901346206665
CC(=O)NC(CC(=O)O)C(=O)NC(CCC(=O)O)C(=O)NC(C(=O)NC(CC(=O)O)C(=O)Nc1ccc([N+](=O)[O-])cc1)C(C)C.C#CC1(OC(C)=O)CCC2C3CCC4=CC(OC(C)=O)CCC4C3CCC21C>>Nc1ncnc2c1ncn2[C@@H]1O[C@H](COP(=O)(O)OP(=O)(O)O)[C@@H](O)[C@H]1O.NS(=O)(=O)c1cc2c(cc1C(F)(F)F)NCNS2(=O)=O	0.5227272510528564
CC(=O)NCCCCCCNC(C)=O.O=O>>CN1CCN=C1c1cccc(Oc2nc(Oc3cc(C(=N)N)ccc3O)c(F)c(N(C)CC(=O)O)c2F)c1.CC1C(OC(=O)C(O)c2ccccc2)CCC(C)(C)N1C	0.4970414340496063
CC(=O)NCCc1ccccc1.O>>[NH3+]CCc1ccccc1.CC(=O)[O-]	1.0
CC(=O)N[C@@H](C(=O)[O-])[C@@H](O)[C@@H](O)[C@H](O)CO.[H+]>>CC(=O)N[C@H]1C(=O)O[C@H](CO)[C@H](O)[C@@H]1O.O	1.0
CC(=O)N[C@@H](CC(=O)[O-])C(=O)N[C@@H](CCC(=O)[O-])C(=O)[O-].O>>CC(=O)N[C@@H](CC(=O)[O-])C(=O)[O-].[NH3+][C@@H](CCC(=O)[O-])C(=O)[O-]	1.0
CC(=O)N[C@@H]1[C@@H](O)[C@H](O[C@@H]2O[C@H](CO)[C@@H](O)[C@H](O)[C@H]2NC(C)=O)[C@@H](CO)O[C@H]1NC(=O)C[C@H](N)C=O.CC(C)=CCC/C(C)=C/CC/C(C)=C/CC/C(C)=C\CCC(C)CCOP(=O)([O-])OP(=O)([O-])[O-].[H+]>>CC(=O)N[C@H]1[C@@H](OP(=O)([O-])OP(=O)([O-])OCCC(C)CC/C=C(/C)CC/C=C(\C)CC/C=C(\C)CCC=C(C)C)O[C@H](CO)[C@@H](O[C@@H]2O[C@H](CO)[C@@H](O)[C@H](O)[C@H]2NC(C)=O)[C@@H]1O.NC(=O)C[C@H](N)C=O	1.0
CC(=O)N[C@@H]1[C@@H](O)[C@H](O[C@@H]2O[C@H](CO[C@H]3O[C@H](CO)[C@@H](O)[C@H](O)[C@@H]3O[C@@H]3O[C@H](CO)[C@@H](O)[C@H](O)[C@H]3NC(C)=O)[C@@H](O)[C@H](O[C@H]3O[C@H](CO)[C@@H](O)[C@H](O)[C@@H]3O[C@@H]3O[C@H](CO)[C@@H](O)[C@H](O)[C@H]3NC(C)=O)[C@@H]2O)[C@@H](CO)O[C@H]1O.CC(=O)N[C@@H]1[C@@H](O)[C@H](O)[C@@H](CO[C@@H]2O[C@@H](C)[C@@H](O)[C@@H](O)[C@@H]2O)O[C@H]1NC(=O)C[C@H](N)C=O>>CC(=O)N[C@@H]1[C@@H](O)[C@H](O[C@@H]2O[C@H](CO)[C@@H](O[C@@H]3O[C@H](CO[C@H]4O[C@H](CO)[C@@H](O)[C@H](O)[C@@H]4O[C@@H]4O[C@H](CO)[C@@H](O)[C@H](O)[C@H]4NC(C)=O)[C@@H](O)[C@H](O[C@H]4O[C@H](CO)[C@@H](O)[C@H](O)[C@@H]4O[C@@H]4O[C@H](CO)[C@@H](O)[C@H](O)[C@H]4NC(C)=O)[C@@H]3O)[C@H](O)[C@H]2NC(C)=O)[C@@H](CO[C@@H]2O[C@@H](C)[C@@H](O)[C@@H](O)[C@@H]2O)O[C@H]1NC(=O)C[C@H](N)C=O.O	1.0
CC(=O)N[C@@H]1[C@@H](O[C@@H]2O[C@@H](C(=O)[O-])[C@@H](O)[C@H](O)[C@H]2O)[C@@H](OS(=O)(=O)[O-])[C@@H](COS(=O)(=O)[O-])O[C@H]1O.Nc1ncnc2c1ncn2[C@@H]1O[C@H](COP(=O)([O-])[O-])[C@@H](OP(=O)([O-])[O-])[C@H]1O.[H+]>>CC(=O)N[C@@H]1[C@@H](O[C@@H]2O[C@@H](C(=O)[O-])[C@@H](O)[C@H](O)[C@H]2O)[C@@H](OS(=O)(=O)[O-])[C@@H](CO)O[C@H]1O.Nc1ncnc2c1ncn2[C@@H]1O[C@H](COP(=O)([O-])OS(=O)(=O)[O-])[C@@H](OP(=O)([O-])[O-])[C@H]1O	1.0
CC(=O)N[C@H](Cc1ccccc1)C(=O)[O-]>>CC(=O)N[C@@H](Cc1ccccc1)C(=O)[O-]	1.0
CC(=O)N[C@H]1C(=O)O[C@H](CO)[C@H](O)[C@@H]1O.OO>>CC(=O)N[C@H]1C(O)O[C@H](CO)[C@H](O)[C@@H]1O.O=O	1.0
CC(=O)N[C@H]1[C@@H](OC[C@H](N)C=O)O[C@H](CO)[C@H](O)[C@@H]1O[C@@H]1O[C@H](CO)[C@H](O)[C@H](O)[C@H]1O.Nc1ncnc2c1ncn2[C@@H]1O[C@H](COP(=O)([O-])OS(=O)(=O)[O-])[C@@H](OP(=O)([O-])[O-])[C@H]1O>>CC(=O)N[C@H]1[C@@H](OC[C@H](N)C=O)O[C@H](CO)[C@H](O)[C@@H]1O[C@@H]1O[C@H](CO)[C@H](O)[C@H](OS(=O)(=O)[O-])[C@H]1O.Nc1ncnc2c1ncn2[C@@H]1O[C@H](COP(=O)([O-])[O-])[C@@H](OP(=O)([O-])[O-])[C@H]1O.[H+]	1.0
CC(=O)N[C@H]1[C@H](O)[C@H](NC(C)=O)[C@@H](O)O[C@@H]1C.C=C(OP(=O)([O-])[O-])C(=O)[O-].O>>CC(=O)N[C@@H]([C@@H]1O[C@](O)(C(=O)[O-])C[C@H](O)[C@H]1NC(C)=O)[C@@H](C)O.O=P([O-])([O-])O	1.0
CC(=O)N[C@H]1[C@H](O[C@@H]2[C@H](O)[C@@H](O)[C@H](O[C@H]3[C@H](O)[C@@H](O)[C@H](OC[C@@H](CO)NC=O)O[C@@H]3CO)O[C@@H]2CO)O[C@H](CO)[C@H](O)[C@@H]1O.CC(=O)N[C@H]1[C@H]([C@H](O)[C@H](O)CO)OC(O)(C(=O)[O-])C[C@@H]1O>>CC(=O)N[C@H]1[C@H](O[C@@H]2[C@H](O[C@]3(C(=O)[O-])C[C@H](O)[C@@H](NC(C)=O)[C@H]([C@H](O)[C@H](O)CO)O3)[C@@H](O)[C@H](O[C@H]3[C@H](O)[C@@H](O)[C@H](OC[C@@H](CO)NC=O)O[C@@H]3CO)O[C@@H]2CO)O[C@H](CO)[C@H](O)[C@@H]1O.O	1.0
CC(=O)N[C@H]1[C@H](O[C@@H]2[C@H](O[C@]3(C(=O)[O-])C[C@H](O)[C@@H](NC(C)=O)[C@H]([C@H](O)[C@@H](CO)O[C@]4(C(=O)[O-])C[C@H](O)[C@@H](NC(C)=O)[C@H]([C@H](O)[C@H](O)CO)O4)O3)[C@@H](O)[C@H](O[C@H]3[C@H](O)[C@@H](O)[C@H](OC[C@@H](CO)NC=O)O[C@@H]3CO)O[C@@H]2CO)O[C@H](CO)[C@H](O)[C@@H]1O.CC(=O)SCCNC(=O)CCNC(=O)[C@H](O)C(C)(C)COP(=O)([O-])OP(=O)([O-])OC[C@H]1O[C@@H](n2cnc3c(N)ncnc32)[C@H](O)[C@@H]1OP(=O)([O-])[O-]>>CC(=O)N[C@H]1[C@H](O[C@@H]2[C@H](O[C@]3(C(=O)[O-])C[C@H](O)[C@@H](NC(C)=O)[C@H]([C@H](O)[C@@H](CO)O[C@]4(C(=O)[O-])C[C@H](O)[C@@H](NC(C)=O)[C@H]([C@H](OC(C)=O)[C@H](O)CO)O4)O3)[C@@H](O)[C@H](O[C@H]3[C@H](O)[C@@H](O)[C@H](OC[C@@H](CO)NC=O)O[C@@H]3CO)O[C@@H]2CO)O[C@H](CO)[C@H](O)[C@@H]1O.CC(C)(COP(=O)([O-])OP(=O)([O-])OC[C@H]1O[C@@H](n2cnc3c(N)ncnc32)[C@H](O)[C@@H]1OP(=O)([O-])[O-])[C@@H](O)C(=O)NCCC(=O)NCCS	1.0
CC(=O)N[C@H]1[C@H](O[C@@H]2[C@H](O[C@]3(C(=O)[O-])C[C@H](O)[C@@H](NC(C)=O)[C@H]([C@H](O)[C@H](O)CO)O3)[C@@H](O)[C@H](O[C@H]3[C@H](O)[C@@H](O)[C@H](OC[C@@H](CO)NC=O)O[C@@H]3CO)O[C@@H]2CO)O[C@H](CO)[C@H](O)[C@@H]1O[C@@H]1O[C@H](CO)[C@H](O)[C@H](O[C@]2(C(=O)[O-])C[C@H](O)[C@@H](NC(C)=O)[C@H]([C@H](O)[C@@H](CO)O[C@]3(C(=O)[O-])C[C@H](O)[C@@H](NC(C)=O)[C@H]([C@H](O)[C@H](O)CO)O3)O2)[C@H]1O.Nc1ccn([C@@H]2O[C@H](COP(=O)([O-])[O-])[C@@H](O)[C@H]2O)c(=O)n1.[H+]>>CC(=O)N[C@H]1[C@H](O[C@@H]2[C@H](O[C@]3(C(=O)[O-])C[C@H](O)[C@@H](NC(C)=O)[C@H]([C@H](O)[C@H](O)CO)O3)[C@@H](O)[C@H](O[C@H]3[C@H](O)[C@@H](O)[C@H](OC[C@@H](CO)NC=O)O[C@@H]3CO)O[C@@H]2CO)O[C@H](CO)[C@H](O)[C@@H]1O[C@@H]1O[C@H](CO)[C@H](O)[C@H](O[C@]2(C(=O)[O-])C[C@H](O)[C@@H](NC(C)=O)[C@H]([C@H](O)[C@H](O)CO)O2)[C@H]1O.CC(=O)N[C@H]1[C@H]([C@H](O)[C@H](O)CO)O[C@](OP(=O)([O-])OC[C@H]2O[C@@H](n3ccc(N)nc3=O)[C@H](O)[C@@H]2O)(C(=O)[O-])C[C@@H]1O	1.0
CC(=O)N[C@H]1[C@H](O[C@@H]2[C@H](O[C@]3(C(=O)[O-])C[C@H](O)[C@@H](NC(C)=O)[C@H]([C@H](O)[C@H](O)CO)O3)[C@@H](O)[C@H](O[C@H]3[C@H](O)[C@@H](O)[C@H](OC[C@@H](CO)NC=O)O[C@@H]3CO)O[C@@H]2CO)O[C@H](CO[C@]2(C(=O)[O-])C[C@H](O)[C@@H](NC(C)=O)[C@H]([C@H](O)[C@H](O)CO)O2)[C@H](O)[C@@H]1O[C@@H]1O[C@H](CO)[C@H](O)[C@H](O[C@]2(C(=O)[O-])C[C@H](O)[C@@H](NC(C)=O)[C@H]([C@H](O)[C@H](O)CO)O2)[C@H]1O.CC(=O)N[C@H]1[C@H]([C@H](O)[C@H](O)CO)O[C@](OP(=O)([O-])OC[C@H]2O[C@@H](n3ccc(N)nc3=O)[C@H](O)[C@@H]2O)(C(=O)[O-])C[C@@H]1O>>CC(=O)N[C@H]1[C@H](O[C@@H]2[C@H](O[C@]3(C(=O)[O-])C[C@H](O)[C@@H](NC(C)=O)[C@H]([C@H](O)[C@@H](CO)O[C@]4(C(=O)[O-])C[C@H](O)[C@@H](NC(C)=O)[C@H]([C@H](O)[C@H](O)CO)O4)O3)[C@@H](O)[C@H](O[C@H]3[C@H](O)[C@@H](O)[C@H](OC[C@@H](CO)NC=O)O[C@@H]3CO)O[C@@H]2CO)O[C@H](CO[C@]2(C(=O)[O-])C[C@H](O)[C@@H](NC(C)=O)[C@H]([C@H](O)[C@H](O)CO)O2)[C@H](O)[C@@H]1O[C@@H]1O[C@H](CO)[C@H](O)[C@H](O[C@]2(C(=O)[O-])C[C@H](O)[C@@H](NC(C)=O)[C@H]([C@H](O)[C@H](O)CO)O2)[C@H]1O.Nc1ccn([C@@H]2O[C@H](COP(=O)([O-])[O-])[C@@H](O)[C@H]2O)c(=O)n1.[H+]	1.0
CC(=O)N[C@H]1[C@H](O[C@H]2[C@H](O)[C@@H](NC(C)=O)[C@@H](OP(=O)([O-])OP(=O)([O-])OCCC(C)CC/C=C(/C)CC/C=C(\C)CC/C=C(\C)CCC=C(C)C)O[C@@H]2CO)O[C@H](CO)[C@@H](O[C@@H]2O[C@H](CO[C@H]3O[C@H](CO[C@H]4O[C@H](CO)[C@@H](O)[C@H](O)[C@@H]4O[C@H]4O[C@H](CO)[C@@H](O)[C@H](O)[C@@H]4O)[C@@H](O)[C@H](O[C@H]4O[C@H](CO)[C@@H](O)[C@H](O)[C@@H]4O[C@H]4O[C@H](CO)[C@@H](O)[C@H](O)[C@@H]4O)[C@@H]3O)[C@@H](O)[C@H](O[C@H]3O[C@H](CO)[C@@H](O)[C@H](O)[C@@H]3O[C@H]3O[C@H](CO)[C@@H](O)[C@H](O)[C@@H]3O[C@H]3O[C@H](CO)[C@@H](O)[C@H](O)[C@@H]3O)[C@@H]2O)[C@@H]1O.CC(C)=CCC/C(C)=C/CC/C(C)=C/CC/C(C)=C\CCC(C)CCOP(=O)([O-])[O-].[H+]>>CC(=O)N[C@H]1[C@H](O[C@H]2[C@H](O)[C@@H](NC(C)=O)[C@@H](OP(=O)([O-])OP(=O)([O-])OCCC(C)CC/C=C(/C)CC/C=C(\C)CC/C=C(\C)CCC=C(C)C)O[C@@H]2CO)O[C@H](CO)[C@@H](O[C@@H]2O[C@H](CO[C@H]3O[C@H](CO[C@H]4O[C@H](CO)[C@@H](O)[C@H](O)[C@@H]4O)[C@@H](O)[C@H](O[C@H]4O[C@H](CO)[C@@H](O)[C@H](O)[C@@H]4O[C@H]4O[C@H](CO)[C@@H](O)[C@H](O)[C@@H]4O)[C@@H]3O)[C@@H](O)[C@H](O[C@H]3O[C@H](CO)[C@@H](O)[C@H](O)[C@@H]3O[C@H]3O[C@H](CO)[C@@H](O)[C@H](O)[C@@H]3O[C@H]3O[C@H](CO)[C@@H](O)[C@H](O)[C@@H]3O)[C@@H]2O)[C@@H]1O.CC(C)=CCC/C(C)=C/CC/C(C)=C/CC/C(C)=C\CCC(C)CCOP(=O)([O-])O[C@@H]1O[C@H](CO)[C@@H](O)[C@H](O)[C@@H]1O	1.0
CC(=O)N[C@H]1[C@H](O[C@H]2[C@H](O)[C@@H](NC(C)=O)[C@@H](OP(=O)([O-])OP(=O)([O-])OCCC(C)CC/C=C(/C)CC/C=C(\C)CC/C=C(\C)CCC=C(C)C)O[C@@H]2CO)O[C@H](CO)[C@@H](O[C@@H]2O[C@H](CO[C@H]3O[C@H](CO[C@H]4O[C@H](CO)[C@@H](O)[C@H](O)[C@@H]4O[C@H]4O[C@H](CO)[C@@H](O)[C@H](O)[C@@H]4O)[C@@H](O)[C@H](O[C@H]4O[C@H](CO)[C@@H](O)[C@H](O)[C@@H]4O[C@H]4O[C@H](CO)[C@@H](O)[C@H](O)[C@@H]4O)[C@@H]3O)[C@@H](O)[C@H](O[C@H]3O[C@H](CO)[C@@H](O)[C@H](O)[C@@H]3O[C@H]3O[C@H](CO)[C@@H](O)[C@H](O)[C@@H]3O[C@H]3O[C@H](CO)[C@@H](O)[C@H](O[C@H]4O[C@H](CO)[C@@H](O)[C@H](O[C@H]5O[C@H](CO)[C@@H](O)[C@H](O)[C@H]5O)[C@H]4O)[C@@H]3O)[C@@H]2O)[C@@H]1O.CC(C)=CCC/C(C)=C/CC/C(C)=C/CC/C(C)=C\CCC(C)CCOP(=O)([O-])O[C@@H]1O[C@H](CO)[C@@H](O)[C@H](O)[C@H]1O>>CC(=O)N[C@H]1[C@H](O[C@H]2[C@H](O)[C@@H](NC(C)=O)[C@@H](OP(=O)([O-])OP(=O)([O-])OCCC(C)CC/C=C(/C)CC/C=C(\C)CC/C=C(\C)CCC=C(C)C)O[C@@H]2CO)O[C@H](CO)[C@@H](O[C@@H]2O[C@H](CO[C@H]3O[C@H](CO[C@H]4O[C@H](CO)[C@@H](O)[C@H](O)[C@@H]4O[C@H]4O[C@H](CO)[C@@H](O)[C@H](O)[C@@H]4O)[C@@H](O)[C@H](O[C@H]4O[C@H](CO)[C@@H](O)[C@H](O)[C@@H]4O[C@H]4O[C@H](CO)[C@@H](O)[C@H](O)[C@@H]4O)[C@@H]3O)[C@@H](O)[C@H](O[C@H]3O[C@H](CO)[C@@H](O)[C@H](O)[C@@H]3O[C@H]3O[C@H](CO)[C@@H](O)[C@H](O)[C@@H]3O[C@H]3O[C@H](CO)[C@@H](O)[C@H](O[C@H]4O[C@H](CO)[C@@H](O)[C@H](O[C@H]5O[C@H](CO)[C@@H](O)[C@H](O)[C@H]5O[C@H]5O[C@H](CO)[C@@H](O)[C@H](O)[C@H]5O)[C@H]4O)[C@@H]3O)[C@@H]2O)[C@@H]1O.CC(C)=CCC/C(C)=C/CC/C(C)=C/CC/C(C)=C\CCC(C)CCOP(=O)([O-])[O-].[H+]	1.0
CC(=O)N[C@H]1[C@H](O[C@H]2[C@H](O[C@H](C)C(=O)N[C@@H](C)C(=O)N[C@H](CCC(=O)N[C@@H](CCCC[NH3+])C(=O)N[C@H](C)C(=O)N[C@H](C)C(=O)[O-])C(=O)OP(=O)([O-])[O-])[C@@H](NC(C)=O)[C@@H](OP(=O)([O-])OP(=O)([O-])OC/C=C(/C)CC/C=C(/C)CC/C=C(/C)CC/C=C(/C)CC/C=C(/C)CC/C=C(/C)CC/C=C(/C)CC/C=C(/C)CC/C=C(\C)CC/C=C(\C)CCC=C(C)C)O[C@@H]2CO)O[C@H](CO)[C@@H](O)[C@@H]1O.Nc1ncnc2c1ncn2[C@@H]1O[C@H](COP(=O)([O-])OP(=O)([O-])[O-])[C@@H](O)[C@H]1O>>CC(=O)N[C@H]1[C@H](O[C@H]2[C@H](O[C@H](C)C(=O)N[C@@H](C)C(=O)N[C@H](CCC(=O)N[C@@H](CCCC[NH3+])C(=O)N[C@H](C)C(=O)N[C@H](C)C(=O)[O-])C(=O)[O-])[C@@H](NC(C)=O)[C@@H](OP(=O)([O-])OP(=O)([O-])OC/C=C(/C)CC/C=C(/C)CC/C=C(/C)CC/C=C(/C)CC/C=C(/C)CC/C=C(/C)CC/C=C(/C)CC/C=C(/C)CC/C=C(\C)CC/C=C(\C)CCC=C(C)C)O[C@@H]2CO)O[C@H](CO)[C@@H](O)[C@@H]1O.Nc1ncnc2c1ncn2[C@@H]1O[C@H](COP(=O)([O-])OP(=O)([O-])OP(=O)([O-])[O-])[C@@H](O)[C@H]1O	1.0
CC(=O)N[C@H]1[C@H]([C@H](O)[C@H](O)CO)OC(O)(C(=O)[O-])C[C@@H]1O.CC(=O)[O-].[H+]>>CC(=O)N[C@H]1[C@H]([C@H](O)[C@H](O)CO)OC(O)(C(=O)[O-])C[C@@H]1OC(C)=O.O	1.0
CC(=O)N[C@H]1[C@H]([C@H](O)[C@H](O)CO)O[C@](OP(=O)([O-])OC[C@H]2O[C@@H](n3ccc(N)nc3=O)[C@H](O)[C@@H]2O)(C(=O)[O-])C[C@@H]1O.O=CN[C@H](CO)CO[C@@H]1O[C@H](CO)[C@@H](O[C@@H]2O[C@H](CO)[C@H](O)[C@H](O)[C@H]2O)[C@H](O)[C@H]1O>>CC(=O)N[C@H]1[C@H]([C@H](O)[C@H](O)CO)O[C@@](O[C@H]2[C@@H](O)[C@@H](CO)O[C@@H](O[C@H]3[C@H](O)[C@@H](O)[C@H](OC[C@@H](CO)NC=O)O[C@@H]3CO)[C@@H]2O)(C(=O)[O-])C[C@@H]1O.Nc1ccn([C@@H]2O[C@H](COP(=O)([O-])[O-])[C@@H](O)[C@H]2O)c(=O)n1.[H+]	1.0
CC(=O)Nc1ccc(OCC(O)CNC(C)C)cc1.NC(=O)OCC(COC(N)=O)c1ccccc1>>C[C@@H]1O[C@@H](Oc2c(-c3ccc(O)c(O)c3)oc3cc(O[C@@H]4O[C@H](CO)[C@@H](O)[C@H](O)[C@H]4O)cc(O)c3c2=O)[C@H](O)[C@H](O)[C@H]1O.CCCCC=CC=CCC(=O)OC12CC(C)C3(O)C(C=C(CO)CC4(O)C(=O)C(C)=CC43)C1C2(C)C	0.6023622155189514
CC(=O)OCC1=C(C(=O)O)N2C(=O)[C@@H](NC(=O)CCCC(=O)C(=O)O)[C@H]2SC1.CC(O)C1C(=O)N2C(C(=O)O)=C(C3CCCO3)SC12>>CCN(CC)C(=O)c1cccc(NC(=O)c2ccc(C)cc2C)c1.CCOc1ccc2c3c1OC1C(O)C=CC4C(C2)N(C)CCC341.CC1C(OC(=O)C(O)c2ccccc2)CCC(C)(C)N1C	0.5069929957389832
CC(=O)OCOC(c1ccc2ccccc2c1)P(=O)(OCOC(C)=O)OCOC(C)=O.Nc1cccc2ccc(S(=O)(=O)O)cc12>>Nc1nc2c(ncn2[C@@H]2O[C@H](COP(=O)(O)OP(=O)(O)O)[C@@H](O)[C@H]2O)c(=O)[nH]1.Cc1ccc(O)cc1N(C)C	0.551886796951294
CC(=O)ONc1ccc(-c2ccccc2)cc1>>CC(=O)N(O)c1ccc(-c2ccccc2)cc1	1.0
CC(=O)O[C@@H]1[C@@H](O)[C@H](O[C@@H]2O[C@H](CO)[C@@H](O[C@@H]3O[C@H](C(=O)[O-])[C@@H](O[C@@H]4O[C@H](C(=O)[O-])[C@@H](O)[C@H](O)[C@H]4O)[C@H](O)[C@H]3OC(C)=O)[C@H](O)[C@H]2O)[C@@H](CO[C@@H]2O[C@H](CO)[C@@H](O[C@@H]3O[C@H](CO)[C@@H](O[C@@H]4O[C@@H]5CO[C@](C)(C(=O)[O-])O[C@H]5[C@H](O[C@@H]5O[C@@H]6CO[C@@](C)(C(=O)[O-])O[C@@H]6[C@H](OC(=O)CC(C)O)[C@H]5O)[C@H]4O)[C@H](O)[C@H]3O)[C@H](O)[C@H]2O)O[C@@H]1O.O=P([O-])([O-])O>>CC(=O)O[C@@H]1[C@@H](O)[C@H](O[C@@H]2O[C@H](CO)[C@@H](O[C@@H]3O[C@H](C(=O)[O-])[C@@H](O[C@@H]4O[C@H](C(=O)[O-])[C@@H](O)[C@H](O)[C@H]4O)[C@H](O)[C@H]3OC(C)=O)[C@H](O)[C@H]2O)[C@@H](CO[C@@H]2O[C@H](CO)[C@@H](O[C@@H]3O[C@H](CO)[C@@H](O[C@@H]4O[C@H](CO)[C@@H](O)[C@H](O[C@@H]5O[C@@H]6CO[C@@](C)(C(=O)[O-])O[C@@H]6[C@H](OC(=O)CC(C)O)[C@H]5O)[C@H]4O)[C@H](O)[C@H]3O)[C@H](O)[C@H]2O)O[C@@H]1O.C=C(OP(=O)([O-])[O-])C(=O)[O-]	1.0
CC(=O)O[C@H]1CC[C@H]2[C@@H]3CCC4=CC(=O)CC[C@]4(C)[C@H]3CC[C@]12C.[H].O>>CC(=O)[C@H]1CC[C@H]2[C@@H]3CCC4=CC(=O)CC[C@]4(C)[C@H]3CC[C@]12C.[H].[H].O=O	1.0
CC(=O)SCCNC(=O)CCNC(=O)[C@H](O)C(C)(C)COP(=O)([O-])OP(=O)([O-])OC[C@H]1O[C@@H](n2cnc3c(N)ncnc32)[C@H](O)[C@@H]1OP(=O)([O-])[O-].CC(C)(COP(=O)([O-])OC[C@H](N)C=O)[C@@H](O)C(=O)NCCC(=O)NCCS>>CC(C)(COP(=O)([O-])OP(=O)([O-])OC[C@H]1O[C@@H](n2cnc3c(N)ncnc32)[C@H](O)[C@@H]1OP(=O)([O-])[O-])[C@@H](O)C(=O)NCCC(=O)NCCS.CC(=O)SCCNC(=O)CCNC(=O)[C@H](O)C(C)(C)COP(=O)([O-])OC[C@H](N)C=O	1.0
CC(=O)SCCNC(=O)CCNC(=O)[C@H](O)C(C)(C)COP(=O)([O-])OP(=O)([O-])OC[C@H]1O[C@@H](n2cnc3c(N)ncnc32)[C@H](O)[C@@H]1OP(=O)([O-])[O-].NC(=O)C[C@H](N)C(=O)O[C@H]1[C@@H](O)[C@H](n2cnc3c(N)ncnc32)O[C@@H]1CO[PH](=O)[O-]>>CC(C)(COP(=O)([O-])OP(=O)([O-])OC[C@H]1O[C@@H](n2cnc3c(N)ncnc32)[C@H](O)[C@@H]1OP(=O)([O-])[O-])[C@@H](O)C(=O)NCCC(=O)NCCS.CC(=O)N[C@@H](CC(N)=O)C(=O)O[C@H]1[C@@H](O)[C@H](n2cnc3c(N)ncnc32)O[C@@H]1CO[PH](=O)[O-]	1.0
CC(=O)SCCNC(=O)CCNC(=O)[C@H](O)C(C)(C)COP(=O)([O-])OP(=O)([O-])OC[C@H]1O[C@@H](n2cnc3c(N)ncnc32)[C@H](O)[C@@H]1OP(=O)([O-])[O-].O=C[O-]>>CC(C)(COP(=O)([O-])OP(=O)([O-])OC[C@H]1O[C@@H](n2cnc3c(N)ncnc32)[C@H](O)[C@@H]1OP(=O)([O-])[O-])[C@@H](O)C(=O)NCCC(=O)NCCS.CC(=O)C(=O)[O-]	1.0
CC(=O)SCCNC(=O)CCNC(=O)[C@H](O)C(C)(C)COP(=O)([O-])OP(=O)([O-])OC[C@H]1O[C@@H](n2cnc3c(N)ncnc32)[C@H](O)[C@@H]1OP(=O)([O-])[O-].[NH3+][C@@H](CCCCNO)C(=O)[O-]>>CC(C)(COP(=O)([O-])OP(=O)([O-])OC[C@H]1O[C@@H](n2cnc3c(N)ncnc32)[C@H](O)[C@@H]1OP(=O)([O-])[O-])[C@@H](O)C(=O)NCCC(=O)NCCS.CC(=O)N(O)CCCC[C@H]([NH3+])C(=O)[O-]	1.0
CC(=O)[C@](C)(O)C(=O)[O-]>>CC(C)(O)C(=O)C(=O)[O-]	1.0
CC(=O)c1c([O-])cc(O)c(C(C)=O)c1O.O>>CC(=O)c1c(O)cc(O)cc1O.CC(=O)[O-]	1.0
CC(=O)c1cc(C)c(O)c(CC2=C([O-])[C@H](CC(=O)[O-])OC2=O)c1O.[H+]>>O=C([O-])C[C@@H]1OC(=O)C=C1O.C=C1C(=O)C(C)=CC(C(C)=O)=C1O	1.0
CC(=O)c1cc(C)c(O)c(CO)c1O>>C=C1C(=O)C(C)=CC(C(C)=O)=C1O.O	1.0
CC(C(=O)O)C(=O)SCCNC(=O)CCNC(=O)C(O)C(C)(C)COP(=O)(O)OP(=O)(O)OCC1OC(n2cnc3c(N)ncnc32)C(O)C1OP(=O)(O)O>>CC(C)(COP(=O)(O)OP(=O)(O)OCC1OC(n2cnc3c(N)ncnc32)C(O)C1OP(=O)(O)O)C(O)C(=O)NCCC(=O)NCCSC(=O)CCC(=O)O	0.3478260934352875
CC(C)(CCCCCC(=O)O[Si](C)(C)C)O[Si](C)(C)C>>N[C@H](C(=O)S)C(=O)c1ccc(O)cc1	0.5113636255264282
CC(C)(CO)[C@@H](O)C(=O)NCCC(=O)NCCS.O>>CC(C)(CO)[C@@H](O)C(=O)NCCC(=O)[O-].[NH3+]CCS	1.0
CC(C)(COP(=O)(O)OP(=O)(O)OCC1OC(n2cnc3c(N)ncnc32)C(O)C1OP(=O)(O)O)C(O)C(=O)NCCC(=O)NCCSC(=O)C=Cc1ccc(O)cc1.OCC(O)CO>>CC(C)(COP(=O)(O)OP(=O)(O)OCC1OC(n2cnc3c(N)ncnc32)C(O)C1OP(=O)(O)O)C(O)C(=O)NCCC(=O)NCCS.O=C(/C=C/c1ccc(O)cc1)OC(CO)CO	0.9047619104385376
CC(C)(COP(=O)([O-])OC[C@H](N)C=O)[C@@H](O)C(=O)NCCC(=O)NCCS.CC(C)CCCCCCCCCC(=O)N[C@@H](Cc1ccccc1)C(=O)[O-].[H+]>>CC(C)CCCCCCCCCC(=O)SCCNC(=O)CCNC(=O)[C@H](O)C(C)(C)COP(=O)([O-])OC[C@H](N)C=O.[NH3+][C@@H](Cc1ccccc1)C(=O)[O-]	1.0
CC(C)(COP(=O)([O-])OC[C@H](N)C=O)[C@@H](O)C(=O)NCCC(=O)NCCS.CCCCCCC[C@@H](O)CC(=O)O[C@H](CCCCCCC)CC(=O)[O-].[H+]>>CCCCCCC[C@@H](O)CC(=O)SCCNC(=O)CCNC(=O)[C@H](O)C(C)(C)COP(=O)([O-])OC[C@H](N)C=O.O	1.0
CC(C)(COP(=O)([O-])OC[C@H](N)C=O)[C@@H](O)C(=O)NCCC(=O)NCCSC(=O)c1cccc(O)c1O.Nc1ncnc2c1ncn2[C@@H]1O[C@H](COP(=O)([O-])[O-])[C@@H](O)[C@H]1O.O=P([O-])([O-])OP(=O)([O-])O>>Nc1ncnc2c1ncn2[C@@H]1O[C@H](COP(=O)([O-])OP(=O)([O-])OP(=O)([O-])[O-])[C@@H](O)[C@H]1O.CC(C)(COP(=O)([O-])OC[C@H](N)C=O)[C@@H](O)C(=O)NCCC(=O)NCCS.O=C([O-])c1cccc(O)c1O	1.0
CC(C)(COP(=O)([O-])OP(=O)([O-])OC[C@H]1O[C@@H](n2cnc3c(N)ncnc32)[C@H](O)[C@@H]1OP(=O)([O-])[O-])[C@@H](O)C(=O)NCCC(=O)NCCS.C=COC[C@H](COP(=O)([O-])[O-])OC=O>>CC(C)(COP(=O)([O-])OP(=O)([O-])OC[C@H]1O[C@@H](n2cnc3c(N)ncnc32)[C@H](O)[C@@H]1OP(=O)([O-])[O-])[C@@H](O)C(=O)NCCC(=O)NCCSC=O.C=COC[C@@H](O)COP(=O)([O-])[O-]	1.0
CC(C)(COP(=O)([O-])OP(=O)([O-])OC[C@H]1O[C@@H](n2cnc3c(N)ncnc32)[C@H](O)[C@@H]1OP(=O)([O-])[O-])[C@@H](O)C(=O)NCCC(=O)NCCS.CC(=O)N1CC[C@H]1C(=O)[O-].[H+]>>CC(=O)SCCNC(=O)CCNC(=O)[C@H](O)C(C)(C)COP(=O)([O-])OP(=O)([O-])OC[C@H]1O[C@@H](n2cnc3c(N)ncnc32)[C@H](O)[C@@H]1OP(=O)([O-])[O-].O=C([O-])[C@@H]1CC[NH2+]1	1.0
CC(C)(COP(=O)([O-])OP(=O)([O-])OC[C@H]1O[C@@H](n2cnc3c(N)ncnc32)[C@H](O)[C@@H]1OP(=O)([O-])[O-])[C@@H](O)C(=O)NCCC(=O)NCCS.CC(=O)N[C@H]1C(O)O[C@H](COP(=O)([O-])[O-])[C@@H](O)[C@@H]1O.[H+]>>CC(=O)SCCNC(=O)CCNC(=O)[C@H](O)C(C)(C)COP(=O)([O-])OP(=O)([O-])OC[C@H]1O[C@@H](n2cnc3c(N)ncnc32)[C@H](O)[C@@H]1OP(=O)([O-])[O-].[NH3+][C@H]1C(O)O[C@H](COP(=O)([O-])[O-])[C@@H](O)[C@@H]1O	1.0
CC(C)(COP(=O)([O-])OP(=O)([O-])OC[C@H]1O[C@@H](n2cnc3c(N)ncnc32)[C@H](O)[C@@H]1OP(=O)([O-])[O-])[C@@H](O)C(=O)NCCC(=O)NCCS.CC(=O)OCC[N+](C)(C)C>>CC(=O)SCCNC(=O)CCNC(=O)[C@H](O)C(C)(C)COP(=O)([O-])OP(=O)([O-])OC[C@H]1O[C@@H](n2cnc3c(N)ncnc32)[C@H](O)[C@@H]1OP(=O)([O-])[O-].C[N+](C)(C)CCO	1.0
CC(C)(COP(=O)([O-])OP(=O)([O-])OC[C@H]1O[C@@H](n2cnc3c(N)ncnc32)[C@H](O)[C@@H]1OP(=O)([O-])[O-])[C@@H](O)C(=O)NCCC(=O)NCCS.CC(C)C(=O)O[C@H](CC(=O)[O-])C[N+](C)(C)C>>CC(C)C(=O)SCCNC(=O)CCNC(=O)[C@H](O)C(C)(C)COP(=O)([O-])OP(=O)([O-])OC[C@H]1O[C@@H](n2cnc3c(N)ncnc32)[C@H](O)[C@@H]1OP(=O)([O-])[O-].C[N+](C)(C)C[C@H](O)CC(=O)[O-]	1.0
CC(C)(COP(=O)([O-])OP(=O)([O-])OC[C@H]1O[C@@H](n2cnc3c(N)ncnc32)[C@H](O)[C@@H]1OP(=O)([O-])[O-])[C@@H](O)C(=O)NCCC(=O)NCCS.CC(C)CC(=O)CC(=O)SCCNC(=O)CCNC(=O)[C@H](O)C(C)(C)COP(=O)([O-])OC[C@H](N)C=O.O=C=O>>CC(C)CC(=O)SCCNC(=O)CCNC(=O)[C@H](O)C(C)(C)COP(=O)([O-])OP(=O)([O-])OC[C@H]1O[C@@H](n2cnc3c(N)ncnc32)[C@H](O)[C@@H]1OP(=O)([O-])[O-].CC(C)(COP(=O)([O-])OC[C@H](N)C=O)[C@@H](O)C(=O)NCCC(=O)NCCSC(=O)CC(=O)[O-].[H+]	1.0
CC(C)(COP(=O)([O-])OP(=O)([O-])OC[C@H]1O[C@@H](n2cnc3c(N)ncnc32)[C@H](O)[C@@H]1OP(=O)([O-])[O-])[C@@H](O)C(=O)NCCC(=O)NCCS.CC/C=C\C/C=C\C/C=C\C/C=C\C/C=C\C/C=C\CCC(=O)O[C@H](COC(=O)CCCCCCCCCCCCCCCCC)COP(=O)([O-])OCC[N+](C)(C)C>>CCCCCCCCCCCCCCCCCC(=O)SCCNC(=O)CCNC(=O)[C@H](O)C(C)(C)COP(=O)([O-])OP(=O)([O-])OC[C@H]1O[C@@H](n2cnc3c(N)ncnc32)[C@H](O)[C@@H]1OP(=O)([O-])[O-].CC/C=C\C/C=C\C/C=C\C/C=C\C/C=C\C/C=C\CCC(=O)O[C@H](CO)COP(=O)([O-])OCC[N+](C)(C)C	1.0
CC(C)(COP(=O)([O-])OP(=O)([O-])OC[C@H]1O[C@@H](n2cnc3c(N)ncnc32)[C@H](O)[C@@H]1OP(=O)([O-])[O-])[C@@H](O)C(=O)NCCC(=O)NCCS.CCCC(=O)OP(=O)([O-])[O-]>>CCCC(=O)SCCNC(=O)CCNC(=O)[C@H](O)C(C)(C)COP(=O)([O-])OP(=O)([O-])OC[C@H]1O[C@@H](n2cnc3c(N)ncnc32)[C@H](O)[C@@H]1OP(=O)([O-])[O-].O=P([O-])([O-])O	1.0
CC(C)(COP(=O)([O-])OP(=O)([O-])OC[C@H]1O[C@@H](n2cnc3c(N)ncnc32)[C@H](O)[C@@H]1OP(=O)([O-])[O-])[C@@H](O)C(=O)NCCC(=O)NCCS.CCCCC/C=C\C/C=C\C/C=C\C/C=C\CCCC(=O)O[C@H](COC(=O)CCCCCCC/C=C\CCCCCCCC)COP(=O)([O-])OCC[NH3+]>>CCCCC/C=C\C/C=C\C/C=C\C/C=C\CCCC(=O)SCCNC(=O)CCNC(=O)[C@H](O)C(C)(C)COP(=O)([O-])OP(=O)([O-])OC[C@H]1O[C@@H](n2cnc3c(N)ncnc32)[C@H](O)[C@@H]1OP(=O)([O-])[O-].CCCCCCCC/C=C\CCCCCCCC(=O)OC[C@@H](O)COP(=O)([O-])OCC[NH3+]	1.0
CC(C)(COP(=O)([O-])OP(=O)([O-])OC[C@H]1O[C@@H](n2cnc3c(N)ncnc32)[C@H](O)[C@@H]1OP(=O)([O-])[O-])[C@@H](O)C(=O)NCCC(=O)NCCS.CCCCC/C=C\C/C=C\C/C=C\C/C=C\CCCC(=O)O[C@H](COC=O)COP(=O)([O-])OCC[N+](C)(C)C>>CCCCC/C=C\C/C=C\C/C=C\C/C=C\CCCC(=O)SCCNC(=O)CCNC(=O)[C@H](O)C(C)(C)COP(=O)([O-])OP(=O)([O-])OC[C@H]1O[C@@H](n2cnc3c(N)ncnc32)[C@H](O)[C@@H]1OP(=O)([O-])[O-].C[N+](C)(C)CCOP(=O)([O-])OC[C@H](O)COC=O	1.0
CC(C)(COP(=O)([O-])OP(=O)([O-])OC[C@H]1O[C@@H](n2cnc3c(N)ncnc32)[C@H](O)[C@@H]1OP(=O)([O-])[O-])[C@@H](O)C(=O)NCCC(=O)NCCS.CCCCC/C=C\C/C=C\CCCCCCCC(=O)NCC(=O)[O-].[H+]>>CCCCC/C=C\C/C=C\CCCCCCCC(=O)SCCNC(=O)CCNC(=O)[C@H](O)C(C)(C)COP(=O)([O-])OP(=O)([O-])OC[C@H]1O[C@@H](n2cnc3c(N)ncnc32)[C@H](O)[C@@H]1OP(=O)([O-])[O-].[NH3+]CC(=O)[O-]	1.0
CC(C)(COP(=O)([O-])OP(=O)([O-])OC[C@H]1O[C@@H](n2cnc3c(N)ncnc32)[C@H](O)[C@@H]1OP(=O)([O-])[O-])[C@@H](O)C(=O)NCCC(=O)NCCS.CCCCCCCC(=O)OCCCCCC>>CCCCCCCC(=O)SCCNC(=O)CCNC(=O)[C@H](O)C(C)(C)COP(=O)([O-])OP(=O)([O-])OC[C@H]1O[C@@H](n2cnc3c(N)ncnc32)[C@H](O)[C@@H]1OP(=O)([O-])[O-].CCCCCCO	1.0
CC(C)(COP(=O)([O-])OP(=O)([O-])OC[C@H]1O[C@@H](n2cnc3c(N)ncnc32)[C@H](O)[C@@H]1OP(=O)([O-])[O-])[C@@H](O)C(=O)NCCC(=O)NCCS.CCCCCCCC/C=C\CCCCCCCC(=O)OCC(CO)OC(=O)CCCCCCC/C=C\CCCCCCCC>>CCCCCCCC/C=C\CCCCCCCC(=O)SCCNC(=O)CCNC(=O)[C@H](O)C(C)(C)COP(=O)([O-])OP(=O)([O-])OC[C@H]1O[C@@H](n2cnc3c(N)ncnc32)[C@H](O)[C@@H]1OP(=O)([O-])[O-].CCCCCCCC/C=C\CCCCCCCC(=O)OC(CO)CO	1.0
CC(C)(COP(=O)([O-])OP(=O)([O-])OC[C@H]1O[C@@H](n2cnc3c(N)ncnc32)[C@H](O)[C@@H]1OP(=O)([O-])[O-])[C@@H](O)C(=O)NCCC(=O)NCCS.CCCCCCCC/C=C\CCCCCCCC(=O)O[C@H](CC(=O)[O-])C[N+](C)(C)C>>CCCCCCCC/C=C\CCCCCCCC(=O)SCCNC(=O)CCNC(=O)[C@H](O)C(C)(C)COP(=O)([O-])OP(=O)([O-])OC[C@H]1O[C@@H](n2cnc3c(N)ncnc32)[C@H](O)[C@@H]1OP(=O)([O-])[O-].C[N+](C)(C)C[C@H](O)CC(=O)[O-]	1.0
CC(C)(COP(=O)([O-])OP(=O)([O-])OC[C@H]1O[C@@H](n2cnc3c(N)ncnc32)[C@H](O)[C@@H]1OP(=O)([O-])[O-])[C@@H](O)C(=O)NCCC(=O)NCCS.CCCCCCCC/C=C\CCCCCCCC(=O)O[C@H](COC(=O)CCCCCCCCCCCCCCCCC)COP(=O)([O-])OCC[NH3+]>>CCCCCCCCCCCCCCCCCC(=O)SCCNC(=O)CCNC(=O)[C@H](O)C(C)(C)COP(=O)([O-])OP(=O)([O-])OC[C@H]1O[C@@H](n2cnc3c(N)ncnc32)[C@H](O)[C@@H]1OP(=O)([O-])[O-].CCCCCCCC/C=C\CCCCCCCC(=O)O[C@H](CO)COP(=O)([O-])OCC[NH3+]	1.0
CC(C)(COP(=O)([O-])OP(=O)([O-])OC[C@H]1O[C@@H](n2cnc3c(N)ncnc32)[C@H](O)[C@@H]1OP(=O)([O-])[O-])[C@@H](O)C(=O)NCCC(=O)NCCS.CCCCCCCC/C=C\CCCCCCCC(=O)O[C@H](COC=O)COP(=O)([O-])OCC(O)COP(=O)([O-])OC[C@H](O)COC=O>>CCCCCCCC/C=C\CCCCCCCC(=O)SCCNC(=O)CCNC(=O)[C@H](O)C(C)(C)COP(=O)([O-])OP(=O)([O-])OC[C@H]1O[C@@H](n2cnc3c(N)ncnc32)[C@H](O)[C@@H]1OP(=O)([O-])[O-].O=COC[C@@H](O)COP(=O)([O-])OCC(O)COP(=O)([O-])OC[C@H](O)COC=O	1.0
CC(C)(COP(=O)([O-])OP(=O)([O-])OC[C@H]1O[C@@H](n2cnc3c(N)ncnc32)[C@H](O)[C@@H]1OP(=O)([O-])[O-])[C@@H](O)C(=O)NCCC(=O)NCCS.CCCCCCCCCC(=O)OC/C=C(\C)CCC[C@H](C)CCC[C@H](C)CCCC(C)C>>CCCCCCCCCC(=O)SCCNC(=O)CCNC(=O)[C@H](O)C(C)(C)COP(=O)([O-])OP(=O)([O-])OC[C@H]1O[C@@H](n2cnc3c(N)ncnc32)[C@H](O)[C@@H]1OP(=O)([O-])[O-].C/C(=C\CO)CCC[C@H](C)CCC[C@H](C)CCCC(C)C	1.0
CC(C)(COP(=O)([O-])OP(=O)([O-])OC[C@H]1O[C@@H](n2cnc3c(N)ncnc32)[C@H](O)[C@@H]1OP(=O)([O-])[O-])[C@@H](O)C(=O)NCCC(=O)NCCS.CCCCCCCCCC(=O)O[C@H](CC(=O)[O-])C[N+](C)(C)C>>CCCCCCCCCC(=O)SCCNC(=O)CCNC(=O)[C@H](O)C(C)(C)COP(=O)([O-])OP(=O)([O-])OC[C@H]1O[C@@H](n2cnc3c(N)ncnc32)[C@H](O)[C@@H]1OP(=O)([O-])[O-].C[N+](C)(C)C[C@H](O)CC(=O)[O-]	1.0
CC(C)(COP(=O)([O-])OP(=O)([O-])OC[C@H]1O[C@@H](n2cnc3c(N)ncnc32)[C@H](O)[C@@H]1OP(=O)([O-])[O-])[C@@H](O)C(=O)NCCC(=O)NCCS.CCCCCCCCCCCC(=O)CC(=O)SCCNC(=O)CCNC(=O)[C@H](O)C(C)(C)COP(=O)([O-])OC[C@H](N)C=O.O=C=O>>CCCCCCCCCCCC(=O)SCCNC(=O)CCNC(=O)[C@H](O)C(C)(C)COP(=O)([O-])OP(=O)([O-])OC[C@H]1O[C@@H](n2cnc3c(N)ncnc32)[C@H](O)[C@@H]1OP(=O)([O-])[O-].CC(C)(COP(=O)([O-])OC[C@H](N)C=O)[C@@H](O)C(=O)NCCC(=O)NCCSC(=O)CC(=O)[O-].[H+]	1.0
CC(C)(COP(=O)([O-])OP(=O)([O-])OC[C@H]1O[C@@H](n2cnc3c(N)ncnc32)[C@H](O)[C@@H]1OP(=O)([O-])[O-])[C@@H](O)C(=O)NCCC(=O)NCCS.CCCCCCCCCCCCCCCC(=O)OC[C@H](COP(=O)([O-])OCC[N+](C)(C)C)OC(=O)CCCCCCCCC>>CCCCCCCCCC(=O)SCCNC(=O)CCNC(=O)[C@H](O)C(C)(C)COP(=O)([O-])OP(=O)([O-])OC[C@H]1O[C@@H](n2cnc3c(N)ncnc32)[C@H](O)[C@@H]1OP(=O)([O-])[O-].CCCCCCCCCCCCCCCC(=O)OC[C@@H](O)COP(=O)([O-])OCC[N+](C)(C)C	1.0
CC(C)(COP(=O)([O-])OP(=O)([O-])OC[C@H]1O[C@@H](n2cnc3c(N)ncnc32)[C@H](O)[C@@H]1OP(=O)([O-])[O-])[C@@H](O)C(=O)NCCC(=O)NCCS.CCCCCCCCCCCCCCCC(=O)O[C@H]1[C@@H](O[C@H]2O[C@H](CO)[C@@H](O)[C@H](O)[C@H]2O)O[C@H](CO)[C@@H](O)[C@@H]1O>>CCCCCCCCCCCCCCCC(=O)SCCNC(=O)CCNC(=O)[C@H](O)C(C)(C)COP(=O)([O-])OP(=O)([O-])OC[C@H]1O[C@@H](n2cnc3c(N)ncnc32)[C@H](O)[C@@H]1OP(=O)([O-])[O-].OC[C@H]1O[C@H](O[C@H]2O[C@H](CO)[C@@H](O)[C@H](O)[C@H]2O)[C@H](O)[C@@H](O)[C@@H]1O	1.0
CC(C)(COP(=O)([O-])OP(=O)([O-])OC[C@H]1O[C@@H](n2cnc3c(N)ncnc32)[C@H](O)[C@@H]1OP(=O)([O-])[O-])[C@@H](O)C(=O)NCCC(=O)NCCS.CCCCCCCCCCCCCCCCC(=O)OC[C@H](COP(=O)([O-])[O-])OC(=O)CCCCCCCCCCC>>CCCCCCCCCCCC(=O)SCCNC(=O)CCNC(=O)[C@H](O)C(C)(C)COP(=O)([O-])OP(=O)([O-])OC[C@H]1O[C@@H](n2cnc3c(N)ncnc32)[C@H](O)[C@@H]1OP(=O)([O-])[O-].CCCCCCCCCCCCCCCCC(=O)OC[C@@H](O)COP(=O)([O-])[O-]	1.0
CC(C)(COP(=O)([O-])OP(=O)([O-])OC[C@H]1O[C@@H](n2cnc3c(N)ncnc32)[C@H](O)[C@@H]1OP(=O)([O-])[O-])[C@@H](O)C(=O)NCCC(=O)NCCS.CCCOC(C)=O>>CC(=O)SCCNC(=O)CCNC(=O)[C@H](O)C(C)(C)COP(=O)([O-])OP(=O)([O-])OC[C@H]1O[C@@H](n2cnc3c(N)ncnc32)[C@H](O)[C@@H]1OP(=O)([O-])[O-].CCCO	1.0
CC(C)(COP(=O)([O-])OP(=O)([O-])OC[C@H]1O[C@@H](n2cnc3c(N)ncnc32)[C@H](O)[C@@H]1OP(=O)([O-])[O-])[C@@H](O)C(=O)NCCC(=O)NCCS.CCOC(=O)c1ccccc1>>CC(C)(COP(=O)([O-])OP(=O)([O-])OC[C@H]1O[C@@H](n2cnc3c(N)ncnc32)[C@H](O)[C@@H]1OP(=O)([O-])[O-])[C@@H](O)C(=O)NCCC(=O)NCCSC(=O)c1ccccc1.CCO	1.0
CC(C)(COP(=O)([O-])OP(=O)([O-])OC[C@H]1O[C@@H](n2cnc3c(N)ncnc32)[C@H](O)[C@@H]1OP(=O)([O-])[O-])[C@@H](O)C(=O)NCCC(=O)NCCS.COc1cc(/C=C/C(=O)O[C@@H](C(=O)[O-])[C@@H](O)[C@H](O)[C@H](O)C(=O)[O-])cc(OC)c1O>>COc1cc(/C=C/C(=O)SCCNC(=O)CCNC(=O)[C@H](O)C(C)(C)COP(=O)([O-])OP(=O)([O-])OC[C@H]2O[C@@H](n3cnc4c(N)ncnc43)[C@H](O)[C@@H]2OP(=O)([O-])[O-])cc(OC)c1O.O=C([O-])[C@@H](O)[C@@H](O)[C@H](O)[C@@H](O)C(=O)[O-]	1.0
CC(C)(COP(=O)([O-])OP(=O)([O-])OC[C@H]1O[C@@H](n2cnc3c(N)ncnc32)[C@H](O)[C@@H]1OP(=O)([O-])[O-])[C@@H](O)C(=O)NCCC(=O)NCCS.COc1cc(C[C@H]2CN(C(C)=O)[C@@H](Cc3ccccc3)CN2C(=O)/C=C/c2ccccc2)cc2c1OCO2.[H+]>>CC(=O)SCCNC(=O)CCNC(=O)[C@H](O)C(C)(C)COP(=O)([O-])OP(=O)([O-])OC[C@H]1O[C@@H](n2cnc3c(N)ncnc32)[C@H](O)[C@@H]1OP(=O)([O-])[O-].COc1cc(C[C@H]2C[NH2+][C@@H](Cc3ccccc3)CN2C(=O)/C=C/c2ccccc2)cc2c1OCO2	1.0
CC(C)(COP(=O)([O-])OP(=O)([O-])OC[C@H]1O[C@@H](n2cnc3c(N)ncnc32)[C@H](O)[C@@H]1OP(=O)([O-])[O-])[C@@H](O)C(=O)NCCC(=O)NCCS.CSCC[C@H](NC(C)=O)C(=O)O[C@H]1[C@@H](O)[C@H](n2cnc3c(N)ncnc32)O[C@@H]1CO[PH](=O)[O-].[H+]>>CC(=O)SCCNC(=O)CCNC(=O)[C@H](O)C(C)(C)COP(=O)([O-])OP(=O)([O-])OC[C@H]1O[C@@H](n2cnc3c(N)ncnc32)[C@H](O)[C@@H]1OP(=O)([O-])[O-].CSCC[C@H]([NH3+])C(=O)O[C@H]1[C@@H](O)[C@H](n2cnc3c(N)ncnc32)O[C@@H]1CO[PH](=O)[O-]	1.0
CC(C)(COP(=O)([O-])OP(=O)([O-])OC[C@H]1O[C@@H](n2cnc3c(N)ncnc32)[C@H](O)[C@@H]1OP(=O)([O-])[O-])[C@@H](O)C(=O)NCCC(=O)NCCS.C[C@H](CCC(=O)NCC(=O)[O-])[C@H]1CC[C@H]2[C@@H]3[C@H](O)C[C@@H]4C[C@H](O)CC[C@]4(C)[C@H]3C[C@H](O)[C@]12C.[H+]>>C[C@H](CCC(=O)SCCNC(=O)CCNC(=O)[C@H](O)C(C)(C)COP(=O)([O-])OP(=O)([O-])OC[C@H]1O[C@@H](n2cnc3c(N)ncnc32)[C@H](O)[C@@H]1OP(=O)([O-])[O-])[C@H]1CC[C@H]2[C@@H]3[C@H](O)C[C@@H]4C[C@H](O)CC[C@]4(C)[C@H]3C[C@H](O)[C@]12C.[NH3+]CC(=O)[O-]	1.0
CC(C)(COP(=O)([O-])OP(=O)([O-])OC[C@H]1O[C@@H](n2cnc3c(N)ncnc32)[C@H](O)[C@@H]1OP(=O)([O-])[O-])[C@@H](O)C(=O)NCCC(=O)NCCS.N[C@H](C=O)CCCCNC(=O)CCCC[C@@H](S)CCSC(=O)C[C@H](O)C(=O)[O-]>>CC(C)(COP(=O)([O-])OP(=O)([O-])OC[C@H]1O[C@@H](n2cnc3c(N)ncnc32)[C@H](O)[C@@H]1OP(=O)([O-])[O-])[C@@H](O)C(=O)NCCC(=O)NCCSC(=O)C[C@H](O)C(=O)[O-].N[C@H](C=O)CCCCNC(=O)CCCC[C@@H](S)CCS	1.0
CC(C)(COP(=O)([O-])OP(=O)([O-])OC[C@H]1O[C@@H](n2cnc3c(N)ncnc32)[C@H](O)[C@@H]1OP(=O)([O-])[O-])[C@@H](O)C(=O)NCCC(=O)NCCS.Nc1ncnc2c1ncn2[C@@H]1O[C@H](COP(=O)([O-])OP(=O)([O-])OP(=O)([O-])[O-])[C@@H](O)[C@H]1O.CCCCCCCCCCCCCCCCCCCCCC(=O)[O-]>>CCCCCCCCCCCCCCCCCCCCCC(=O)SCCNC(=O)CCNC(=O)[C@H](O)C(C)(C)COP(=O)([O-])OP(=O)([O-])OC[C@H]1O[C@@H](n2cnc3c(N)ncnc32)[C@H](O)[C@@H]1OP(=O)([O-])[O-].Nc1ncnc2c1ncn2[C@@H]1O[C@H](COP(=O)([O-])[O-])[C@@H](O)[C@H]1O.O=P([O-])([O-])OP(=O)([O-])O	1.0
CC(C)(COP(=O)([O-])OP(=O)([O-])OC[C@H]1O[C@@H](n2cnc3c(N)ncnc32)[C@H](O)[C@@H]1OP(=O)([O-])[O-])[C@@H](O)C(=O)NCCC(=O)NCCS.Nc1ncnc2c1ncn2[C@@H]1O[C@H](COP(=O)([O-])OP(=O)([O-])OP(=O)([O-])[O-])[C@@H](O)[C@H]1O.CCCCCCCCCCCCCCCCCCCCCCCC(=O)[O-]>>CCCCCCCCCCCCCCCCCCCCCCCC(=O)SCCNC(=O)CCNC(=O)[C@H](O)C(C)(C)COP(=O)([O-])OP(=O)([O-])OC[C@H]1O[C@@H](n2cnc3c(N)ncnc32)[C@H](O)[C@@H]1OP(=O)([O-])[O-].Nc1ncnc2c1ncn2[C@@H]1O[C@H](COP(=O)([O-])[O-])[C@@H](O)[C@H]1O.O=P([O-])([O-])OP(=O)([O-])O	1.0
CC(C)(COP(=O)([O-])OP(=O)([O-])OC[C@H]1O[C@@H](n2cnc3c(N)ncnc32)[C@H](O)[C@@H]1OP(=O)([O-])[O-])[C@@H](O)C(=O)NCCC(=O)NCCS.O=C(/C=C/C=C/c1ccc2c(c1)OCO2)N1CCCC1.[H+]>>CC(C)(COP(=O)([O-])OP(=O)([O-])OC[C@H]1O[C@@H](n2cnc3c(N)ncnc32)[C@H](O)[C@@H]1OP(=O)([O-])[O-])[C@@H](O)C(=O)NCCC(=O)NCCSC(=O)/C=C/C=C/c1ccc2c(c1)OCO2.C1CC[NH2+]C1	1.0
CC(C)(COP(=O)([O-])OP(=O)([O-])OC[C@H]1O[C@@H](n2cnc3c(N)ncnc32)[C@H](O)[C@@H]1OP(=O)([O-])[O-])[C@@H](O)C(=O)NCCC(=O)NCCS.O=C([O-])CCCCCCCCC(=O)[O-].[H+]>>CC(C)(COP(=O)([O-])OP(=O)([O-])OC[C@H]1O[C@@H](n2cnc3c(N)ncnc32)[C@H](O)[C@@H]1OP(=O)([O-])[O-])[C@@H](O)C(=O)NCCC(=O)NCCSC(=O)CCCCCCCCC(=O)[O-].O	1.0
CC(C)(COP(=O)([O-])OP(=O)([O-])OC[C@H]1O[C@@H](n2cnc3c(N)ncnc32)[C@H](O)[C@@H]1OP(=O)([O-])[O-])[C@@H](O)C(=O)NCCC(=O)NCCS.O=COC[C@@H](CO)OC=O>>CC(C)(COP(=O)([O-])OP(=O)([O-])OC[C@H]1O[C@@H](n2cnc3c(N)ncnc32)[C@H](O)[C@@H]1OP(=O)([O-])[O-])[C@@H](O)C(=O)NCCC(=O)NCCSC=O.O=COC(CO)CO	1.0
CC(C)(COP(=O)([O-])OP(=O)([O-])OC[C@H]1O[C@@H](n2cnc3c(N)ncnc32)[C@H](O)[C@@H]1OP(=O)([O-])[O-])[C@@H](O)C(=O)NCCC(=O)NCCS.O=C[O-].O=C[O-].[H+]>>CC(C)(COP(=O)([O-])OP(=O)([O-])OC[C@H]1O[C@@H](n2cnc3c(N)ncnc32)[C@H](O)[C@@H]1OP(=O)([O-])[O-])[C@@H](O)C(=O)NCCC(=O)NCCSC=O.O=C[O-].O	1.0
CC(C)(COP(=O)([O-])OP(=O)([O-])OC[C@H]1O[C@@H](n2cnc3c(N)ncnc32)[C@H](O)[C@@H]1OP(=O)([O-])[O-])[C@@H](O)C(=O)NCCC(=O)NCCSC(=O)/C=C/c1ccccc1.O=C=O.OO>>CC(C)(COP(=O)([O-])OP(=O)([O-])OC[C@H]1O[C@@H](n2cnc3c(N)ncnc32)[C@H](O)[C@@H]1OP(=O)([O-])[O-])[C@@H](O)C(=O)NCCC(=O)NCCSC(=O)C(Cc1ccccc1)C(=O)[O-].[H+].O=O	1.0
CC(C)(COP(=O)([O-])OP(=O)([O-])OC[C@H]1O[C@@H](n2cnc3c(N)ncnc32)[C@H](O)[C@@H]1OP(=O)([O-])[O-])[C@@H](O)C(=O)NCCC(=O)NCCSC(=O)CCC(=O)[O-].NC(=O)C1=CN([C@@H]2O[C@H](COP(=O)([O-])OP(=O)([O-])OC[C@H]3O[C@@H](n4cnc5c(N)ncnc54)[C@H](O)[C@@H]3O)[C@@H](O)[C@H]2O)C=CC1.O=C=O>>NC(=O)c1ccc[n+]([C@@H]2O[C@H](COP(=O)([O-])OP(=O)([O-])OC[C@H]3O[C@@H](n4cnc5c(N)ncnc54)[C@H](O)[C@@H]3O)[C@@H](O)[C@H]2O)c1.CC(C)(COP(=O)([O-])OP(=O)([O-])OC[C@H]1O[C@@H](n2cnc3c(N)ncnc32)[C@H](O)[C@@H]1OP(=O)([O-])[O-])[C@@H](O)C(=O)NCCC(=O)NCCS.O=C([O-])CCC(=O)C(=O)[O-]	1.0
CC(C)(COP(=O)([O-])OP(=O)([O-])OC[C@H]1O[C@@H](n2cnc3c(N)ncnc32)[C@H](O)[C@@H]1OP(=O)([O-])[O-])[C@@H](O)C(=O)NCCC(=O)NCCSC(=O)CCCCCCC(=O)[O-].O>>CC(C)(COP(=O)([O-])OP(=O)([O-])OC[C@H]1O[C@@H](n2cnc3c(N)ncnc32)[C@H](O)[C@@H]1OP(=O)([O-])[O-])[C@@H](O)C(=O)NCCC(=O)NCCS.O=C([O-])CCCCCCC(=O)[O-].[H+]	1.0
CC(C)(COP(=O)([O-])OP(=O)([O-])OC[C@H]1O[C@@H](n2cnc3c(N)ncnc32)[C@H](O)[C@@H]1OP(=O)([O-])[O-])[C@@H](O)C(=O)NCCC(=O)NCCSC(=O)CCCCCCCCC(=O)[O-].O=O>>CC(C)(COP(=O)([O-])OP(=O)([O-])OC[C@H]1O[C@@H](n2cnc3c(N)ncnc32)[C@H](O)[C@@H]1OP(=O)([O-])[O-])[C@@H](O)C(=O)NCCC(=O)NCCSC(=O)/C=C/CCCCCCC(=O)[O-].OO	1.0
CC(C)(COP(=O)([O-])OP(=O)([O-])OC[C@H]1O[C@@H](n2cnc3c(N)ncnc32)[C@H](O)[C@@H]1OP(=O)([O-])[O-])[C@@H](O)C(=O)NCCC(=O)NCCSC(=O)CF.O>>CC(C)(COP(=O)([O-])OP(=O)([O-])OC[C@H]1O[C@@H](n2cnc3c(N)ncnc32)[C@H](O)[C@@H]1OP(=O)([O-])[O-])[C@@H](O)C(=O)NCCC(=O)NCCS.O=C([O-])CF.[H+]	1.0
CC(C)(COP(=O)([O-])OP(=O)([O-])OC[C@H]1O[C@@H](n2cnc3c(N)ncnc32)[C@H](O)[C@@H]1OP(=O)([O-])[O-])[C@@H](O)C(=O)NCCC(=O)NCCSC(=O)Cc1cc(O)cc(O)c1.CC(C)(COP(=O)([O-])OP(=O)([O-])OC[C@H]1O[C@@H](n2cnc3c(N)ncnc32)[C@H](O)[C@@H]1OP(=O)([O-])[O-])[C@@H](O)C(=O)NCCC(=O)NCCS.O=C=O.O>>CC(C)(COP(=O)([O-])OP(=O)([O-])OC[C@H]1O[C@@H](n2cnc3c(N)ncnc32)[C@H](O)[C@@H]1OP(=O)([O-])[O-])[C@@H](O)C(=O)NCCC(=O)NCCSC(=O)CC(=O)[O-].[H+]	1.0
CC(C)(COP(=O)([O-])OP(=O)([O-])OC[C@H]1O[C@@H](n2cnc3c(N)ncnc32)[C@H](O)[C@@H]1OP(=O)([O-])[O-])[C@@H](O)C(=O)NCCC(=O)NCCSC(=O)Cc1ccc(O)cc1.O>>CC(C)(COP(=O)([O-])OP(=O)([O-])OC[C@H]1O[C@@H](n2cnc3c(N)ncnc32)[C@H](O)[C@@H]1OP(=O)([O-])[O-])[C@@H](O)C(=O)NCCC(=O)NCCS.O=C([O-])Cc1ccc(O)cc1.[H+]	1.0
CC(C)(COP(=O)([O-])OP(=O)([O-])OC[C@H]1O[C@@H](n2cnc3c(N)ncnc32)[C@H](O)[C@@H]1OP(=O)([O-])[O-])[C@@H](O)C(=O)NCCC(=O)NCCSC(=O)c1ccc(O)cc1.Nc1ncnc2c1ncn2[C@@H]1O[C@H](COP(=O)([O-])[O-])[C@@H](O)[C@H]1O.O=P([O-])([O-])OP(=O)([O-])O>>CC(C)(COP(=O)([O-])OP(=O)([O-])OC[C@H]1O[C@@H](n2cnc3c(N)ncnc32)[C@H](O)[C@@H]1OP(=O)([O-])[O-])[C@@H](O)C(=O)NCCC(=O)NCCS.Nc1ncnc2c1ncn2[C@@H]1O[C@H](COP(=O)([O-])OP(=O)([O-])OP(=O)([O-])[O-])[C@@H](O)[C@H]1O.O=C([O-])c1ccc(O)cc1	1.0
CC(C)(COP(=O)([O-])OP(=O)([O-])OC[C@H]1O[C@@H](n2cnc3c(N)ncnc32)[C@H](O)[C@@H]1OP(=O)([O-])[O-])[C@@H](O)C(=O)NCCC(=O)NCCSC(=O)c1ccccc1.CC/C=C\CCO>>CC(C)(COP(=O)([O-])OP(=O)([O-])OC[C@H]1O[C@@H](n2cnc3c(N)ncnc32)[C@H](O)[C@@H]1OP(=O)([O-])[O-])[C@@H](O)C(=O)NCCC(=O)NCCS.CC/C=C\CCOC(=O)c1ccccc1	1.0
CC(C)(COP(=O)([O-])OP(=O)([O-])OC[C@H]1O[C@@H](n2cnc3c(N)ncnc32)[C@H](O)[C@@H]1OP(=O)([O-])[O-])[C@@H](O)C(=O)NCCC(=O)NCCSC=O.Nc1ncnc2c1ncn2[C@@H]1O[C@H](COP(=O)([O-])OP(=O)([O-])[O-])[C@@H](O)[C@H]1O.O=P([O-])([O-])O.[H+]>>CC(C)(COP(=O)([O-])OP(=O)([O-])OC[C@H]1O[C@@H](n2cnc3c(N)ncnc32)[C@H](O)[C@@H]1OP(=O)([O-])[O-])[C@@H](O)C(=O)NCCC(=O)NCCSC=O.Nc1ncnc2c1ncn2[C@@H]1O[C@H](COP(=O)([O-])OP(=O)([O-])OP(=O)([O-])[O-])[C@@H](O)[C@H]1O.O	1.0
CC(C)(COP(=O)([O-])OP(=O)([O-])OC[C@H]1O[C@@H](n2cnc3c(N)ncnc32)[C@H](O)[C@@H]1OP(=O)([O-])[O-])[C@@H](O)C(=O)NCCC(=O)NCCSC=O.O=COC[C@@H](CO)OC=O>>CC(C)(COP(=O)([O-])OP(=O)([O-])OC[C@H]1O[C@@H](n2cnc3c(N)ncnc32)[C@H](O)[C@@H]1OP(=O)([O-])[O-])[C@@H](O)C(=O)NCCC(=O)NCCS.O=COCC(COC=O)OC=O	1.0
CC(C)(COP(=O)([O-])OP(=O)([O-])OC[C@H]1O[C@@H](n2cnc3c(N)ncnc32)[C@H](O)[C@@H]1OP(=O)([O-])[O-])[C@@H](O)C(=O)NCCC(=O)NCCSC=O.[NH3+][C@@H](COP(=O)([O-])OC[C@H](O)COC=O)C(=O)[O-]>>CC(C)(COP(=O)([O-])OP(=O)([O-])OC[C@H]1O[C@@H](n2cnc3c(N)ncnc32)[C@H](O)[C@@H]1OP(=O)([O-])[O-])[C@@H](O)C(=O)NCCC(=O)NCCS.[NH3+][C@@H](COP(=O)([O-])OC[C@@H](COC=O)OC=O)C(=O)[O-]	1.0
CC(C)(COP(=O)([O-])OP(=O)([O-])OC[C@H]1O[C@@H](n2cnc3c(N)ncnc32)[C@H](O[C@H]2O[C@H](COP(=O)([O-])OC[C@H](N)C=O)[C@@H](O)[C@H]2O)[C@@H]1O)[C@@H](O)C(=O)NCCC(=O)NCCS.CC(=O)[O-].[H+]>>CC(=O)SCCNC(=O)CCNC(=O)[C@H](O)C(C)(C)COP(=O)([O-])OP(=O)([O-])OC[C@H]1O[C@@H](n2cnc3c(N)ncnc32)[C@H](O[C@H]2O[C@H](COP(=O)([O-])OC[C@H](N)C=O)[C@@H](O)[C@H]2O)[C@@H]1O.O	1.0
CC(C)(COP(=O)([O-])[O-])[C@@H](O)C(=O)NCCC(=O)N[C@@H](CS)C(=O)[O-].[H+]>>CC(C)(COP(=O)([O-])[O-])[C@@H](O)C(=O)NCCC(=O)NCCS.O=C=O	1.0
CC(C)(Oc1ccc(Cl)cc1)C(=O)SCCN=C(O)CCN=C(O)[C@H](O)C(C)(C)COP(=O)(O)OP(=O)(O)OC[C@H]1O[C@@H](n2cnc3c(N)ncnc32)[C@H](O)[C@@H]1OP(=O)(O)O.O>>CC(C)(COP(=O)(O)OP(=O)(O)OCC1OC(n2cnc3c(N)ncnc32)C(O)C1OP(=O)(O)O)C(O)C(=O)NCCC(=O)NCCS.CCOC(=O)C(C)(C)Oc1ccc(Cl)cc1	0.8406593203544617
CC(C)=CC(=O)SCCNC(=O)CCNC(=O)[C@H](O)C(C)(C)COP(=O)([O-])OC[C@H](N)C=O.O=C=O>>C/C(=C\C(=O)SCCNC(=O)CCNC(=O)[C@H](O)C(C)(C)COP(=O)([O-])OC[C@H](N)C=O)CC(=O)[O-].[H+]	1.0
CC(C)=CCC/C(C)=C/C=C/C(C)=C/C=C/C(C)=C/C=C/C=C(C)/C=C/C=C(C)/C=C/C=C(\C)CCC=C(C)C>>CC(C)=CCC/C(C)=C/C=C\C(C)=C/C=C/C(C)=C/C=C/C=C(C)/C=C/C=C(C)\C=C/C=C(\C)CCC=C(C)C	1.0
CC(C)=CCC/C(C)=C/C=C/C(C)=C/C=C/C(C)=C/C=C/C=C(C)/C=C/C=C(C)/C=C/C=C(\C)CCCC(C)(C)O>>CC(C)=CCC/C(C)=C/C=C/C(C)=C/C=C/C(C)=C/C=C/C=C(C)/C=C/C=C(C)/C=C/C=C(\C)CCC=C(C)C.O	1.0
CC(C)=CCC/C(C)=C/CC/C(C)=C/C=C/C(C)=C/C=C/C=C(C)/C=C/C=C(C)/C=C/C=C(\C)CCCC(C)(C)O.[H]>>CC(C)=CCC/C(C)=C/CC/C(C)=C/C=C/C(C)=C/C=C/C=C(C)/C=C/C=C(C)/C=C/C=C(C)/C=C/CC(C)(C)O.[H].[H]	1.0
CC(C)=CCC/C(C)=C/CC/C(C)=C/CC/C(C)=C/CC/C(C)=C/CC/C(C)=C/CC/C(C)=C/CC/C(C)=C/CC/C(C)=C/CC/C(C)=C/CC/C(C)=C/CC/C(C)=C/Cc1cc(O)c2ccccc2c1O.C[S+](CC[C@H]([NH3+])C(=O)[O-])C[C@H]1O[C@@H](n2cnc3c(N)ncnc32)[C@H](O)[C@@H]1O>>CC(C)=CCC/C(C)=C/CC/C(C)=C/CC/C(C)=C/CC/C(C)=C/CC/C(C)=C/CC/C(C)=C/CC/C(C)=C/CC/C(C)=C/CC/C(C)=C/CC/C(C)=C/CC/C(C)=C/Cc1c(C)c(O)c2ccccc2c1O.Nc1ncnc2c1ncn2[C@@H]1O[C@H](CSCC[C@H]([NH3+])C(=O)[O-])[C@@H](O)[C@H]1O.[H+]	1.0
CC(C)=CCC/C(C)=C/CC/C(C)=C/CC/C(C)=C/CC/C(C)=C/CC/C(C)=C/CC/C(C)=C/CC/C(C)=C/CC/C(C)=C/COP(=O)([O-])OP(=O)([O-])[O-].O=P([O-])([O-])OP(=O)([O-])O>>CC(C)=CCC/C(C)=C/COP(=O)([O-])OP(=O)([O-])[O-].C=C(C)CCOP(=O)([O-])OP(=O)([O-])[O-]	1.0
CC(C)=CCC/C(C)=C/CC/C(C)=C/CC/C(C)=C/CC/C(C)=C/CC/C(C)=C/CC/C(C)=C/CC/C(C)=C/CC1=C(C)C(=O)c2ccccc2C1=O.O=C([O-])C[C@H](O)C(=O)[O-]>>CC(C)=CCC/C(C)=C/CC/C(C)=C/CC/C(C)=C/CC/C(C)=C/CC/C(C)=C/CC/C(C)=C/CC/C(C)=C/Cc1c(C)c(O)c2ccccc2c1O.O=C([O-])CC(=O)C(=O)[O-]	1.0
CC(C)=CCC/C(C)=C/CC/C(C)=C/CC/C(C)=C/CC/C(C)=C/CC/C(C)=C/CC/C(C)=C/COP(=O)([O-])OP(=O)([O-])[O-].O=P([O-])([O-])OC[C@@H](O)CO>>CC(C)=CCC/C(C)=C/CC/C(C)=C/CC/C(C)=C/CC/C(C)=C/CC/C(C)=C/CC/C(C)=C/COC[C@H](O)COP(=O)([O-])[O-].O=P([O-])([O-])OP(=O)([O-])O	1.0
CC(C)=CCC/C(C)=C/CC/C(C)=C/CC/C(C)=C/CC/C(C)=C/CC/C(C)=C/CC/C(C)=C/COP(=O)([O-])OP(=O)([O-])[O-]>>C=CC(=C)CC/C=C(\C)CC/C=C(\C)CC/C=C(\C)CC/C=C(\C)CC/C=C(\C)CCC=C(C)C.O=P([O-])([O-])OP(=O)([O-])O	1.0
CC(C)=CCC/C(C)=C/CC/C(C)=C/CC/C(C)=C/CC/C(C)=C/CC/C(C)=C/CC/C(C)=C/Cc1c(C)c(O)c2ccccc2c1O.O=C([O-])/C=C/C(=O)[O-]>>CC(C)=CCC/C(C)=C/CC/C(C)=C/CC/C(C)=C/CC/C(C)=C/CC/C(C)=C/CC/C(C)=C/CC1=C(C)C(=O)c2ccccc2C1=O.O=C([O-])CCC(=O)[O-]	1.0
CC(C)=CCC/C(C)=C/CC/C(C)=C/CC/C(C)=C/COP(=O)([O-])OP(=O)([O-])[O-]>>C=C1CCC2=C(C(C)C)CC[C@@]2(C)C[C@@H]2[C@H](C)CC[C@@H]12.O=P([O-])([O-])OP(=O)([O-])O	1.0
CC(C)=CCC/C(C)=C/CC/C(C)=C/CC/C(C)=C/COP(=O)([O-])OP(=O)([O-])[O-]>>CC(C)=CCC/C(C)=C/CC/C(C)=C/CC/C(C)=C/[C@@H]1[C@@H](COP(=O)([O-])OP(=O)([O-])[O-])[C@]1(C)CC/C=C(\C)CC/C=C(\C)CCC=C(C)C.O=P([O-])([O-])OP(=O)([O-])O	1.0
CC(C)=CCC/C(C)=C/CC/C(C)=C/CO.O=P([O-])([O-])O>>CC(C)=CCC/C(C)=C/CC/C(C)=C/COP(=O)([O-])[O-].O	1.0
CC(C)=CCC/C(C)=C/CC/C(C)=C/COP(=O)([O-])OP(=O)([O-])[O-].O>>C/C1=C\CC[C@H](C)/C=C/[C@H](C(C)(C)O)CC1.O=P([O-])([O-])OP(=O)([O-])O	1.0
CC(C)=CCC/C(C)=C/CC/C(C)=C/COP(=O)([O-])OP(=O)([O-])[O-]>>C=C(C)[C@@H]1CC=C2CCC[C@@H](C)[C@@]2(C)C1.O=P([O-])([O-])OP(=O)([O-])O	1.0
CC(C)=CCC/C(C)=C/CC/C(C)=C/COP(=O)([O-])OP(=O)([O-])[O-]>>C=C1C=C2[C@@H](CC1)[C@H](C)CC[C@@H]2C(C)C.O=P([O-])([O-])OP(=O)([O-])O	1.0
CC(C)=CCC/C(C)=C/CC/C(C)=C/COP(=O)([O-])OP(=O)([O-])[O-]>>CC1=CC[C@@H]2C(=C(C)C)CC[C@@]2(C)CC1.O=P([O-])([O-])OP(=O)([O-])O	1.0
CC(C)=CCC/C(C)=C/CC/C(C)=C/[C@H]1[C@H](COP(=O)([O-])OP(=O)([O-])[O-])[C@@]1(C)CC/C=C(\C)CCC=C(C)C>>CC(C)=CCC/C(C)=C/CC/C(C)=C/C=C\C=C(/C)CC/C=C(\C)CCC=C(C)C.O=P([O-])([O-])OP(=O)([O-])O	1.0
CC(C)=CCC/C(C)=C/CC/C(C)=C/[C@H]1[C@H](COP(=O)([O-])[O-])[C@@]1(C)CC/C=C(\C)CCC=C(C)C.O>>CC(C)=CCC/C(C)=C/CC/C(C)=C/[C@H]1[C@H](CO)[C@@]1(C)CC/C=C(\C)CCC=C(C)C.O=P([O-])([O-])O	1.0
CC(C)=CCC/C(C)=C/CC/C(C)=C\COP(=O)([O-])OP(=O)([O-])[O-]>>C=C1[C@@H]2CC[C@]3(C2)[C@H](C)CC[C@@H]3C1(C)C.O=P([O-])([O-])OP(=O)([O-])O	1.0
CC(C)=CCC/C(C)=C/COP(=O)([O-])OP(=O)([O-])[O-].O=c1ccc2ccc(O)cc2o1>>CC(C)=CCC/C(C)=C/Cc1c(O)ccc2ccc(=O)oc12.O=P([O-])([O-])OP(=O)([O-])O	1.0
CC(C)=CCC/C(C)=C/COP(=O)([O-])OP(=O)([O-])[O-]>>C=C1[C@@H]2CC[C@@H](C2)C1(C)C.O=P([O-])([O-])OP(=O)([O-])O	1.0
CC(C)=CCC/C(C)=C/COP(=O)([O-])OP(=O)([O-])[O-]>>O=P([O-])([O-])OP(=O)([O-])O.C=C1C2CCC(C2)C1(C)C	1.0
CC(C)=CCC1=C(C)C(=O)c2ccccc2C1=O.[NH4+].O>>CC(C)=CCc1c(C)c(O)c2ccccc2c1O.O=N[O-].[H+]	1.0
CC(C)=CCCC(C)=CCC1CC2(CC=C(C)CCC=C(C)C)C(=O)C(=C(O)c3ccc(O)c(O)c3)C(=O)C(CC=C(C)C)(C2=O)C1(C)C.C#CC1(OC(C)=O)CCC2C3CCC4=CC(OC(C)=O)CCC4C3CCC21C.CCC(=O)O>>Cc1cc(-c2ccc(N=Nc3ccc4c(S(=O)(=O)O)cc(S(=O)(=O)O)c(N)c4c3O)c(C)c2)ccc1N=Nc1ccc2c(S(=O)(=O)O)cc(S(=O)(=O)O)c(N)c2c1O.C=CC(O)C#CC#CCC=CCCCCCCC.CCC(=O)S	0.6231883764266968
CC(C)=CCCC(C)=CCCC(C)=CCOP(=O)(O)OP(=O)(O)O.C=C(C)CCOP(=O)(O)OP(=O)(O)O>>CC(C)=CCCC(C)=CCOP(=O)(O)OP(=O)(O)O.O=P(O)(O)OP(=O)(O)O	1.0
CC(C)=CCCC(C)=CCCC(C)=CCOP(=O)(O)OP(=O)(O)O>>CC(C)=CCCC(C)=CCCC(C)=CC1C(COP(=O)(O)OP(=O)(O)O)C1(C)CCC=C(C)CCC=C(C)C.O=P(O)(O)OP(=O)(O)O.[H]	1.0
CC(C)=CCCC(C)=CCOP(=O)(O)OP(=O)(O)O>>O=P(O)(O)OP(=O)(O)O.C=C(C)C1CC=C(C)CC1	0.4166666567325592
CC(C)=CCCC1(C)C=Cc2c(O)c3c(c(CC=C(C)C)c2O1)OC12C(=CC4CC1C(C)(C)OC2(CC=C(C)C(=O)O)C4=O)C3=O.CC(C)=CCCC1(C)C=Cc2c(O)c3c(c(CC=C(C)C)c2O1)OC12C(=CC4CC1C(C)(C)OC2(CC=C(C)C(=O)O)C4=O)C3=O.C#CC1(OC(C)=O)CCC2C3CCC4=CC(OC(C)=O)CCC4C3CCC21C>>Nc1ncnc2c1ncn2[C@@H]1O[C@H](COP(=O)(O)OP(=O)(O)O)[C@@H](O)[C@H]1O.CCSC(N)=Nc1ccc(C(F)(F)F)cc1.NCC(=O)NCC(=O)O	0.565371036529541
CC(C)=CCCC1(C)C=Cc2c(O)c3c(c(CC=C(C)C)c2O1)OC12C(=CC4CC1C(C)(C)OC2(CC=C(C)C(=O)O)C4=O)C3=O.Oc1cc2c(cc1F)CCN[C@@H]2CCOc1ccccc1>>Nc1ccn(C2OC(CO)C(O)C2(F)F)c(=O)n1.CSCCCCCCC[C@@H](N)C(=O)O	0.6456692814826965
CC(C)=CCC[C@](C)(O[C@@H]1O[C@H](CO)[C@@H](O)[C@H](O)[C@H]1O)[C@H]1CC[C@]2(C)[C@@H]1[C@H](O)C[C@@H]1[C@@]3(C)CC[C@H](O)C(C)(C)[C@@H]3[C@@H](O[C@@H]3O[C@H](CO)[C@@H](O)[C@H](O)[C@H]3O[C@@H]3OC[C@@H](O)[C@H](O)[C@H]3O)C[C@]12C.O>>CC(C)=CCC[C@](C)(O[C@@H]1O[C@H](CO)[C@@H](O)[C@H](O)[C@H]1O)[C@H]1CC[C@]2(C)[C@@H]1[C@H](O)C[C@@H]1[C@@]3(C)CC[C@H](O)C(C)(C)[C@@H]3[C@@H](O[C@@H]3O[C@H](CO)[C@@H](O)[C@H](O)[C@H]3O)C[C@]12C.OC1OC[C@@H](O)[C@H](O)[C@H]1O	1.0
CC(C)=CCC[C@](C)(O[C@@H]1O[C@H](CO)[C@@H](O)[C@H](O)[C@H]1O)[C@H]1CC[C@]2(C)[C@@H]1[C@H](O)C[C@@H]1[C@@]3(C)CC[C@H](O[C@@H]4O[C@H](CO)[C@@H](O)[C@H](O)[C@H]4O[C@@H]4O[C@H](CO)[C@@H](O)[C@H](O)[C@H]4O)C(C)(C)[C@@H]3CC[C@]12C.O>>CC(C)=CCC[C@](C)(O)[C@H]1CC[C@]2(C)[C@@H]1[C@H](O)C[C@@H]1[C@@]3(C)CC[C@H](O[C@@H]4O[C@H](CO)[C@@H](O)[C@H](O)[C@H]4O[C@@H]4O[C@H](CO)[C@@H](O)[C@H](O)[C@H]4O)C(C)(C)[C@@H]3CC[C@]12C.OC[C@H]1OC(O)[C@H](O)[C@@H](O)[C@@H]1O	1.0
CC(C)=CCOP(=O)([O-])OP(=O)([O-])[O-].C=C(C)C#Cc1cc(O)ccc1O>>C=C(C)C#Cc1cc(O)cc(CC=C(C)C)c1O.O=P([O-])([O-])OP(=O)([O-])O	1.0
CC(C)=CC[C@H]1O[C@]1(C)[C@H]1[C@H](O)C(=O)CC[C@]12CO2.O=C([O-])CCC(=O)[O-].O=C=O>>CC(C)=CC[C@H]1O[C@]1(C)[C@H]1CC(=O)CC[C@]12CO2.O=C([O-])CCC(=O)C(=O)[O-].O=O	1.0
CC(C)=CCc1c(C)c(O)c2ccccc2c1O.C[S+](C)[O-]>>CC(C)=CCC1=C(C)C(=O)c2ccccc2C1=O.CSC.O	1.0
CC(C)C(=O)C(=O)[O-].[NH4+].OO>>CC(C)[C@H]([NH3+])C(=O)[O-].O=O.O	1.0
CC(C)C(=O)SCCNC(=O)CCNC(=O)[C@H](O)C(C)(C)COP(=O)([O-])OP(=O)([O-])OC[C@H]1O[C@@H](n2cnc3c(N)ncnc32)[C@H](O)[C@@H]1OP(=O)([O-])[O-].[Fe+2].[Fe+3].[S-2].[S-2].O=C=O.[H+]>>CC(C)(COP(=O)([O-])OP(=O)([O-])OC[C@H]1O[C@@H](n2cnc3c(N)ncnc32)[C@H](O)[C@@H]1OP(=O)([O-])[O-])[C@@H](O)C(=O)NCCC(=O)NCCS.CC(C)C(=O)C(=O)[O-].[Fe+3].[Fe+3].[S-2].[S-2]	1.0
CC(C)CC(=O)SCCNC(=O)CCNC(=O)C(O)C(C)(C)COP(=O)(O)OP(=O)(O)OCC1OC(n2cnc3c(N)ncnc32)C(O)C1OP(=O)(O)O.O>>CC(C)(COP(=O)(O)OP(=O)(O)OCC1OC(n2cnc3c(N)ncnc32)C(O)C1OP(=O)(O)O)C(O)C(=O)NCCC(=O)NCCS.CC(C)CC(=O)O	0.7878788113594055
CC(C)CC(=O)SCCNC(=O)CCNC(=O)[C@H](O)C(C)(C)COP(=O)([O-])OP(=O)([O-])OC[C@H]1O[C@@H](n2cnc3c(N)ncnc32)[C@H](O)[C@@H]1OP(=O)([O-])[O-].C[S+](CC[C@H]([NH3+])C(=O)[O-])C[C@H]1O[C@@H](n2cnc3c(N)ncnc32)[C@H](O)[C@@H]1O>>CC(C)(COP(=O)([O-])OP(=O)([O-])OC[C@H]1O[C@@H](n2cnc3c(N)ncnc32)[C@H](O)[C@@H]1OP(=O)([O-])[O-])[C@@H](O)C(=O)NCCC(=O)NCCS.CSC[C@H]1O[C@@H](n2cnc3c(N)ncnc32)[C@H](O)[C@@H]1O.CC(C)CC(=O)N[C@H]1CCOC1=O.[H+]	1.0
CC(C)CCCCC(=O)CC(=O)SCCNC(=O)CCNC(=O)[C@H](O)C(C)(C)COP(=O)([O-])OC[C@H](N)C=O.O=C(CO)COP(=O)([O-])[O-]>>CC(C)(COP(=O)([O-])OC[C@H](N)C=O)[C@@H](O)C(=O)NCCC(=O)NCCS.CC(C)CCCCC(=O)CC(=O)OCC(=O)COP(=O)([O-])[O-]	1.0
CC(C)CCC[C@@H](C)CCC[C@@H](C)CCC[C@@H](C)CCOC[C@@H](COP(=O)([O-])O)OCC[C@H](C)CCC[C@H](C)CCC[C@H](C)CCCC(C)C.C[S+](CC[C@H]([NH3+])C(=O)[O-])C[C@H]1O[C@@H](n2cnc3c(N)ncnc32)[C@H](O)[C@@H]1O.[H].[H]>>CC1CCC[C@@H](C)CCC[C@@H](C)CCC[C@@H](C)CCOC[C@@H](COP(=O)([O-])O)OCC[C@H](C)CCC[C@H](C)CCC[C@H](C)CCCC(C)CCC(C)CCC[C@@H](C)CCC[C@@H](C)CCC[C@@H](C)CCOC[C@@H](COP(=O)([O-])O)OCC[C@H](C)CCC[C@H](C)CCC[C@H](C)CCCC(C)CC1.C[C@H]1O[C@@H](n2cnc3c(N)ncnc32)[C@H](O)[C@@H]1O.CSCC[C@H]([NH3+])C(=O)[O-].[H+].[H]	1.0
CC(C)CCC[C@@H](C)[C@H]1CC[C@H]2C3=CC[C@H]4[C@H](C)C(=O)CC[C@]4(C)[C@H]3CC[C@]12C.Nc1ncnc2c1ncn2[C@@H]1O[C@H](CSCC[C@H]([NH3+])C(=O)[O-])[C@@H](O)[C@H]1O.[H+]>>C[S+](CC[C@H]([NH3+])C(=O)[O-])C[C@H]1O[C@@H](n2cnc3c(N)ncnc32)[C@H](O)[C@@H]1O.CC(C)CCC[C@@H](C)[C@H]1CC[C@H]2C3=CC[C@H]4CC(=O)CC[C@]4(C)[C@H]3CC[C@]12C	1.0
CC(C)C[C@H](N)C(O)=NCC(=O)O.O>>CC(C)CC(N)C(=O)O.NCC(=O)O	0.5555555820465088
CC(C)C[C@H](NC(=O)[C@@H]1CCC(=O)N1)C(=O)N[C@@H](Cc1ccc(O)cc1)C(=O)N[C@@H](CCC(=O)[O-])C(=O)N[C@@H](CC(N)=O)C(=O)N[C@@H](CCCC[NH3+])C(=O)N1CCC[C@H]1C(=O)[O-].NC(=[NH2+])NCCC[C@H]([NH3+])C(=O)[O-]>>CC(C)C[C@H](NC(=O)[C@@H]1CCC(=O)N1)C(=O)N[C@@H](Cc1ccc(O)cc1)C(=O)N[C@@H](CCC(=O)[O-])C(=O)N[C@@H](CC(N)=O)C(=O)N[C@@H](CCCC[NH3+])C(=O)N1CCC[C@H]1C(=O)N[C@@H](CCCNC(N)=[NH2+])C(=O)[O-].O	1.0
CC(C)C[C@H](NC=O)C(=O)[O-].O>>CC(C)C[C@H]([NH3+])C(=O)[O-].O=C[O-]	1.0
CC(C)C[C@H]([NH3+])C(=O)[O-].O=C([O-])CCC(=O)C(=O)[O-]>>[NH3+][C@@H](CCC(=O)[O-])C(=O)[O-].CC(C)CC(=O)C(=O)[O-]	1.0
CC(C)N=c1nc(Cl)nc(O)[nH]1.O>>CC(C)Nc1nc(O)nc(O)n1.[Cl-]	0.4655172526836395
CC(C)[C@@H](C)/C=C/[C@@H](C)[C@H]1CC[C@H]2C3=CC=C4C[C@@H](O)CC[C@]4(C)[C@H]3CC[C@]12C.OC[C@H]1OC(O)[C@H](O)[C@@H](O)[C@@H]1O>>CC(C)[C@@H](C)/C=C/[C@@H](C)[C@H]1CC[C@H]2C3=CC=C4C[C@@H](O[C@@H]5O[C@H](CO)[C@@H](O)[C@H](O)[C@H]5O)CC[C@]4(C)[C@H]3CC[C@]12C.O	1.0
CC(C)[C@@]1(CC[C@@H](C)[C@H]2CC[C@H]3[C@@H]4CC=C5C[C@@H](O)CC[C@]5(C)[C@H]4CC[C@]23C)O[C@@H]1C>>CC(C)=CCC[C@@H](C)[C@H]1CC[C@H]2[C@@H]3CC=C4C[C@@H](O)CC[C@]4(C)[C@H]3CC[C@]12C.CC=O	1.0
CC(C)c1c(CN(C)C(C)Cc2ccccc2)n(C)n(-c2ccccc2)c1=O.CCC=CCCO>>CCOC(=O)C=C(C)C=CC=C(C)C=Cc1c(C)cc(OC)c(C)c1C.CC(C)CCSCCC(C)C	0.7284768223762512
CC(N)=O>>CC#N.O	1.0
CC(O)(P(=O)(O)O)P(=O)(O)O.NC(N)=NCCSSCCN=C(N)N>>CNC(=O)C(Cc1c[nH]c2ccccc12)NC(=O)C(CC(=O)NO)CC(C)C.CN1C(=O)CN=C(c2ccccc2F)c2cc([N+](=O)[O-])ccc21.CCNCC(O)c1cccc(O)c1	0.601123571395874
CC(O)=N[C@@H](CS)C(=O)O.O>>NC(CS)C(=O)O.CC(=O)O	0.5
CC(OCc1ccccc1)C(=O)NCC1CCN(CC(F)(F)F)C1.CC(O)(P(=O)(O)O)P(=O)(O)O>>CN1C(=O)CN=C(c2ccccc2F)c2cc([N+](=O)[O-])ccc21.COc1ccc(CC(=O)NCC2CCN(CC(F)(F)F)C2)cc1F.CCNCC(O)c1cccc(O)c1	0.6530612111091614
CC/C=C\C/C=C\C/C=C\C/C=C\C/C=C\C/C=C\CCC(=O)O[C@H](COC(=O)CCCCCCCCCCCCCCC)COP(=O)([O-])OCC[N+](C)(C)C.Nc1ncnc2c1ncn2[C@@H]1O[C@H](CSCC[C@H]([NH3+])C(=O)[O-])[C@@H](O)[C@H]1O.[H+]>>CC/C=C\C/C=C\C/C=C\C/C=C\C/C=C\C/C=C\CCC(=O)O[C@H](COC(=O)CCCCCCCCCCCCCCC)COP(=O)([O-])OCC[NH+](C)C.C[S+](CC[C@H]([NH3+])C(=O)[O-])C[C@H]1O[C@@H](n2cnc3c(N)ncnc32)[C@H](O)[C@@H]1O	1.0
CC/C=C\C/C=C\C/C=C\C/C=C\C/C=C\C/C=C\CCC(=O)[O-].O=O>>CC/C=C\C/C=C\C[C@@H](/C=C/C=C\C/C=C\C/C=C\CCC(=O)[O-])OO	1.0
CC/C=C\C/C=C\C/C=C\C/C=C\C/C=C\C/C=C\CCCCCCCCC(=O)SCCNC(=O)CCNC(=O)[C@H](O)C(C)(C)COP(=O)([O-])OP(=O)([O-])OC[C@H]1O[C@@H](n2cnc3c(N)ncnc32)[C@H](O)[C@@H]1OP(=O)([O-])[O-].NC(=O)c1ccc[n+]([C@@H]2O[C@H](COP(=O)([O-])OP(=O)([O-])OC[C@H]3O[C@@H](n4cnc5c(N)ncnc54)[C@H](OP(=O)([O-])[O-])[C@@H]3O)[C@@H](O)[C@H]2O)c1>>CC/C=C\C/C=C\C/C=C\C/C=C\C/C=C\C/C=C\CCCCCC/C=C/C(=O)SCCNC(=O)CCNC(=O)[C@H](O)C(C)(C)COP(=O)([O-])OP(=O)([O-])OC[C@H]1O[C@@H](n2cnc3c(N)ncnc32)[C@H](O)[C@@H]1OP(=O)([O-])[O-].NC(=O)C1=CN([C@@H]2O[C@H](COP(=O)([O-])OP(=O)([O-])OC[C@H]3O[C@@H](n4cnc5c(N)ncnc54)[C@H](OP(=O)([O-])[O-])[C@@H]3O)[C@@H](O)[C@H]2O)C=CC1.[H+]	1.0
CC/C=C\C/C=C\C/C=C\C/C=C\C/C=C\C/C=C\CCCCCCCCCCCCCCC(=O)SCCNC(=O)CCNC(=O)[C@H](O)C(C)(C)COP(=O)([O-])OP(=O)([O-])OC[C@H]1O[C@@H](n2cnc3c(N)ncnc32)[C@H](O)[C@@H]1OP(=O)([O-])[O-].NC(=O)c1ccc[n+]([C@@H]2O[C@H](COP(=O)([O-])OP(=O)([O-])OC[C@H]3O[C@@H](n4cnc5c(N)ncnc54)[C@H](OP(=O)([O-])[O-])[C@@H]3O)[C@@H](O)[C@H]2O)c1>>CC/C=C\C/C=C\C/C=C\C/C=C\C/C=C\C/C=C\CCCCCCCCCCCC/C=C/C(=O)SCCNC(=O)CCNC(=O)[C@H](O)C(C)(C)COP(=O)([O-])OP(=O)([O-])OC[C@H]1O[C@@H](n2cnc3c(N)ncnc32)[C@H](O)[C@@H]1OP(=O)([O-])[O-].NC(=O)C1=CN([C@@H]2O[C@H](COP(=O)([O-])OP(=O)([O-])OC[C@H]3O[C@@H](n4cnc5c(N)ncnc54)[C@H](OP(=O)([O-])[O-])[C@@H]3O)[C@@H](O)[C@H]2O)C=CC1.[H+]	1.0
CC/C=C\C/C=C\C/C=C\C/C=C\C/C=C\CCCC(=O)SCCNC(=O)CCNC(=O)[C@H](O)C(C)(C)COP(=O)([O-])OP(=O)([O-])OC[C@H]1O[C@@H](n2cnc3c(N)ncnc32)[C@H](O)[C@@H]1OP(=O)([O-])[O-].CCCCCCCCCCCCCCCCCC(=O)OC[C@@H](O)COP(=O)([O-])O[C@@H]1[C@H](O)[C@H](O)[C@@H](O)[C@H](O)[C@H]1O>>CC/C=C\C/C=C\C/C=C\C/C=C\C/C=C\CCCC(=O)O[C@H](COC(=O)CCCCCCCCCCCCCCCCC)COP(=O)([O-])O[C@@H]1[C@H](O)[C@H](O)[C@@H](O)[C@H](O)[C@H]1O.CC(C)(COP(=O)([O-])OP(=O)([O-])OC[C@H]1O[C@@H](n2cnc3c(N)ncnc32)[C@H](O)[C@@H]1OP(=O)([O-])[O-])[C@@H](O)C(=O)NCCC(=O)NCCS	1.0
CC/C=C\C/C=C\C/C=C\C/C=C\C/C=C\CCCCCC(=O)O[C@H](CO)COP(=O)([O-])O[C@@H]1[C@H](O)[C@H](O)[C@@H](O)[C@H](O)[C@H]1O.CCCCCCCC/C=C\CCCCCCCC(=O)[O-].[H+]>>CC/C=C\C/C=C\C/C=C\C/C=C\C/C=C\CCCCCC(=O)O[C@H](COC(=O)CCCCCCC/C=C\CCCCCCCC)COP(=O)([O-])O[C@@H]1[C@H](O)[C@H](O)[C@@H](O)[C@H](O)[C@H]1O.O	1.0
CC/C=C\C/C=C\C/C=C\C/C=C\C/C=C\CCCCCCCCCCCCCCCCCCCC(=O)CC(=O)SCCNC(=O)CCNC(=O)[C@H](O)C(C)(C)COP(=O)([O-])OP(=O)([O-])OC[C@H]1O[C@@H](n2cnc3c(N)ncnc32)[C@H](O)[C@@H]1OP(=O)([O-])[O-].CC(C)(COP(=O)([O-])OP(=O)([O-])OC[C@H]1O[C@@H](n2cnc3c(N)ncnc32)[C@H](O)[C@@H]1OP(=O)([O-])[O-])[C@@H](O)C(=O)NCCC(=O)NCCS.O=C=O>>CC/C=C\C/C=C\C/C=C\C/C=C\C/C=C\CCCCCCCCCCCCCCCCCCCC(=O)SCCNC(=O)CCNC(=O)[C@H](O)C(C)(C)COP(=O)([O-])OP(=O)([O-])OC[C@H]1O[C@@H](n2cnc3c(N)ncnc32)[C@H](O)[C@@H]1OP(=O)([O-])[O-].CC(C)(COP(=O)([O-])OP(=O)([O-])OC[C@H]1O[C@@H](n2cnc3c(N)ncnc32)[C@H](O)[C@@H]1OP(=O)([O-])[O-])[C@@H](O)C(=O)NCCC(=O)NCCSC(=O)CC(=O)[O-].[H+]	1.0
CC/C=C\C/C=C\C/C=C\C/C=C\C/C=C\CCCCCCCCCCCCCCCCCCCC(=O)CC(=O)SCCNC(=O)CCNC(=O)[C@H](O)C(C)(C)COP(=O)([O-])OP(=O)([O-])OC[C@H]1O[C@@H](n2cnc3c(N)ncnc32)[C@H](O)[C@@H]1OP(=O)([O-])[O-].NC(=O)C1=CN([C@@H]2O[C@H](COP(=O)([O-])OP(=O)([O-])OC[C@H]3O[C@@H](n4cnc5c(N)ncnc54)[C@H](OP(=O)([O-])[O-])[C@@H]3O)[C@@H](O)[C@H]2O)C=CC1.[H+]>>CC/C=C\C/C=C\C/C=C\C/C=C\C/C=C\CCCCCCCCCCCCCCCCCCC[C@@H](O)CC(=O)SCCNC(=O)CCNC(=O)[C@H](O)C(C)(C)COP(=O)([O-])OP(=O)([O-])OC[C@H]1O[C@@H](n2cnc3c(N)ncnc32)[C@H](O)[C@@H]1OP(=O)([O-])[O-].NC(=O)c1ccc[n+]([C@@H]2O[C@H](COP(=O)([O-])OP(=O)([O-])OC[C@H]3O[C@@H](n4cnc5c(N)ncnc54)[C@H](OP(=O)([O-])[O-])[C@@H]3O)[C@@H](O)[C@H]2O)c1	1.0
CC/C=C\C/C=C\C/C=C\C/C=C\C/C=C\CCCCCCCCCCC[C@@H](O)CC(=O)SCCNC(=O)CCNC(=O)[C@H](O)C(C)(C)COP(=O)([O-])OP(=O)([O-])OC[C@H]1O[C@@H](n2cnc3c(N)ncnc32)[C@H](O)[C@@H]1OP(=O)([O-])[O-].NC(=O)c1ccc[n+]([C@@H]2O[C@H](COP(=O)([O-])OP(=O)([O-])OC[C@H]3O[C@@H](n4cnc5c(N)ncnc54)[C@H](OP(=O)([O-])[O-])[C@@H]3O)[C@@H](O)[C@H]2O)c1>>CC/C=C\C/C=C\C/C=C\C/C=C\C/C=C\CCCCCCCCCCCC(=O)CC(=O)SCCNC(=O)CCNC(=O)[C@H](O)C(C)(C)COP(=O)([O-])OP(=O)([O-])OC[C@H]1O[C@@H](n2cnc3c(N)ncnc32)[C@H](O)[C@@H]1OP(=O)([O-])[O-].NC(=O)C1=CN([C@@H]2O[C@H](COP(=O)([O-])OP(=O)([O-])OC[C@H]3O[C@@H](n4cnc5c(N)ncnc54)[C@H](OP(=O)([O-])[O-])[C@@H]3O)[C@@H](O)[C@H]2O)C=CC1.[H+]	1.0
CC/C=C\C/C=C\C/C=C\C/C=C\CCCCC(=O)CC(=O)SCCNC(=O)CCNC(=O)[C@H](O)C(C)(C)COP(=O)([O-])OP(=O)([O-])OC[C@H]1O[C@@H](n2cnc3c(N)ncnc32)[C@H](O)[C@@H]1OP(=O)([O-])[O-].CC(C)(COP(=O)([O-])OP(=O)([O-])OC[C@H]1O[C@@H](n2cnc3c(N)ncnc32)[C@H](O)[C@@H]1OP(=O)([O-])[O-])[C@@H](O)C(=O)NCCC(=O)NCCS.O=C=O>>CC/C=C\C/C=C\C/C=C\C/C=C\CCCCC(=O)SCCNC(=O)CCNC(=O)[C@H](O)C(C)(C)COP(=O)([O-])OP(=O)([O-])OC[C@H]1O[C@@H](n2cnc3c(N)ncnc32)[C@H](O)[C@@H]1OP(=O)([O-])[O-].CC(C)(COP(=O)([O-])OP(=O)([O-])OC[C@H]1O[C@@H](n2cnc3c(N)ncnc32)[C@H](O)[C@@H]1OP(=O)([O-])[O-])[C@@H](O)C(=O)NCCC(=O)NCCSC(=O)CC(=O)[O-].[H+]	1.0
CC/C=C\C/C=C\C/C=C\CC/C=C\CCCC=O.[Fe+3].O>>CC/C=C\C/C=C\C/C=C\CCCCCCCC=O.[Fe+2].[H+].O=O	1.0
CC/C=C\C/C=C\C/C=C\CCCCCCCC(=O)OCC(COC(=O)CCCCCCC/C=C\C/C=C\C/C=C\CC)OC(=O)CCCCCCC/C=C\C/C=C\C/C=C\CC.O>>CC/C=C\C/C=C\C/C=C\CCCCCCCC(=O)OC[C@@H](CO)OC(=O)CCCCCCC/C=C\C/C=C\C/C=C\CC.CC/C=C\C/C=C\C/C=C\CCCCCCCC(=O)[O-].[H+]	1.0
CC/C=C\C/C=C\C/C=C\CCCCCCCC(=O)[O-].O=O>>CC/C=C\C/C=C\C[C@H](/C=C/CCCCCCC(=O)[O-])OO	1.0
CC/C=C\C/C=C\C=C\[C@H](O)C/C=C\C/C=C\CCCC(=O)[O-].[H].O>>CC/C=C\C/C=C\C/C=C\C/C=C\C/C=C\CCCC(=O)[O-].[H].[H].O=O	1.0
CC/C=C\C/C=C\CCCCC(=O)CC(=O)SCCNC(=O)CCNC(=O)[C@H](O)C(C)(C)COP(=O)([O-])OP(=O)([O-])OC[C@H]1O[C@@H](n2cnc3c(N)ncnc32)[C@H](O)[C@@H]1OP(=O)([O-])[O-].NC(=O)C1=CN([C@@H]2O[C@H](COP(=O)([O-])OP(=O)([O-])OC[C@H]3O[C@@H](n4cnc5c(N)ncnc54)[C@H](O)[C@@H]3O)[C@@H](O)[C@H]2O)C=CC1.[H+]>>CC/C=C\C/C=C\CCCC[C@H](O)CC(=O)SCCNC(=O)CCNC(=O)[C@H](O)C(C)(C)COP(=O)([O-])OP(=O)([O-])OC[C@H]1O[C@@H](n2cnc3c(N)ncnc32)[C@H](O)[C@@H]1OP(=O)([O-])[O-].NC(=O)c1ccc[n+]([C@@H]2O[C@H](COP(=O)([O-])OP(=O)([O-])OC[C@H]3O[C@@H](n4cnc5c(N)ncnc54)[C@H](O)[C@@H]3O)[C@@H](O)[C@H]2O)c1	1.0
CC/C=C\C/C=C\C[C@H](/C=C/CCCCCCC(=O)[O-])OO>>CC/C=C\C/C=C\C/C=C\CCCCCCCC(=O)[O-].O=O	1.0
CC/C=C\C[C@@H](O)/C=C/C=C\C/C=C\C/C=C\C/C=C\CCC(=O)[O-].[H].O>>CC/C=C\C/C=C\C/C=C\C/C=C\C/C=C\C/C=C\CCC(=O)[O-].[H].[H].O=O	1.0
CC/C=C\C[C@@H]1C(=O)CC[C@@H]1CCCC(O)CC(=O)SCCNC(=O)CCNC(=O)[C@H](O)C(C)(C)COP(=O)(O)OP(=O)(O)OC[C@H]1O[C@@H](n2cnc3c(N)ncnc32)[C@H](O)[C@@H]1OP(=O)(O)O>>CC/C=C\C[C@@H]1C(=O)CC[C@@H]1CCC/C=C/C(=O)SCCNC(=O)CCNC(=O)[C@H](O)C(C)(C)COP(=O)(O)OP(=O)(O)OC[C@H]1O[C@@H](n2cnc3c(N)ncnc32)[C@H](O)[C@@H]1OP(=O)(O)O.CCOc1ccc2c3c1OC1C(O)C=CC4C(C2)N(C)CCC341	0.9024389982223511
CC/C=C\C[C@@H]1OC1=C/C=C\CCCCCCCC(=O)[O-].O>>CC/C=C\C[C@@H](/C=C/C=C\CCCCCCCC(=O)[O-])OO	1.0
CC/C=C\C[C@H](/C=C/C=C\CCCCCCCC(=O)[O-])OO>>CC/C=C\C/C=C\[C@@H](/C=C\CCCCCCCC(=O)[O-])OO	1.0
CC1(C)O[C@H]2CC(=O)OC[C@]23[C@H]2CC[C@@]4(C)[C@H](c5ccoc5)OC(=O)[C@H]5O[C@]54[C@]2(C)C(=O)C[C@@H]13.O>>CC1(C)O[C@@H](CC(=O)[O-])[C@]2(CO)[C@H]3CC[C@@](C)([C@@H](O)c4ccoc4)[C@@]4(O[C@@H]4C(=O)[O-])[C@]3(C)C(=O)C[C@@H]12.[H+]	1.0
CC1(C)S[C@@H]2[C@H](NC(=O)CCC[C@H]([NH3+])C(=O)[O-])C(=O)N2[C@H]1C(=O)[O-]>>CC1(C)S[C@@H]2[C@H](NC(=O)CCC[C@@H]([NH3+])C(=O)[O-])C(=O)N2[C@H]1C(=O)[O-]	1.0
CC1(C)[C@H]2CC(=O)O[C@]1(C)CC2=O>>CC1=CC(=O)[C@H](CC(=O)[O-])C1(C)C.[H+]	1.0
CC12CCC(=O)C=C1CCC1C2C(O)CC2(C)C1CCC2(O)C(=O)COP(=O)(O)O>>O=C([O-])CNC(=O)c1ccccc1I.[Na+]	0.31081080436706543
CC1=C(/C=C/C(C)=C/C=C/C(C)=C/C=C/C=C(C)/C=C/C=C(C)/C=C/C2=C(C)C(=O)[C@@H](O)CC2(C)C)C(C)(C)C[C@H](O)C1.[H].[H].O=O>>CC1=C(/C=C/C(C)=C/C=C/C(C)=C/C=C/C=C(C)/C=C/C=C(C)/C=C/C2=C(C)C(=O)[C@@H](O)CC2(C)C)C(C)(C)C[C@H](O)C1=O.[H].O	1.0
CC1=C(/C=C/C(C)=C/C=C/C(C)=C/C=C/C=C(C)/C=C/C=C(C)/C=C/C2=C(C)C[C@@H](O)CC2(C)C)C(C)(C)CCC1.[Fe+2].[Fe+3].[S-2].[S-2].[H+].O=O>>CC1=C(/C=C/C(C)=C/C=C/C(C)=C/C=C/C=C(C)/C=C/C=C(C)/C=C/[C@@]23O[C@]2(C)C[C@@H](O)CC3(C)C)C(C)(C)CCC1.[Fe+3].[Fe+3].[S-2].[S-2].O	1.0
CC1=C(C(=O)O)N2C(=O)C(NC(=O)C(N)c3ccccc3)C2SC1.O>>CC(C)CBr	0.8500000238418579
CC1=C(C)c2cc3[n-]c(c(C)c4nc(c5c6[n-]c(cc1n2)cc6C(=O)C5)[C@@H](CCC(=O)[O-])[C@@H]4C)c(C)c3C(C)O.C[S+](CC[C@H]([NH3+])C(=O)[O-])C[C@H]1O[C@@H](n2cnc3c(N)ncnc32)[C@H](O)[C@@H]1O.[Mg+2].O>>CC1=C(CO)c2cc3[n-]c(c(C)c4nc(c5c6[n-]c(cc1n2)cc6C(=O)C5)[C@@H](CCC(=O)[O-])[C@@H]4C)c(C)c3C(C)O.C[C@H]1O[C@@H](n2cnc3c(N)ncnc32)[C@H](O)[C@@H]1O.CSCC[C@H]([NH3+])C(=O)[O-].[Mg+2].[H+]	1.0
CC1=C(COP(=O)([O-])[O-])[C@@]2(C)CCCC(C)(C)[C@@H]2CC1.O>>CC1=C(CO)[C@@]2(C)CCCC(C)(C)[C@@H]2CC1.O=P([O-])([O-])O	1.0
CC1=C2[N-][C@@](C)([C@@H]3N=C(C(C)C4=N[C@@](C)(CC5=C(CCC(=O)[O-])[C@](C)(CC(=O)[O-])C1=N5)C(C)=C4CCC(=O)[O-])[C@](C)(CCC(=O)[O-])[C@H]3CC(=O)[O-])[C@@](C)(CC(=O)[O-])[C@@H]2CCC(=O)[O-].[Co+]>>C/C1=C2/[N-][C@H]([C@H](CC(=O)[O-])[C@@]2(C)CCC(=O)[O-])[C@]2(C)N=C(/C(C)=C3\N=C(/C=C4\N=C1[C@@H](CCC(=O)[O-])C4(C)C)[C@@H](CCC(=O)[O-])[C@]3(C)CC(=O)[O-])[C@@H](CCC(=O)[O-])[C@]2(C)CC(=O)[O-].[Co+2]	1.0
CC1=C2[N-][C@H]([C@H](CC(=O)[O-])[C@@]2(C)CCC(=O)[O-])[C@]2(C)N=C(C(C)=C3N=C(C=C4N=C1[C@@H](CCC(=O)[O-])C4(C)C)[C@@H](CCC(=O)[O-])[C@]3(C)CC(N)=O)[C@@H](CCC(=O)[O-])[C@]2(C)CC(N)=O.Nc1ncnc2c1ncn2[C@@H]1O[C@H](COP(=O)([O-])OP(=O)([O-])[O-])[C@@H](O)[C@H]1O.[NH3+][C@@H](CCC(=O)[O-])C(=O)[O-].O=P([O-])([O-])O.[Co+].[H+]>>CC1=C2[N-][C@H]([C@H](CC(=O)[O-])[C@@]2(C)CCC(=O)[O-])[C@]2(C)N=C(C(C)=C3N=C(C=C4N=C1[C@@H](CCC(=O)[O-])C4(C)C)[C@@H](CCC(=O)[O-])[C@]3(C)CC(N)=O)[C@@H](CCC(=O)[O-])[C@]2(C)CC(=O)[O-].Nc1ncnc2c1ncn2[C@@H]1O[C@H](COP(=O)([O-])OP(=O)([O-])OP(=O)([O-])[O-])[C@@H](O)[C@H]1O.NC(=O)CC[C@H]([NH3+])C(=O)[O-].[Co+].O	1.0
CC1=CC2Cc3[nH]c(=O)ccc3C3(C1)NCCCC23.NC(=O)OCC(COC(N)=O)c1ccccc1>>CCCCC=CC=CCC(=O)OC12CC(C)C3(O)C(C=C(CO)CC4(O)C(=O)C(C)=CC43)C1C2(C)C.O=[N+]([O-])c1ccc(O)cc1C(F)(F)F	0.7314285635948181
CC1=CC[C@]2(C)C[C@H]1[C@]1(C)CCC[C@]21C.O=P([O-])([O-])OP(=O)([O-])O>>CC(C)=CCC/C(C)=C/CC/C(C)=C/COP(=O)([O-])OP(=O)([O-])[O-]	1.0
CC1=C[C@@H]2[C@H](CC1)C(C)=CC[C@H]2C(C)C.O=P([O-])([O-])OP(=O)([O-])O>>CC(C)=CCC/C(C)=C/CC/C(C)=C/COP(=O)([O-])OP(=O)([O-])[O-]	1.0
CC1=[NH+][C@H](C(=O)[O-])CCN1.O=C([O-])CCC(=O)C(=O)[O-].O=O>>CC1=[NH+][C@H](C(=O)[O-])[C@@H](O)CN1.O=C([O-])CCC(=O)[O-].O=C=O	1.0
CC1CCC2C13CCC1(C)OC2(C)C([NH2+]CCCCC[NH+](C)C)C1C3.[H+]>>CC1CCC2C3(C)[CH+]C4CC12CCC4(C)O3.C[NH+](C)CCCCC[NH3+]	1.0
CC1OC(OC2C(CO)OC(OC3C(CO)OC(COCC4OC(OC5C(CO)OC(OC6C(CO)OC(O)C(O)C6O)C(O)C5O)C(O)C(O)C4O)C(O)C3O)C(O)C2O)C(O)C(O)C1O.O>>OCC1OC(OC2C(CO)OC(OC3C(CO)OC(O)C(O)C3O)C(O)C2O)C(O)C(O)C1O	0.09090909361839294
CCC(=O)SCCNC(=O)CCNC(=O)[C@H](O)C(C)(C)COP(=O)([O-])OP(=O)([O-])OC[C@H]1O[C@@H](n2cnc3c(N)ncnc32)[C@H](O)[C@@H]1OP(=O)([O-])[O-].NC(=O)C1=CN([C@@H]2O[C@H](COP(=O)([O-])OP(=O)([O-])OC[C@H]3O[C@@H](n4cnc5c(N)ncnc54)[C@H](O)[C@@H]3O)[C@@H](O)[C@H]2O)C=CC1.[H+]>>NC(=O)c1ccc[n+]([C@@H]2O[C@H](COP(=O)([O-])OP(=O)([O-])OC[C@H]3O[C@@H](n4cnc5c(N)ncnc54)[C@H](O)[C@@H]3O)[C@@H](O)[C@H]2O)c1.CC(C)(COP(=O)([O-])OP(=O)([O-])OC[C@H]1O[C@@H](n2cnc3c(N)ncnc32)[C@H](O)[C@@H]1OP(=O)([O-])[O-])[C@@H](O)C(=O)NCCC(=O)NCCS.CCC=O	1.0
CCC(C)=O.[Fe+2].[H+]>>CCC(C)O.[Fe+3]	1.0
CCC(C)C(NC(=O)C(NC(=O)C12CC3CC(CC(C3)C1)C2)C(C)C)C(=O)NC(C)C(=O)OC>>CN(P(F)(F)=S)P(=S)(Cl)Cl	0.5392156839370728
CCC(O)/C=C/C=C\C/C=C\C/C=C\C=C\[C@H](CCCC(=O)[O-])OO>>CCC(O)/C=C/C=C\C/C=C\C/C=C\C/C=C\CCCC(=O)[O-].O=O	1.0
CCCC(=O)NCC(=O)Nc1ccc(C)c(Cl)c1>>CCOc1ccc2c3c1OC1C(O)C=CC4C(C2)N(C)CCC341.CCCC(=O)NCC(=O)Nc1ccc(OCC)cc1	0.7037037014961243
CCCC(=O)SCCNC(=O)CCNC(=O)[C@H](O)C(C)(C)COP(=O)([O-])OP(=O)([O-])OC[C@H]1O[C@@H](n2cnc3c(N)ncnc32)[C@H](O)[C@@H]1OP(=O)([O-])[O-].CCCCCCCC/C=C\CCCCCCCC(=O)OC(CO)CO>>CC(C)(COP(=O)([O-])OP(=O)([O-])OC[C@H]1O[C@@H](n2cnc3c(N)ncnc32)[C@H](O)[C@@H]1OP(=O)([O-])[O-])[C@@H](O)C(=O)NCCC(=O)NCCS.CCCCCCCC/C=C\CCCCCCCC(=O)OC(CO)COC(=O)CCC	1.0
CCCC/C=C\C=C\C=C/CCCCCCCC=O.[Fe+3].O>>CCCCC/C=C\C/C=C\CCCCCCCC=O.[Fe+2].[H+].O=O	1.0
CCCCC(=O)OCC.O>>CCCCC(=O)O.CCO	1.0
CCCCC(CC)COC(=O)c1ccccc1C(=O)OCC(CC)CCCC.O>>CCCCC(CC)COC(=O)c1ccccc1C(=O)[O-].CCCCC(CC)CO.[H+]	1.0
CCCCC/C=C\C/C=C\C/C=C\C/C=C\C/C=C\CCC(=O)CC(=O)SCCNC(=O)CCNC(=O)[C@H](O)C(C)(C)COP(=O)([O-])OP(=O)([O-])OC[C@H]1O[C@@H](n2cnc3c(N)ncnc32)[C@H](O)[C@@H]1OP(=O)([O-])[O-].NC(=O)C1=CN([C@@H]2O[C@H](COP(=O)([O-])OP(=O)([O-])OC[C@H]3O[C@@H](n4cnc5c(N)ncnc54)[C@H](O)[C@@H]3O)[C@@H](O)[C@H]2O)C=CC1.[H+]>>CCCCC/C=C\C/C=C\C/C=C\C/C=C\C/C=C\CC[C@H](O)CC(=O)SCCNC(=O)CCNC(=O)[C@H](O)C(C)(C)COP(=O)([O-])OP(=O)([O-])OC[C@H]1O[C@@H](n2cnc3c(N)ncnc32)[C@H](O)[C@@H]1OP(=O)([O-])[O-].NC(=O)c1ccc[n+]([C@@H]2O[C@H](COP(=O)([O-])OP(=O)([O-])OC[C@H]3O[C@@H](n4cnc5c(N)ncnc54)[C@H](O)[C@@H]3O)[C@@H](O)[C@H]2O)c1	1.0
CCCCC/C=C\C/C=C\C/C=C\C/C=C\CCCC(=O)NCCOC(=O)CCCCCCC/C=C\CCCCCCCC.C[N+](C)(C)CCOP(=O)([O-])OC[C@H](O)CO>>CCCCCCCC/C=C\CCCCCCCC(=O)OC[C@H](COP(=O)([O-])OCC[N+](C)(C)C)OC(=O)CCCCCCC/C=C\CCCCCCCC.CCCCC/C=C\C/C=C\C/C=C\C/C=C\CCCC(=O)NCCO	1.0
CCCCC/C=C\C/C=C\C/C=C\C/C=C\CCCC(=O)OC[C@@H](O)COP(=O)([O-])OCC[N+](C)(C)C.O>>CCCCC/C=C\C/C=C\C/C=C\C/C=C\CCCC(=O)OC[C@@H](O)COP(=O)([O-])[O-].C[N+](C)(C)CCO.[H+]	1.0
CCCCC/C=C\C/C=C\C/C=C\C/C=C\CCCC(=O)O[C@H](CO)COP(=O)([O-])OCC[N+](C)(C)C.[H].[H].O=O>>CCCCC[C@H](O)/C=C/C=C\C/C=C\C/C=C\CCCC(=O)O[C@H](CO)COP(=O)([O-])OCC[N+](C)(C)C.[H].O	1.0
CCCCC/C=C\C/C=C\C/C=C\C/C=C\CCCC(=O)O[C@H](CO)COP(=O)([O-])OCC[NH3+].CCCCCCCCCCCCCCCC(=O)[O-].[H+]>>CCCCC/C=C\C/C=C\C/C=C\C/C=C\CCCC(=O)O[C@H](COC(=O)CCCCCCCCCCCCCCC)COP(=O)([O-])OCC[NH3+].O	1.0
CCCCC/C=C\C/C=C\C/C=C\C/C=C\CCCC(=O)O[C@H](CO/C=C\CCCCCCCCCCCCCC)COP(=O)([O-])OCC[N+](C)(C)C.O>>CCCCCCCCCCCCCC/C=C\OC[C@@H](O)COP(=O)([O-])OCC[N+](C)(C)C.CCCCC/C=C\C/C=C\C/C=C\C/C=C\CCCC(=O)[O-].[H+]	1.0
CCCCC/C=C\C/C=C\C/C=C\C/C=C\CCCC(=O)O[C@H](COC(=O)CCCCCCCCCCCCCCCCC)COP(=O)([O-])OCC[NH3+].O=O>>CCCCCCCCCCCCCCCCCC(=O)OC[C@H](COP(=O)([O-])OCC[NH3+])OC(=O)CCC/C=C\C/C=C\C/C=C\C=C\C(CCCCC)OO	1.0
CCCCC/C=C\C/C=C\C/C=C\C/C=C\CCCC(=O)[O-].[H].[H].O=O>>CCCCC/C=C\C=C\[C@H](O)C/C=C\C/C=C\CCCC(=O)[O-].[H].O	1.0
CCCCC/C=C\C/C=C\C/C=C\C/C=C\CCCCCCC/C=C/C(=O)SCCNC(=O)CCNC(=O)[C@H](O)C(C)(C)COP(=O)([O-])OP(=O)([O-])OC[C@H]1O[C@@H](n2cnc3c(N)ncnc32)[C@H](O)[C@@H]1OP(=O)([O-])[O-].NC(=O)C1=CN([C@@H]2O[C@H](COP(=O)([O-])OP(=O)([O-])OC[C@H]3O[C@@H](n4cnc5c(N)ncnc54)[C@H](OP(=O)([O-])[O-])[C@@H]3O)[C@@H](O)[C@H]2O)C=CC1.[H+]>>CCCCC/C=C\C/C=C\C/C=C\C/C=C\CCCCCCCCCC(=O)SCCNC(=O)CCNC(=O)[C@H](O)C(C)(C)COP(=O)([O-])OP(=O)([O-])OC[C@H]1O[C@@H](n2cnc3c(N)ncnc32)[C@H](O)[C@@H]1OP(=O)([O-])[O-].NC(=O)c1ccc[n+]([C@@H]2O[C@H](COP(=O)([O-])OP(=O)([O-])OC[C@H]3O[C@@H](n4cnc5c(N)ncnc54)[C@H](OP(=O)([O-])[O-])[C@@H]3O)[C@@H](O)[C@H]2O)c1	1.0
CCCCC/C=C\C/C=C\C/C=C\CCCC/C=C/C(=O)SCCNC(=O)CCNC(=O)[C@H](O)C(C)(C)COP(=O)([O-])OP(=O)([O-])OC[C@H]1O[C@@H](n2cnc3c(N)ncnc32)[C@H](O)[C@@H]1OP(=O)([O-])[O-].NC(=O)C1=CN([C@@H]2O[C@H](COP(=O)([O-])OP(=O)([O-])OC[C@H]3O[C@@H](n4cnc5c(N)ncnc54)[C@H](OP(=O)([O-])[O-])[C@@H]3O)[C@@H](O)[C@H]2O)C=CC1.[H+]>>CCCCC/C=C\C/C=C\C/C=C\CCCCCCC(=O)SCCNC(=O)CCNC(=O)[C@H](O)C(C)(C)COP(=O)([O-])OP(=O)([O-])OC[C@H]1O[C@@H](n2cnc3c(N)ncnc32)[C@H](O)[C@@H]1OP(=O)([O-])[O-].NC(=O)c1ccc[n+]([C@@H]2O[C@H](COP(=O)([O-])OP(=O)([O-])OC[C@H]3O[C@@H](n4cnc5c(N)ncnc54)[C@H](OP(=O)([O-])[O-])[C@@H]3O)[C@@H](O)[C@H]2O)c1	1.0
CCCCC/C=C\C/C=C\C/C=C\CCCCCCC(=O)[O-].O=O>>CCCCCC(/C=C/C=C\C/C=C\CCCCCCC(=O)[O-])OO	1.0
CCCCC/C=C\C/C=C\CCCCCCCC(=O)OC[C@@H](O)COP(=O)([O-])OCC(O)COP(=O)([O-])OC[C@@H](COC(=O)CCCCCCC/C=C\C/C=C\CCCCC)OC(=O)CCCCCCC/C=C\C/C=C\CCCCC.CCCCC/C=C\C/C=C\CCCCCCCC(=O)[O-].[H+]>>CCCCC/C=C\C/C=C\CCCCCCCC(=O)OC[C@H](COP(=O)([O-])OCC(O)COP(=O)([O-])OC[C@@H](COC(=O)CCCCCCC/C=C\C/C=C\CCCCC)OC(=O)CCCCCCC/C=C\C/C=C\CCCCC)OC(=O)CCCCCCC/C=C\C/C=C\CCCCC.O	1.0
CCCCC/C=C\C/C=C\CCCCCCCC(=O)O[C@H](COC(=O)CCCCCCCCCCCCCCC)COP(=O)([O-])OCCNC(=O)CCCCCCC.O>>CCCCC/C=C\C/C=C\CCCCCCCC(=O)O[C@H](COC(=O)CCCCCCCCCCCCCCC)COP(=O)([O-])[O-].CCCCCCCC(=O)NCCO.[H+]	1.0
CCCCC/C=C\C/C=C\CCCCCCCC(=O)O[C@H](COC(=O)CCCCCCCCCCCCCCC)COP(=O)([O-])OCC[N+](C)(C)C.CCCCCCCCCCCCCCCC(=O)OC[C@@H](O)COP(=O)([O-])OC[C@@H](O)CO>>CCCCC/C=C\C/C=C\CCCCCCCC(=O)O[C@H](COC(=O)CCCCCCCCCCCCCCC)COP(=O)([O-])OC[C@@H](O)CO.CCCCCCCCCCCCCCCC(=O)OC[C@@H](O)COP(=O)([O-])OCC[N+](C)(C)C	1.0
CCCCC/C=C\C/C=C\CCCCCCCC(=O)O[C@H](COC(=O)CCCCCCCCCCCCCCC)COP(=O)([O-])OCC[NH3+].O>>CCCCCCCCCCCCCCCC(=O)OC[C@@H](O)COP(=O)([O-])OCC[NH3+].CCCCC/C=C\C/C=C\CCCCCCCC(=O)[O-].[H+]	1.0
CCCCC/C=C\C/C=C\CCCCCCCC(=O)SCCNC(=O)CCNC(=O)[C@H](O)C(C)(C)COP(=O)([O-])OP(=O)([O-])OC[C@H]1O[C@@H](n2cnc3c(N)ncnc32)[C@H](O)[C@@H]1OP(=O)([O-])[O-].CCCCC/C=C\C/C=C\CCCCCCCC(=O)OC[C@@H](O)COP(=O)([O-])OCC(O)COP(=O)([O-])OC[C@@H](COC(=O)CCCCCCC/C=C\C/C=C\CCCCC)OC(=O)CCCCCCC/C=C\C/C=C\CCCCC>>CCCCC/C=C\C/C=C\CCCCCCCC(=O)OC[C@H](COP(=O)([O-])OCC(O)COP(=O)([O-])OC[C@@H](COC(=O)CCCCCCC/C=C\C/C=C\CCCCC)OC(=O)CCCCCCC/C=C\C/C=C\CCCCC)OC(=O)CCCCCCC/C=C\C/C=C\CCCCC.CC(C)(COP(=O)([O-])OP(=O)([O-])OC[C@H]1O[C@@H](n2cnc3c(N)ncnc32)[C@H](O)[C@@H]1OP(=O)([O-])[O-])[C@@H](O)C(=O)NCCC(=O)NCCS	1.0
CCCCC/C=C\C/C=C\C[C@H](/C=C/C=C\CCCC(=O)[O-])OO>>CCCCC/C=C\C/C=C\C/C=C\C/C=C\CCCC(=O)[O-].O=O	1.0
CCCCC/C=C\C/C=C\[C@@H](CCCCCCC(=O)[O-])OO>>CCCCC/C=C\C/C=C\[C@H](O)CC[C@@H](O)CCCC(=O)[O-]	1.0
CCCCC/C=C\C[C@@H]1O[C@@H]1/C=C/C(O)C/C=C\CCCC(=O)[O-].O>>CCCCC/C=C\C[C@@H](O)C(O)/C=C/C(O)C/C=C\CCCC(=O)[O-]	1.0
CCCCC/C=C\C[C@H](/C=C/C=C\CCCCC(=O)[O-])OO>>CCCCC/C=C\C/C=C\C/C=C\CCCCC(=O)[O-].O=O	1.0
CCCCCC/C=C\CC(=O)SCCNC(=O)CCNC(=O)[C@H](O)C(C)(C)COP(=O)([O-])OP(=O)([O-])OC[C@H]1O[C@@H](n2cnc3c(N)ncnc32)[C@H](O)[C@@H]1OP(=O)([O-])[O-]>>CCCCCCCC=CC(=O)SCCNC(=O)CCNC(=O)C(O)C(C)(C)COP(=O)(O)OP(=O)(O)OCC1OC(n2cnc3c(N)ncnc32)C(O)C1OP(=O)(O)O	0.8786126971244812
CCCCCC/C=C\CCCCCCCC(=O)[O-].[NH4+]>>CCCCCC/C=C\CCCCCCCC(N)=O.O	1.0
CCCCCC/C=C\CCCCCCCCC[C@@H](O)CC(=O)SCCNC(=O)CCNC(=O)[C@H](O)C(C)(C)COP(=O)([O-])OP(=O)([O-])OC[C@H]1O[C@@H](n2cnc3c(N)ncnc32)[C@H](O)[C@@H]1OP(=O)([O-])[O-].NC(=O)c1ccc[n+]([C@@H]2O[C@H](COP(=O)([O-])OP(=O)([O-])OC[C@H]3O[C@@H](n4cnc5c(N)ncnc54)[C@H](OP(=O)([O-])[O-])[C@@H]3O)[C@@H](O)[C@H]2O)c1>>CCCCCC/C=C\CCCCCCCCCC(=O)CC(=O)SCCNC(=O)CCNC(=O)[C@H](O)C(C)(C)COP(=O)([O-])OP(=O)([O-])OC[C@H]1O[C@@H](n2cnc3c(N)ncnc32)[C@H](O)[C@@H]1OP(=O)([O-])[O-].NC(=O)C1=CN([C@@H]2O[C@H](COP(=O)([O-])OP(=O)([O-])OC[C@H]3O[C@@H](n4cnc5c(N)ncnc54)[C@H](OP(=O)([O-])[O-])[C@@H]3O)[C@@H](O)[C@H]2O)C=CC1.[H+]	1.0
CCCCCC/C=C\CCCCC[C@@H](O)CC(=O)SCCNC(=O)CCNC(=O)[C@H](O)C(C)(C)COP(=O)([O-])OC[C@H](N)C=O>>CCCCCC/C=C\CCCCC/C=C/C(=O)SCCNC(=O)CCNC(=O)[C@H](O)C(C)(C)COP(=O)([O-])OC[C@H](N)C=O.O	1.0
CCCCCC1C(=O)N(c2ccccc2)C(=O)N(C2CCCCC2)C1=O>>CC[C@H]1CN2CCc3c(cc(OC)c(OC)c3O)[C@@H]2C[C@@H]1CCO	0.43718594312667847
CCCCCCC(O)CCCCCCCCCCC(=O)SCCNC(=O)CCNC(=O)[C@H](O)C(C)(C)COP(=O)([O-])OP(=O)([O-])OC[C@H]1O[C@@H](n2cnc3c(N)ncnc32)[C@H](O)[C@@H]1OP(=O)([O-])[O-].Nc1ncnc2c1ncn2[C@@H]1O[C@H](COP(=O)([O-])[O-])[C@@H](O)[C@H]1O.O=P([O-])([O-])OP(=O)([O-])O>>CC(C)(COP(=O)([O-])OP(=O)([O-])OC[C@H]1O[C@@H](n2cnc3c(N)ncnc32)[C@H](O)[C@@H]1OP(=O)([O-])[O-])[C@@H](O)C(=O)NCCC(=O)NCCS.Nc1ncnc2c1ncn2[C@@H]1O[C@H](COP(=O)([O-])OP(=O)([O-])OP(=O)([O-])[O-])[C@@H](O)[C@H]1O.CCCCCCC(O)CCCCCCCCCCC(=O)[O-]	1.0
CCCCCCCC(=O)OC[C@H](COP(=O)([O-])O[C@H]1[C@H](O)[C@@H](OP(=O)([O-])[O-])[C@H](O)[C@@H](O)[C@H]1O)OC(=O)CCCCCCC.O>>CCCCCCCC(=O)OC[C@H](COP(=O)([O-])O[C@@H]1[C@H](O)[C@H](O)[C@@H](O)[C@H](O)[C@H]1O)OC(=O)CCCCCCC.O=P([O-])([O-])O	1.0
CCCCCCCC/C=C\CCCCCCCC(=O)NCCOP(=O)([O-])OC[C@@H](COC(=O)CCCCCCCCCCCCCCCC)OC(=O)CCCCCCCCCCCCCCCC.CCCCCCCCCCCCCCCC(=O)O[C@H](CO)COP(=O)([O-])OCC[N+](C)(C)C.[H+]>>CCCCCCCC/C=C\CCCCCCCC(=O)OC[C@H](COP(=O)([O-])OCC[N+](C)(C)C)OC(=O)CCCCCCCCCCCCCCC.CCCCCCCCCCCCCCCCC(=O)OC[C@H](COP(=O)([O-])OCC[NH3+])OC(=O)CCCCCCCCCCCCCCCC	1.0
CCCCCCCC/C=C\CCCCCCCC(=O)OCC(COC(=O)CCCCCCC/C=C\CCCCCCCC)OC(=O)CCCCCCC/C=C\CCCCCCCC.CCCCCCCC/C=C\CCCCCCCC(=O)OC[C@@H](O)COP(=O)([O-])OCC[NH3+]>>CCCCCCCC/C=C\CCCCCCCC(=O)OC[C@H](COP(=O)([O-])OCC[NH3+])OC(=O)CCCCCCC/C=C\CCCCCCCC.CCCCCCCC/C=C\CCCCCCCC(=O)OC[C@H](CO)OC(=O)CCCCCCC/C=C\CCCCCCCC	1.0
CCCCCCCC/C=C\CCCCCCCC(=O)OCC(O)CO.CCCCCCCC/C=C\CCCCCCCC(=O)[O-].[H+]>>CCCCCCCC/C=C\CCCCCCCC(=O)OCC(O)COC(=O)CCCCCCC/C=C\CCCCCCCC.O	1.0
CCCCCCCC/C=C\CCCCCCCC(=O)OCC(O)COC(=O)CCCCCCC/C=C\CCCCCCCC.CCCCCCCCCCCCCCCC(=O)[O-].[H+]>>CCCCCCCC/C=C\CCCCCCCC(=O)OCC(COC(=O)CCCCCCC/C=C\CCCCCCCC)OC(=O)CCCCCCCCCCCCCCC.O	1.0
CCCCCCCC/C=C\CCCCCCCC(=O)OCC(O)COC(=O)CCCCCCC/C=C\CCCCCCCC.O>>CCCCCCCC/C=C\CCCCCCCC(=O)OC[C@H](O)CO.CCCCCCCC/C=C\CCCCCCCC(=O)[O-].[H+]	1.0
CCCCCCCC/C=C\CCCCCCCC(=O)OC[C@@H](COC(=O)CCCCCCCCCCCCCCC)OC(=O)CCCCCCC/C=C\CCCCCCCC.O>>CCCCCCCC/C=C\CCCCCCCC(=O)OC[C@@H](CO)OC(=O)CCCCCCC/C=C\CCCCCCCC.CCCCCCCCCCCCCCCC(=O)[O-].[H+]	1.0
CCCCCCCC/C=C\CCCCCCCC(=O)OC[C@@H](O)COP(=O)([O-])OCC(O)COP(=O)([O-])OC[C@@H](COC(=O)CCCCCCC/C=C\CCCCCCCC)OC(=O)CCCCCCC/C=C\CCCCCCCC.O>>CCCCCCCC/C=C\CCCCCCCC(=O)OC[C@@H](O)COP(=O)([O-])OCC(O)COP(=O)([O-])OC[C@H](O)COC(=O)CCCCCCC/C=C\CCCCCCCC.CCCCCCCC/C=C\CCCCCCCC(=O)[O-].[H+]	1.0
CCCCCCCC/C=C\CCCCCCCC(=O)OC[C@@H](O)COP(=O)([O-])[O-].CCCCCCCCCCCCCCCC(=O)NCCO.[H+]>>CCCCCCCC/C=C\CCCCCCCC(=O)OC[C@@H](O)COP(=O)([O-])OCCNC(=O)CCCCCCCCCCCCCCC.O	1.0
CCCCCCCC/C=C\CCCCCCCC(=O)OC[C@@H](O)COP(=O)([O-])[O-].C[N+](C)(C)CCO.[H+]>>CCCCCCCC/C=C\CCCCCCCC(=O)OC[C@@H](O)COP(=O)([O-])OCC[N+](C)(C)C.O	1.0
CCCCCCCC/C=C\CCCCCCCC(=O)OC[C@H](CO)OC(=O)CCCCCCC/C=C\CCCCCCCC.O>>CCCCCCCC/C=C\CCCCCCCC(=O)OC[C@@H](O)CO.CCCCCCCC/C=C\CCCCCCCC(=O)[O-].[H+]	1.0
CCCCCCCC/C=C\CCCCCCCC(=O)OC[C@H](COC(=O)CCCCCCCCCCCCCCC)OC(=O)CCCCCCC/C=C\CCCCCCCC.O>>CCCCCCCC/C=C\CCCCCCCC(=O)O[C@H](CO)COC(=O)CCCCCCCCCCCCCCC.CCCCCCCC/C=C\CCCCCCCC(=O)[O-].[H+]	1.0
CCCCCCCC/C=C\CCCCCCCC(=O)O[C@H](CO)COP(=O)([O-])OCC[NH3+].CCCCCCCCCCCCCCCC(=O)[O-].[H+]>>CCCCCCCC/C=C\CCCCCCCC(=O)O[C@H](COC(=O)CCCCCCCCCCCCCCC)COP(=O)([O-])OCC[NH3+].O	1.0
CCCCCCCC/C=C\CCCCCCCC(=O)O[C@H](COC(=O)CCCCCCCCCCCCCCC)COC(=O)CCCCCCCCCCCCCCCCC.O>>CCCCCCCCCCCCCCCCCC(=O)OC[C@H](O)COC(=O)CCCCCCCCCCCCCCC.CCCCCCCC/C=C\CCCCCCCC(=O)[O-].[H+]	1.0
CCCCCCCC/C=C\CCCCCCCC(=O)O[C@H](COC(=O)CCCCCCCCCCCCCCC)COP(=O)([O-])OC[C@H]([NH3+])C(=O)[O-].[NH3+]CCO>>CCCCCCCC/C=C\CCCCCCCC(=O)O[C@H](COC(=O)CCCCCCCCCCCCCCC)COP(=O)([O-])OCC[NH3+].[NH3+][C@@H](CO)C(=O)[O-]	1.0
CCCCCCCC/C=C\CCCCCCCC(=O)SCCNC(=O)CCNC(=O)[C@H](O)C(C)(C)COP(=O)([O-])OP(=O)([O-])OC[C@H]1O[C@@H](n2cnc3c(N)ncnc32)[C@H](O)[C@@H]1OP(=O)([O-])[O-].O=COC[C@@H](O)COP(=O)([O-])OC[C@@H](O)CO>>CC(C)(COP(=O)([O-])OP(=O)([O-])OC[C@H]1O[C@@H](n2cnc3c(N)ncnc32)[C@H](O)[C@@H]1OP(=O)([O-])[O-])[C@@H](O)C(=O)NCCC(=O)NCCS.CCCCCCCC/C=C\CCCCCCCC(=O)O[C@H](COC=O)COP(=O)([O-])OC[C@@H](O)CO	1.0
CCCCCCCC/C=C\CCCCCCCC(N)=O.O>>CCCCCCCC/C=C\CCCCCCCC(=O)[O-].[NH4+]	1.0
CCCCCCCC/C=C\CCCCCCCCCC(N)=O.O>>CCCCCCCC/C=C\CCCCCCCCCC(=O)[O-].[NH4+]	1.0
CCCCCCCC/C=C\CCCCC[C@H](O)CC(=O)SCCNC(=O)CCNC(=O)[C@H](O)C(C)(C)COP(=O)([O-])OP(=O)([O-])OC[C@H]1O[C@@H](n2cnc3c(N)ncnc32)[C@H](O)[C@@H]1OP(=O)([O-])[O-]>>CCCCCCCC/C=C\CCCCC/C=C/C(=O)SCCNC(=O)CCNC(=O)[C@H](O)C(C)(C)COP(=O)([O-])OP(=O)([O-])OC[C@H]1O[C@@H](n2cnc3c(N)ncnc32)[C@H](O)[C@@H]1OP(=O)([O-])[O-].O	1.0
CCCCCCCCC/C=C\CCC[C@@H](O)[C@@H](O)[C@H](CO)NC=O.[Fe+3].O>>CCCCCCCCCCCCCC[C@@H](O)[C@@H](O)[C@H](CO)NC=O.[Fe+2].[H+].O=O	1.0
CCCCCCCCC=CCCCCCCCC(=O)SCCNC(=O)CCNC(=O)C(O)C(C)(C)COP(=O)(O)OP(=O)(O)OCC1OC(n2cnc3c(N)ncnc32)C(O)C1OP(=O)(O)O.CCCCCCCCCCCCC/C=C/[C@@H](O)[C@@H](N)CO>>CC(C)(COP(=O)(O)OP(=O)(O)OCC1OC(n2cnc3c(N)ncnc32)C(O)C1OP(=O)(O)O)C(O)C(=O)NCCC(=O)NCCS.CCCCCCCC/C=C/CCCCCCCC(=O)N[C@@H](CO)C(O)/C=C/CCCCCCCCCCCCC	0.4526315927505493
CCCCCCCCCC(N)=O.O=CC(=O)[O-]>>CCCCCCCCCC(=O)N[C@@H](O)C(=O)[O-]	1.0
CCCCCCCCCC/C=C\CCCCC[C@H](O)CC(=O)SCCNC(=O)CCNC(=O)[C@H](O)C(C)(C)COP(=O)([O-])OP(=O)([O-])OC[C@H]1O[C@@H](n2cnc3c(N)ncnc32)[C@H](O)[C@@H]1OP(=O)([O-])[O-].NC(=O)c1ccc[n+]([C@@H]2O[C@H](COP(=O)([O-])OP(=O)([O-])OC[C@H]3O[C@@H](n4cnc5c(N)ncnc54)[C@H](O)[C@@H]3O)[C@@H](O)[C@H]2O)c1>>CCCCCCCCCC/C=C\CCCCCC(=O)CC(=O)SCCNC(=O)CCNC(=O)[C@H](O)C(C)(C)COP(=O)([O-])OP(=O)([O-])OC[C@H]1O[C@@H](n2cnc3c(N)ncnc32)[C@H](O)[C@@H]1OP(=O)([O-])[O-].NC(=O)C1=CN([C@@H]2O[C@H](COP(=O)([O-])OP(=O)([O-])OC[C@H]3O[C@@H](n4cnc5c(N)ncnc54)[C@H](O)[C@@H]3O)[C@@H](O)[C@H]2O)C=CC1.[H+]	1.0
CCCCCCCCCCC/C=C\C/C=C\CCCC(=O)[O-].O=O>>CCCCCCCCCCC/C=C\C=C\[C@H](CCCC(=O)[O-])OO	1.0
CCCCCCCCCCCCC/C=C/C(=O)SCCNC(=O)CCNC(=O)[C@H](O)C(C)(C)COP(=O)([O-])OP(=O)([O-])OC[C@H]1O[C@@H](n2cnc3c(N)ncnc32)[C@H](O)[C@@H]1OP(=O)([O-])[O-].O>>CCCCCCCCCCCCC[C@H](O)CC(=O)SCCNC(=O)CCNC(=O)[C@H](O)C(C)(C)COP(=O)([O-])OP(=O)([O-])OC[C@H]1O[C@@H](n2cnc3c(N)ncnc32)[C@H](O)[C@@H]1OP(=O)([O-])[O-]	1.0
CCCCCCCCCCCCC/C=C/[C@@H](O)[C@@H]([NH3+])CO.CCCCCCCC/C=C\CCCCCCCCCC(=O)[O-]>>CCCCCCCC/C=C\CCCCCCCCCC(=O)N[C@@H](CO)[C@H](O)/C=C/CCCCCCCCCCCCC.O	1.0
CCCCCCCCCCCCC/C=C/[C@@H](O)[C@H](CO)NC(=O)CCCCCCCCCCCCCCCCC.OC[C@H]1OC(O)[C@H](O)[C@@H](O)[C@@H]1O>>CCCCCCCCCCCCC/C=C/[C@@H](O)[C@H](CO[C@@H]1O[C@H](CO)[C@@H](O)[C@H](O)[C@H]1O)NC(=O)CCCCCCCCCCCCCCCCC.O	1.0
CCCCCCCCCCCCC/C=C/[C@@H](O)[C@H](CO)NC(C)=O.O=COC[C@H](COP(=O)([O-])OC[C@@H](O)CO)OC=O>>CCCCCCCCCCCCC/C=C/[C@@H](O)[C@H](COC=O)NC(C)=O.O=CO[C@H](CO)COP(=O)([O-])OC[C@@H](O)CO	1.0
CCCCCCCCCCCCC/C=C/[C@@H](O)[C@H](CO[C@@H]1O[C@H](CO)[C@@H](O)[C@H](O)[C@H]1O)NC=O.CC(C)CCC[C@@H](C)[C@H]1CC[C@H]2[C@@H]3CC=C4C[C@@H](O)CC[C@]4(C)[C@H]3CC[C@]12C>>CC(C)CCC[C@@H](C)[C@H]1CC[C@H]2[C@@H]3CC=C4C[C@@H](O[C@@H]5O[C@H](CO)[C@@H](O)[C@H](O)[C@H]5O)CC[C@]4(C)[C@H]3CC[C@]12C.CCCCCCCCCCCCC/C=C/[C@@H](O)[C@H](CO)NC=O	1.0
CCCCCCCCCCCCC/C=C/[C@@H](O)[C@H](CO[C@@H]1O[C@H](CO)[C@@H](O)[C@H](O)[C@H]1O)NC=O.CCCCC/C=C\C/C=C\CCCCCCCC(=O)O.O=O>>CCCCCCCCCCCCC/C=C/[C@@H](O)[C@H](CO[C@@H]1O[C@H](CO)[C@@H](O)[C@H](O)[C@H]1O)NC=O.CCCCC/C=C\C=C\[C@@H](CCCCCCCC(=O)O)OO	1.0
CCCCCCCCCCCCC/C=C/[C@@H](O)[C@H](CO[C@@H]1O[C@H](CO)[C@@H](O)[C@H](O)[C@H]1O)NC=O.OC[C@H]1OC(O)[C@H](O)[C@@H](O)[C@H]1O>>CCCCCCCCCCCCC/C=C/[C@@H](O)[C@H](CO[C@@H]1O[C@H](CO)[C@@H](O[C@@H]2O[C@H](CO)[C@H](O)[C@H](O)[C@H]2O)[C@H](O)[C@H]1O)NC=O.O	1.0
CCCCCCCCCCCCC/C=C/[C@@H](O)[C@H](CO[C@@H]1O[C@H](CO)[C@@H](O[C@@H]2O[C@H](CO)[C@H](O[C@@H]3O[C@H](CO)[C@H](O)[C@H](O)[C@H]3NC(C)=O)[C@H](O)[C@H]2O)[C@H](O)[C@H]1O)NC=O.CC(=O)N[C@H]1[C@H]([C@H](O)[C@H](O)CO)OC(O)(C(=O)[O-])C[C@@H]1O>>CCCCCCCCCCCCC/C=C/[C@@H](O)[C@H](CO[C@@H]1O[C@H](CO)[C@@H](O[C@@H]2O[C@H](CO)[C@H](O[C@@H]3O[C@H](CO)[C@H](O)[C@H](O)[C@H]3NC(C)=O)[C@H](O[C@]3(C(=O)[O-])C[C@H](O)[C@@H](NC(C)=O)[C@H]([C@H](O)[C@H](O)CO)O3)[C@H]2O)[C@H](O)[C@H]1O)NC=O.O	1.0
CCCCCCCCCCCCC/C=C/[C@@H](O)[C@H](CO[C@@H]1O[C@H](CO)[C@@H](O[C@@H]2O[C@H](CO)[C@H](O[C@@H]3O[C@H](CO)[C@H](O)[C@H](O)[C@H]3NC(C)=O)[C@H](O[C@]3(C(=O)[O-])C[C@H](O)[C@@H](NC(C)=O)[C@H]([C@H](O)[C@H](O)CO)O3)[C@H]2O)[C@H](O)[C@H]1O)NC(=O)CCCCCCCCCCCCCCCCC.OC[C@H]1OC(O)[C@H](O)[C@@H](O)[C@H]1O>>CCCCCCCCCCCCC/C=C/[C@@H](O)[C@H](CO[C@@H]1O[C@H](CO)[C@@H](O[C@@H]2O[C@H](CO)[C@H](O[C@@H]3O[C@H](CO)[C@H](O)[C@H](O[C@@H]4O[C@H](CO)[C@H](O)[C@H](O)[C@H]4O)[C@H]3NC(C)=O)[C@H](O[C@]3(C(=O)[O-])C[C@H](O)[C@@H](NC(C)=O)[C@H]([C@H](O)[C@H](O)CO)O3)[C@H]2O)[C@H](O)[C@H]1O)NC(=O)CCCCCCCCCCCCCCCCC.O	1.0
CCCCCCCCCCCCC/C=C/[C@@H](O)[C@H](CO[C@@H]1O[C@H](CO)[C@@H](O[C@@H]2O[C@H](CO)[C@H](O[C@@H]3O[C@H](CO)[C@H](O)[C@H](O[C@@H]4O[C@H](CO)[C@H](O)[C@H](O)[C@H]4O)[C@H]3NC(C)=O)[C@H](O[C@]3(C(=O)[O-])C[C@H](O)[C@@H](NC(C)=O)[C@H]([C@H](O)[C@@H](CO)O[C@]4(C(=O)[O-])C[C@H](O)[C@@H](NC(C)=O)[C@H]([C@H](O)[C@H](O)CO)O4)O3)[C@H]2O)[C@H](O)[C@H]1O)NC=O.CC(=O)N[C@H]1[C@H]([C@H](O)[C@H](O)CO)O[C@](OP(=O)([O-])OC[C@H]2O[C@@H](n3ccc(N)nc3=O)[C@H](O)[C@@H]2O)(C(=O)[O-])C[C@@H]1O>>CCCCCCCCCCCCC/C=C/[C@@H](O)[C@H](CO[C@@H]1O[C@H](CO)[C@@H](O[C@@H]2O[C@H](CO)[C@H](O[C@@H]3O[C@H](CO)[C@H](O)[C@H](O[C@@H]4O[C@H](CO)[C@H](O)[C@H](O[C@]5(C(=O)[O-])C[C@H](O)[C@@H](NC(C)=O)[C@H]([C@H](O)[C@H](O)CO)O5)[C@H]4O)[C@H]3NC(C)=O)[C@H](O[C@]3(C(=O)[O-])C[C@H](O)[C@@H](NC(C)=O)[C@H]([C@H](O)[C@@H](CO)O[C@]4(C(=O)[O-])C[C@H](O)[C@@H](NC(C)=O)[C@H]([C@H](O)[C@H](O)CO)O4)O3)[C@H]2O)[C@H](O)[C@H]1O)NC=O.Nc1ccn([C@@H]2O[C@H](COP(=O)([O-])[O-])[C@@H](O)[C@H]2O)c(=O)n1.[H+]	1.0
CCCCCCCCCCCCCC(=O)OC[C@@H](O)COP(=O)([O-])[O-].O>>CCCCCCCCCCCCCC(=O)OC[C@@H](O)CO.O=P([O-])([O-])O	1.0
CCCCCCCCCCCCCC(=O)O[C@H](CCCCCCCCCCC)CC(=O)O[C@@H]1[C@@H](NC(=O)C[C@@H](CCCCCCCCCCC)OC(=O)CCCCCCCCCCC)[C@H](OC[C@H]2O[C@H](OP(=O)([O-])[O-])[C@H](NC(=O)C[C@H](O)CCCCCCCCCCC)[C@@H](OC(=O)C[C@H](O)CCCCCCCCCCC)[C@@H]2O)O[C@H](CO)[C@H]1OP(=O)([O-])OP(=O)([O-])OCC[NH3+].O=COC[C@H](CO)OC=O>>CCCCCCCCCCCCCC(=O)O[C@H](CCCCCCCCCCC)CC(=O)O[C@@H]1[C@@H](NC(=O)C[C@@H](CCCCCCCCCCC)OC(=O)CCCCCCCCCCC)[C@H](OC[C@H]2O[C@H](OP(=O)([O-])[O-])[C@H](NC(=O)C[C@H](O)CCCCCCCCCCC)[C@@H](OC(=O)C[C@H](O)CCCCCCCCCCC)[C@@H]2O)O[C@H](CO)[C@H]1OP(=O)([O-])[O-].[NH3+]CCOP(=O)([O-])OC[C@@H](COC=O)OC=O.[H+]	1.0
CCCCCCCCCCCCCC(=O)O[C@H](CCCCCCCCCCC)CC(=O)O[C@@H]1[C@@H](NC(=O)C[C@@H](CCCCCCCCCCC)OC(=O)CCCCCCCCCCC)[C@H](OC[C@H]2O[C@H](OP(=O)([O-])[O-])[C@H](NC(=O)C[C@H](O)CCCCCCCCCCC)[C@@H](OC(=O)C[C@H](O)CCCCCCCCCCC)[C@@H]2O)O[C@H](CO[C@]2(C(=O)[O-])C[C@@H](O[C@]3(C(=O)[O-])C[C@@H](O)[C@@H](O)[C@@H]([C@H](O)CO)O3)[C@@H](O[C@H]3O[C@H]([C@@H](O)CO)[C@@H](OP(=O)([O-])[O-])[C@H](O[C@H]4O[C@H]([C@@H](O)CO[C@H]5O[C@H]([C@@H](O)CO)[C@@H](O)[C@H](O)[C@@H]5O)[C@@H](O)[C@H](O[C@H]5O[C@H](CO)[C@@H](O)[C@H](O)[C@H]5O)[C@@H]4O)[C@@H]3O)[C@@H]([C@H](O)CO)O2)[C@H]1OP(=O)([O-])[O-].Nc1ncnc2c1ncn2[C@@H]1O[C@H](COP(=O)([O-])OP(=O)([O-])OP(=O)([O-])[O-])[C@@H](O)[C@H]1O>>CCCCCCCCCCCCCC(=O)O[C@H](CCCCCCCCCCC)CC(=O)O[C@@H]1[C@@H](NC(=O)C[C@@H](CCCCCCCCCCC)OC(=O)CCCCCCCCCCC)[C@H](OC[C@H]2O[C@H](OP(=O)([O-])[O-])[C@H](NC(=O)C[C@H](O)CCCCCCCCCCC)[C@@H](OC(=O)C[C@H](O)CCCCCCCCCCC)[C@@H]2O)O[C@H](CO[C@]2(C(=O)[O-])C[C@@H](O[C@]3(C(=O)[O-])C[C@@H](O)[C@@H](O)[C@@H]([C@H](O)CO)O3)[C@@H](O[C@H]3O[C@H]([C@@H](O)CO)[C@@H](OP(=O)([O-])[O-])[C@H](O[C@H]4O[C@H]([C@@H](O)CO[C@H]5O[C@H]([C@@H](O)CO)[C@@H](O)[C@H](O)[C@@H]5O)[C@@H](OP(=O)([O-])[O-])[C@H](O[C@H]5O[C@H](CO)[C@@H](O)[C@H](O)[C@H]5O)[C@@H]4O)[C@@H]3O)[C@@H]([C@H](O)CO)O2)[C@H]1OP(=O)([O-])[O-].Nc1ncnc2c1ncn2[C@@H]1O[C@H](COP(=O)([O-])OP(=O)([O-])[O-])[C@@H](O)[C@H]1O.[H+]	1.0
CCCCCCCCCCCCCC(=O)[O-].O=O>>CCCCCCCCCCCC[C@@H](OO)C(=O)[O-]	1.0
CCCCCCCCCCCCCC=CC(O)C(COC1OC(CO)C(OC2OC(CO)C(O)C(OC3OC(CO)C(OC4OC(CO)C(O)C(OC5(C(=O)O)CC(O)C(NC(C)=O)C(C(O)C(O)CO)O5)C4O)C(O)C3NC(C)=O)C2O)C(O)C1O)NC=O.O>>CCCCCCCCCCCCCC=CC(O)C(COC1OC(CO)C(OC2OC(CO)C(O)C(OC3OC(CO)C(OC4OC(CO)C(O)C(O)C4O)C(O)C3NC(C)=O)C2O)C(O)C1O)NC=O.CC(=O)NC1C(O)CC(O)(C(=O)O)OC1C(O)C(O)CO	0.6842105388641357
CCCCCCCCCCCCCC=CC(O)C(COC1OC(CO)C(OC2OC(CO)C(OC3OC(CO)C(O)C(OC4OC(CO)C(O)C(O)C4O)C3NC(C)=O)C(OC3(C(=O)O)CC(O)C(NC(C)=O)C(C(O)C(O)CO)O3)C2O)C(O)C1O)NC=O.O>>CCCCCCCCCCCCCC=CC(O)C(COC1OC(CO)C(OC2OC(CO)C(OC3OC(CO)C(O)C(OC4OC(CO)C(O)C(O)C4O)C3NC(C)=O)C(O)C2O)C(O)C1O)NC=O.CC(=O)NC1C(O)CC(O)(C(=O)O)OC1C(O)C(O)CO	0.6842105388641357
CCCCCCCCCCCCCC=CC(O)C(N)CO.CCCCCCCCCCCC(=O)O>>CCCCCCCCCCCCC/C=C/[C@@H](O)[C@H](CO)N=C(O)CCCCCCCCCCC.O	1.0
CCCCCCCCCCCCCCCC(=O)N[C@@H](COP(=O)([O-])OCC[N+](C)(C)C)[C@H](O)CCCCCCCCCCCCCCC.O=COC[C@H](CO)OC=O>>CCCCCCCCCCCCCCCC(=O)N[C@@H](CO)[C@H](O)CCCCCCCCCCCCCCC.C[N+](C)(C)CCOP(=O)([O-])OC[C@@H](COC=O)OC=O	1.0
CCCCCCCCCCCCCCCC(=O)O[C@H](CCCCCCCCCCC)CC(=O)N[C@H]1[C@@H](OP(=O)([O-])[O-])O[C@H](CO[C@@H]2O[C@H](CO)[C@@H](OP(=O)([O-])[O-])[C@H](OC(=O)C[C@H](O)CCCCCCCCCCC)[C@H]2NC(=O)C[C@H](O)CCCCCCCCCCC)[C@@H](O)[C@@H]1OC(=O)C[C@H](O)CCCCCCCCCCC.C[N+](C)(C)CCOP(=O)([O-])OC[C@@H](CO)OC=O>>CCCCCCCCCCC[C@@H](O)CC(=O)N[C@H]1[C@H](OC[C@H]2O[C@H](OP(=O)([O-])[O-])[C@H](NC(=O)C[C@H](O)CCCCCCCCCCC)[C@@H](OC(=O)C[C@H](O)CCCCCCCCCCC)[C@@H]2O)O[C@H](CO)[C@@H](OP(=O)([O-])[O-])[C@@H]1OC(=O)C[C@H](O)CCCCCCCCCCC.CCCCCCCCCCCCCCCC(=O)OC[C@H](COP(=O)([O-])OCC[N+](C)(C)C)OC=O	1.0
CCCCCCCCCCCCCCCC(=O)O[C@H]1CC[C@@]2(C)C(=CC=C3[C@@H]4CC[C@H]([C@H](C)/C=C/[C@H](C)C(C)C)[C@@]4(C)CC[C@@H]32)C1.O>>CC(C)[C@@H](C)/C=C/[C@@H](C)[C@H]1CC[C@H]2C3=CC=C4C[C@@H](O)CC[C@]4(C)[C@H]3CC[C@]12C.CCCCCCCCCCCCCCCC(=O)[O-].[H+]	1.0
CCCCCCCCCCCCCCCC(=O)SCCNC(=O)CCNC(=O)C(O)C(C)(C)COP(=O)(O)OP(=O)(O)OCC1OC(n2cnc3c(N)ncnc32)C(O)C1OP(=O)(O)O.CC(C)(COP(=O)(O)OP(=O)(O)OCC1OC(n2cnc3c(N)ncnc32)C(O)C1OP(=O)(O)O)C(O)C(=O)NCCC(=O)NCCSC(=O)CC(=O)O>>CC(C)(COP(=O)(O)OP(=O)(O)OCC1OC(n2cnc3c(N)ncnc32)C(O)C1OP(=O)(O)O)C(O)C(=O)NCCC(=O)NCCS.CCCCCCCCCCCCCCCc1cc(O)cc(=O)o1.O=C=O	1.0
CCCCCCCCCCCCCCCC(=O)SCCNC(=O)CCNC(=O)[C@H](O)C(C)(C)COP(=O)([O-])OP(=O)([O-])OC[C@H]1O[C@@H](n2cnc3c(N)ncnc32)[C@H](O)[C@@H]1OP(=O)([O-])[O-].C=COC[C@@H](O)COP(=O)([O-])OCC[NH3+]>>CC(C)(COP(=O)([O-])OP(=O)([O-])OC[C@H]1O[C@@H](n2cnc3c(N)ncnc32)[C@H](O)[C@@H]1OP(=O)([O-])[O-])[C@@H](O)C(=O)NCCC(=O)NCCS.C=COC[C@H](COP(=O)([O-])OCC[NH3+])OC(=O)CCCCCCCCCCCCCCC	1.0
CCCCCCCCCCCCCCCC(=O)SCCNC(=O)CCNC(=O)[C@H](O)C(C)(C)COP(=O)([O-])OP(=O)([O-])OC[C@H]1O[C@@H](n2cnc3c(N)ncnc32)[C@H](O)[C@@H]1OP(=O)([O-])[O-].CCCCCCCC/C=C\CCCCCCCC(=O)OC(CO)CO>>CC(C)(COP(=O)([O-])OP(=O)([O-])OC[C@H]1O[C@@H](n2cnc3c(N)ncnc32)[C@H](O)[C@@H]1OP(=O)([O-])[O-])[C@@H](O)C(=O)NCCC(=O)NCCS.CCCCCCCC/C=C\CCCCCCCC(=O)OC(CO)COC(=O)CCCCCCCCCCCCCCC	1.0
CCCCCCCCCCCCCCCC(=O)SCCNC(=O)CCNC(=O)[C@H](O)C(C)(C)COP(=O)([O-])OP(=O)([O-])OC[C@H]1O[C@@H](n2cnc3c(N)ncnc32)[C@H](O)[C@@H]1OP(=O)([O-])[O-].CCCCCCCC/C=C\CCCCCCCC(=O)OC(CO)CO>>CC(C)(COP(=O)([O-])OP(=O)([O-])OC[C@H]1O[C@@H](n2cnc3c(N)ncnc32)[C@H](O)[C@@H]1OP(=O)([O-])[O-])[C@@H](O)C(=O)NCCC(=O)NCCS.CCCCCCCC/C=C\CCCCCCCC(=O)O[C@@H](CO)COC(=O)CCCCCCCCCCCCCCC	1.0
CCCCCCCCCCCCCCCC(=O)SCCNC(=O)CCNC(=O)[C@H](O)C(C)(C)COP(=O)([O-])OP(=O)([O-])OC[C@H]1O[C@@H](n2cnc3c(N)ncnc32)[C@H](O)[C@@H]1OP(=O)([O-])[O-].CCCCCCCCCCCCCCCC(=O)OC[C@@H](O)COP(=O)([O-])O[C@@H]1[C@H](O)[C@H](O)[C@@H](O)[C@H](O)[C@H]1O>>CC(C)(COP(=O)([O-])OP(=O)([O-])OC[C@H]1O[C@@H](n2cnc3c(N)ncnc32)[C@H](O)[C@@H]1OP(=O)([O-])[O-])[C@@H](O)C(=O)NCCC(=O)NCCS.CCCCCCCCCCCCCCCC(=O)OC[C@H](COP(=O)([O-])O[C@@H]1[C@H](O)[C@H](O)[C@@H](O)[C@H](O)[C@H]1O)OC(=O)CCCCCCCCCCCCCCC	1.0
CCCCCCCCCCCCCCCCCC(=O)NCCNCCO.CC(O)(P(=O)(O)O)P(=O)(O)O>>CN1C(=O)CN=C(c2ccccc2F)c2cc([N+](=O)[O-])ccc21.Cc1ccsc1CNC(=O)C(=O)Nc1ccc(Cl)cc1.CCNCC(O)c1cccc(O)c1	0.6120218634605408
CCCCCCCCCCCCCCCCCC(=O)OC[C@@H](COP(=O)(O)OCCNCCO[C@]1(C(=O)O)C[C@H](O)[C@@H](NC(C)=O)[C@H]([C@H](O)[C@H](O)CO)O1)OC(=O)CCCCCCCCCCCCCCCCC.O>>CCCCCCCCCCCCCCCCCC(=O)OCC(COP(=O)(O)OCCN)OC(=O)CCCCCCCCCCCCCCCCC.CC(=O)NC1C(O)CC(O)(C(=O)O)OC1C(O)C(O)CO	0.3901098966598511
CCCCCCCCCCCCCCCCCC(=O)OC[C@H](COP(=O)([O-])OCC[N+](C)(C)C)OC(=O)CCCCCCCCCCC.O>>CCCCCCCCCCCCCCCCCC(=O)OC[C@@H](O)COP(=O)([O-])OCC[N+](C)(C)C.CCCCCCCCCCCC(=O)[O-].[H+]	1.0
CCCCCCCCCCCCCCCCCC(=O)OC[C@H](COP(=O)([O-])O[C@@H]1[C@H](O)[C@H](O)[C@@H](O)[C@H](O)[C@H]1O)OC(=O)CCC/C=C\C/C=C\C/C=C\C=C\C(CCCCC)OO>>CCCCC/C=C\C/C=C\C/C=C\C/C=C\CCCC(=O)O[C@H](COC(=O)CCCCCCCCCCCCCCCCC)COP(=O)([O-])O[C@@H]1[C@H](O)[C@H](O)[C@@H](O)[C@H](O)[C@H]1O.O=O	1.0
CCCCCCCCCCCCCCCCCC(=O)SCCNC(=O)CCNC(=O)[C@H](O)C(C)(C)COP(=O)([O-])OP(=O)([O-])OC[C@H]1O[C@@H](n2cnc3c(N)ncnc32)[C@H](O)[C@@H]1OP(=O)([O-])[O-].CCC/C=C\CCCCCCCC/C=C/[C@@H](O)[C@@H]([NH3+])CO>>CC(C)(COP(=O)([O-])OP(=O)([O-])OC[C@H]1O[C@@H](n2cnc3c(N)ncnc32)[C@H](O)[C@@H]1OP(=O)([O-])[O-])[C@@H](O)C(=O)NCCC(=O)NCCS.CCC/C=C\CCCCCCCC/C=C/[C@@H](O)[C@H](CO)NC(=O)CCCCCCCCCCCCCCCCC.[H+]	1.0
CCCCCCCCCCCCCCCCCC(=O)SCCNC(=O)CCNC(=O)[C@H](O)C(C)(C)COP(=O)([O-])OP(=O)([O-])OC[C@H]1O[C@@H](n2cnc3c(N)ncnc32)[C@H](O)[C@@H]1OP(=O)([O-])[O-].O=COC[C@@H](O)COP(=O)([O-])O[C@@H]1[C@H](O)[C@H](O)[C@@H](O)[C@H](O)[C@H]1O>>CC(C)(COP(=O)([O-])OP(=O)([O-])OC[C@H]1O[C@@H](n2cnc3c(N)ncnc32)[C@H](O)[C@@H]1OP(=O)([O-])[O-])[C@@H](O)C(=O)NCCC(=O)NCCS.CCCCCCCCCCCCCCCCCC(=O)O[C@H](COC=O)COP(=O)([O-])O[C@@H]1[C@H](O)[C@H](O)[C@@H](O)[C@H](O)[C@H]1O	1.0
CCCCCCCCCCCCCCCCCC(=O)SCCNC(=O)CCNC(=O)[C@H](O)C(C)(C)COP(=O)([O-])OP(=O)([O-])OC[C@H]1O[C@@H](n2cnc3c(N)ncnc32)[C@H](O)[C@@H]1OP(=O)([O-])[O-].O=S(=O)([O-])O[C@H]1[C@@H](O[C@H]2O[C@H](CO)[C@@H](O)[C@H](O)[C@H]2O)O[C@H](CO)[C@@H](O)[C@@H]1O>>CC(C)(COP(=O)([O-])OP(=O)([O-])OC[C@H]1O[C@@H](n2cnc3c(N)ncnc32)[C@H](O)[C@@H]1OP(=O)([O-])[O-])[C@@H](O)C(=O)NCCC(=O)NCCS.CCCCCCCCCCCCCCCCCC(=O)O[C@H]1[C@@H](O[C@H]2O[C@H](CO)[C@@H](O)[C@H](O)[C@H]2OS(=O)(=O)[O-])O[C@H](CO)[C@@H](O)[C@@H]1O	1.0
CCCCCCCCCCCCCCCCCCC/C=C/C(=O)SCCNC(=O)CCNC(=O)[C@H](O)C(C)(C)COP(=O)([O-])OP(=O)([O-])OC[C@H]1O[C@@H](n2cnc3c(N)ncnc32)[C@H](O)[C@@H]1OP(=O)([O-])[O-].NC(=O)C1=CN([C@@H]2O[C@H](COP(=O)([O-])OP(=O)([O-])OC[C@H]3O[C@@H](n4cnc5c(N)ncnc54)[C@H](OP(=O)([O-])[O-])[C@@H]3O)[C@@H](O)[C@H]2O)C=CC1.[H+]>>CCCCCCCCCCCCCCCCCCCCCC(=O)SCCNC(=O)CCNC(=O)[C@H](O)C(C)(C)COP(=O)([O-])OP(=O)([O-])OC[C@H]1O[C@@H](n2cnc3c(N)ncnc32)[C@H](O)[C@@H]1OP(=O)([O-])[O-].NC(=O)c1ccc[n+]([C@@H]2O[C@H](COP(=O)([O-])OP(=O)([O-])OC[C@H]3O[C@@H](n4cnc5c(N)ncnc54)[C@H](OP(=O)([O-])[O-])[C@@H]3O)[C@@H](O)[C@H]2O)c1	1.0
CCCCCCCCCCCCCCCCCCCC(=O)NCCOP(=O)([O-])OC[C@H](O)CO.O>>CCCCCCCCCCCCCCCCCCCC(=O)NCCO.O=P([O-])([O-])OC[C@H](O)CO.[H+]	1.0
CCCCCCCCCCCCCCCCCCCCC/C=C/C(=O)SCCNC(=O)CCNC(=O)[C@H](O)C(C)(C)COP(=O)([O-])OP(=O)([O-])OC[C@H]1O[C@@H](n2cnc3c(N)ncnc32)[C@H](O)[C@@H]1OP(=O)([O-])[O-].O>>CCCCCCCCCCCCCCCCCCCCC[C@H](O)CC(=O)SCCNC(=O)CCNC(=O)[C@H](O)C(C)(C)COP(=O)([O-])OP(=O)([O-])OC[C@H]1O[C@@H](n2cnc3c(N)ncnc32)[C@H](O)[C@@H]1OP(=O)([O-])[O-]	1.0
CCCCCCCCCCCCCCCCCCCCCC(=O)CC(=O)SCCNC(=O)CCNC(=O)[C@H](O)C(C)(C)COP(=O)([O-])OP(=O)([O-])OC[C@H]1O[C@@H](n2cnc3c(N)ncnc32)[C@H](O)[C@@H]1OP(=O)([O-])[O-].NC(=O)C1=CN([C@@H]2O[C@H](COP(=O)([O-])OP(=O)([O-])OC[C@H]3O[C@@H](n4cnc5c(N)ncnc54)[C@H](O)[C@@H]3O)[C@@H](O)[C@H]2O)C=CC1.[H+]>>CCCCCCCCCCCCCCCCCCCCC[C@@H](O)CC(=O)SCCNC(=O)CCNC(=O)[C@H](O)C(C)(C)COP(=O)([O-])OP(=O)([O-])OC[C@H]1O[C@@H](n2cnc3c(N)ncnc32)[C@H](O)[C@@H]1OP(=O)([O-])[O-].NC(=O)c1ccc[n+]([C@@H]2O[C@H](COP(=O)([O-])OP(=O)([O-])OC[C@H]3O[C@@H](n4cnc5c(N)ncnc54)[C@H](O)[C@@H]3O)[C@@H](O)[C@H]2O)c1	1.0
CCCCCCCCCCCCCCCCCCCCCCCC(=O)N[C@@H](CO)[C@H](O)CCCCCCCCCCCCCCC.O>>CCCCCCCCCCCCCCC[C@@H](O)[C@@H]([NH3+])CO.CCCCCCCCCCCCCCCCCCCCCCCC(=O)[O-]	1.0
CCCCCCCCCCCCCCCCCCCCCCCCCCCC(=O)SCCNC(=O)CCNC(=O)[C@H](O)C(C)(C)COP(=O)([O-])OP(=O)([O-])OC[C@H]1O[C@@H](n2cnc3c(N)ncnc32)[C@H](O)[C@@H]1OP(=O)([O-])[O-].NC(=O)C1=CN([C@@H]2O[C@H](COP(=O)([O-])OP(=O)([O-])OC[C@H]3O[C@@H](n4cnc5c(N)ncnc54)[C@H](OP(=O)([O-])[O-])[C@@H]3O)[C@@H](O)[C@H]2O)C=CC1.[H+]>>NC(=O)c1ccc[n+]([C@@H]2O[C@H](COP(=O)([O-])OP(=O)([O-])OC[C@H]3O[C@@H](n4cnc5c(N)ncnc54)[C@H](OP(=O)([O-])[O-])[C@@H]3O)[C@@H](O)[C@H]2O)c1.CC(C)(COP(=O)([O-])OP(=O)([O-])OC[C@H]1O[C@@H](n2cnc3c(N)ncnc32)[C@H](O)[C@@H]1OP(=O)([O-])[O-])[C@@H](O)C(=O)NCCC(=O)NCCS.CCCCCCCCCCCCCCCCCCCCCCCCCCCCO	1.0
CCCCCCCCCCCCCCCCCCCCC[C@H](O)CC(=O)SCCNC(=O)CCNC(=O)[C@H](O)C(C)(C)COP(=O)([O-])OP(=O)([O-])OC[C@H]1O[C@@H](n2cnc3c(N)ncnc32)[C@H](O)[C@@H]1OP(=O)([O-])[O-]>>CCCCCCCCCCCCCCCCCCCCC/C=C/C(=O)SCCNC(=O)CCNC(=O)[C@H](O)C(C)(C)COP(=O)([O-])OP(=O)([O-])OC[C@H]1O[C@@H](n2cnc3c(N)ncnc32)[C@H](O)[C@@H]1OP(=O)([O-])[O-].O	1.0
CCCCCCCCCCCCCCCC[C@H](C)C[C@H](C)C[C@H](C)C[C@H](C)C[C@H](C)C[C@H](C)C[C@H](C)C(=O)SCCNC(=O)CCNC(=O)[C@H](O)C(C)(C)COP(=O)([O-])OC[C@H](N)C=O.NC(=O)c1ccc[n+]([C@@H]2O[C@H](COP(=O)([O-])OP(=O)([O-])OC[C@H]3O[C@@H](n4cnc5c(N)ncnc54)[C@H](OP(=O)([O-])[O-])[C@@H]3O)[C@@H](O)[C@H]2O)c1.CC(C)(COP(=O)([O-])OP(=O)([O-])OC[C@H]1O[C@@H](n2cnc3c(N)ncnc32)[C@H](O)[C@@H]1OP(=O)([O-])[O-])[C@@H](O)C(=O)NCCC(=O)NCCS.O=C=O.O>>C[C@@H](C(=O)[O-])C(=O)SCCNC(=O)CCNC(=O)[C@H](O)C(C)(C)COP(=O)([O-])OP(=O)([O-])OC[C@H]1O[C@@H](n2cnc3c(N)ncnc32)[C@H](O)[C@@H]1OP(=O)([O-])[O-].NC(=O)C1=CN([C@@H]2O[C@H](COP(=O)([O-])OP(=O)([O-])OC[C@H]3O[C@@H](n4cnc5c(N)ncnc54)[C@H](OP(=O)([O-])[O-])[C@@H]3O)[C@@H](O)[C@H]2O)C=CC1.CCCCCCCCCCCCCCCC(=O)SCCNC(=O)CCNC(=O)[C@H](O)C(C)(C)COP(=O)([O-])OC[C@H](N)C=O.[H+]	1.0
CCCCCCCCCCCCCCC[C@@H](O)[C@@H]([NH3+])COP(=O)([O-])[O-].O>>CCCCCCCCCCCCCCC[C@@H](O)[C@@H]([NH3+])CO.O=P([O-])([O-])O	1.0
CCCCCCCCCCCCCCOC[C@H](COP(=O)([O-])OCC[N+](C)(C)C)OC(C)=O.O>>CCCCCCCCCCCCCCOC[C@@H](O)COP(=O)([O-])OCC[N+](C)(C)C.CC(=O)[O-].[H+]	1.0
CCCCCCCCCCCCC[C@@H](O)CC(=O)SCCNC(=O)CCNC(=O)[C@H](O)C(C)(C)COP(=O)([O-])OP(=O)([O-])OC[C@H]1O[C@@H](n2cnc3c(N)ncnc32)[C@H](O)[C@@H]1OP(=O)([O-])[O-].NC(=O)c1ccc[n+]([C@@H]2O[C@H](COP(=O)([O-])OP(=O)([O-])OC[C@H]3O[C@@H](n4cnc5c(N)ncnc54)[C@H](O)[C@@H]3O)[C@@H](O)[C@H]2O)c1>>CCCCCCCCCCCCCC(=O)CC(=O)SCCNC(=O)CCNC(=O)[C@H](O)C(C)(C)COP(=O)([O-])OP(=O)([O-])OC[C@H]1O[C@@H](n2cnc3c(N)ncnc32)[C@H](O)[C@@H]1OP(=O)([O-])[O-].NC(=O)C1=CN([C@@H]2O[C@H](COP(=O)([O-])OP(=O)([O-])OC[C@H]3O[C@@H](n4cnc5c(N)ncnc54)[C@H](O)[C@@H]3O)[C@@H](O)[C@H]2O)C=CC1.[H+]	1.0
CCCCC[C@H](/C=C/C=C\CCCCCCCC(=O)[O-])OO>>CCCCC/C=C\C/C=C\CCCCCCCC(=O)[O-].O=O	1.0
CCCCC[C@H](O)/C=C/[C@@H]1[C@@H](C/C=C\CCCC(=O)NCCO)[C@@H]2C[C@H]1OO2.O=CC(CS)NC(=O)CCS>>CCCCC[C@H](O)/C=C/[C@@H]1[C@@H](C/C=C\CCCC(=O)NCCO)[C@@H](O)C[C@H]1O.O=CC1CSSCCC(=O)N1	0.3815789520740509
CCCCC[C@H](O)/C=C/[C@@H]1[C@@H](CCCCCCC(=O)[O-])[C@@H]2C[C@H]1OO2>>CCCCC[C@H](O)/C=C/[C@H]1[C@H](O)CC(=O)[C@@H]1CCCCCCC(=O)[O-]	1.0
CCCCC[C@H](O)/C=C/[C@H]1C(=O)C[C@H](O)[C@@H]1C/C=C\CCCC(=O)[O-]>>CCCCC[C@H](O)/C=C/[C@H]1C(=O)C=C[C@@H]1C/C=C\CCCC(=O)[O-].O	1.0
CCCCC[C@H]1O[C@H]1C/C=C\C/C=C\C/C=C\CCCC(=O)[O-].O=O>>CCCCC[C@H]1O[C@H]1C/C=C\C=C\[C@H](C/C=C\CCCC(=O)[O-])OO	1.0
CCCCN(C)C(=O)c1c[nH]cc1-c1ccccc1>>CN(Cc1ccc(Cl)s1)S(=O)(=O)c1ccc(F)cc1Br	0.29054054617881775
CCCCNc1c(C(=O)OCC)c(C)nc2c1cnn2CC>>CC1C(OC(=O)C(O)c2ccccc2)CCC(C)(C)N1C.Nc1ncccn1	0.3467741906642914
CCCC[C@H](O)C#N>>CCCCC=O.C#N	1.0
CCCC[N+]1(C)C2CC(OC(=O)C(CO)c3ccccc3)CC1C1OC12.CC(C(=O)O)c1ccc(-c2ccccc2)c(F)c1.C=CC(O)C#CC#CCC=CCCCCCCC>>Nc1ncnc2c1ncn2[C@@H]1O[C@H](COP(=O)(O)OS(=O)(=O)O)[C@@H](O)[C@H]1O.CCN(CC)CCCNc1ccc(CO)c2sc3ccccc3c(=O)c12	0.4869888424873352
CCCNC(=O)C(C)NS(=O)(=O)c1ccc(F)cc1Br.CNc1ccc(O)cc1.CNc1ccc(O)cc1.O=S(=O)(O)O.O=O>>Cc1cc(C)c([C@H]2NCCc3cc(C)c(C)cc32)c(C)c1.CCOc1ccc2c3c1OC1C(O)C=CC4C(C2)N(C)CCC341.O=NN1CCOCC1	0.6019417643547058
CCCNC1(CO)O[C@H](CO)[C@@H](O)[C@@H]1O.O=O>>O=CC(=O)[C@@H](O)[C@H](O)[C@H](O)CO.CCCN.OO	0.22093023359775543
CCC[C@H](O)C#N>>CCCC=O.C#N	1.0
CCN(CCOC)CC1COCCC1O>>NNc1cnc(Cn2cc(Br)cn2)cn1.NCC(O)c1cccc(O)c1	0.573913037776947
CCO.O=O>>CC=O.OO	1.0
CCOC(=O)C=C(C)C=CC=C(C)C=Cc1c(C)cc(OC)c(C)c1C.CCCCCCc1ccccc1>>O=C1CN=C(c2ccccc2F)c2cc(Cl)ccc2N1CC1CC1.CCNS(=O)(=O)c1ccccc1C	0.6065573692321777
CCOC(=O)CCCC(=O)OCC.O>>O=C(O)CCCC(=O)O.CCO	1.0
CCOC1CCCN(CC2COCCC2O)C1>>CC1O[C@H](O[C@H]2CC[C@]3(C)C4CC[C@]5(C)[C@@H](C6=CC(=O)OC6)CC[C@]5(O)C4CC[C@@H]3C2)C(O)C(O)[C@@H]1O	0.21052631735801697
CCO[Si](OCC)(OCC)OCC.O=CCc1ccc(O)c(O)c1>>C[C@]12CCC(=O)C=C1CC[C@@H]1[C@@H]2[C@@H](O)C[C@]2(C=O)[C@@H](C(=O)CO)CC[C@@H]12.CCOc1ccc2c3c1OC1C(O)C=CC4C(C2)N(C)CCC341	0.40611353516578674
CCOc1ccc2c3c1OC1C(O)C=CC4C(C2)N(C)CCC341.BrCCC[C@H]1CCOC1>>CCCCC(C)C(OC(=O)CC(CC(=O)O)C(=O)O)C(CC(C)CCCCCCC(O)CC(O)C(C)N)OC(=O)CC(CC(=O)O)C(=O)O.c1ccc(N2CN(c3ccccc3)CN(c3ccccc3)C2)cc1	0.6555555462837219
CCOc1ccc2c3c1OC1C(O)C=CC4C(C2)N(C)CCC341.C#C>>Cc1cc(-c2ccc(N=Nc3ccc4c(S(=O)(=O)O)cc(S(=O)(=O)O)c(N)c4c3O)c(C)c2)ccc1N=Nc1ccc2c(S(=O)(=O)O)cc(S(=O)(=O)O)c(N)c2c1O.O	0.8478260636329651
CCOc1ccc2c3c1OC1C(O)C=CC4C(C2)N(C)CCC341.C=CC(=O)OCCC>>COC(=O)NC(C(=O)NC1OC(CO)C(O)C(O)C1O)C(C)(C)SN=O.O=C([O-])C(O)C(O)C(=O)[O-].[Na+].[Na+]	0.6531791687011719
CCOc1ccc2c3c1OC1C(O)C=CC4C(C2)N(C)CCC341.CC(C)NC(C)C.O=O>>CC(O)C1C(=O)N2C(C(=O)O)=C(C3CCCO3)SC12.CCCCCCOc1ccccc1C(N)=O.CC(C)CC(C)C	0.8531468510627747
CCOc1ccc2c3c1OC1C(O)C=CC4C(C2)N(C)CCC341.CC1=CC(C)(C)Nc2ccccc21>>CCOc1ccc2ccccc2c1C(=O)N[C@@H]1C(=O)N2[C@@H]1SC(C)(C)[C@@H]2C(=O)O	0.7019867300987244
CCOc1ccc2c3c1OC1C(O)C=CC4C(C2)N(C)CCC341.CCC1(CC)C(=O)NC(=O)N(c2ccccc2)C1=O>>O=C(O)CCC(=O)c1ccc(-c2ccccc2)cc1.COc1ccc(CO)cc1	0.5477706789970398
CCOc1ccc2c3c1OC1C(O)C=CC4C(C2)N(C)CCC341.CCCCC[Si](Cl)(Cl)Cl>>CCCN(CC(=O)N(C)C)C(=O)c1cnc2ccccc2n1	0.4714285731315613
CCOc1ccc2c3c1OC1C(O)C=CC4C(C2)N(C)CCC341.CN(C)CCOC(c1ccccc1)c1ccccc1.Cl>>COc1ccc2[nH]c3ccc4cc[n+](CC[NH2+]CCCCCC[NH2+]CC[n+]5ccc6ccc7[nH]c8ccc(OC)cc8c7c6c5)cc4c3c2c1.CC1=CC(C)(C)Nc2ccccc21	0.7209302186965942
CCOc1ccc2c3c1OC1C(O)C=CC4C(C2)N(C)CCC341.CN(C)Cc1cc(-c2ccccc2)oc1-c1ccccc1>>CC(=O)OCC(CCn1cnc2cnc(N)nc21)COC(C)=O.O=CC1C(=O)Cc2ccccc21	0.5668449401855469
CC[C@H](C)[C@H](NC(=O)[C@H](Cc1ccc(O)cc1)NC(=O)[C@@H]1CCCN1C(=O)[C@H](CCCNC(N)=[NH2+])NC(=O)[C@H](CCCNC(N)=[NH2+])NC(=O)[C@@H]1CCCN1C(=O)[C@H](CCCC[NH3+])NC(=O)[C@H](CC(N)=O)NC(=O)[C@H](CCC(=O)[O-])NC(=O)[C@H](Cc1ccc(O)cc1)NC(=O)[C@H](CC(C)C)NC(=O)[C@@H]1CCC(=O)N1)C(=O)N[C@@H](CC(C)C)C(=O)[O-].O>>CC[C@H](C)[C@H](NC(=O)[C@H](Cc1ccc(O)cc1)NC(=O)[C@@H]1CCCN1C(=O)[C@H](CCCNC(N)=[NH2+])NC(=O)[C@H](CCCNC(N)=[NH2+])NC(=O)[C@@H]1CCCN1C(=O)[C@H](CCCC[NH3+])NC(=O)[C@H](CC(N)=O)NC(=O)[C@H](CCC(=O)[O-])NC(=O)[C@H](Cc1ccc(O)cc1)NC(=O)[C@H](CC(C)C)NC(=O)[C@@H]1CCC(=O)N1)C(=O)[O-].CC(C)C[C@H]([NH3+])C(=O)[O-]	1.0
CC[C@H](CC[C@@H](C)[C@H]1CC[C@H]2[C@@H]3CC=C4C[C@@H](O)CC[C@]4(C)[C@H]3CC[C@]12C)C(C)C.Nc1ncnc2c1ncn2[C@@H]1O[C@H](COP(=O)([O-])OP(=O)([O-])OP(=O)([O-])[O-])[C@@H](O)[C@H]1O.O>>CC[C@H](CC[C@@H](C)[C@H]1CC[C@H]2[C@@H]3CC=C4C[C@@H](O)CC[C@]4(C)[C@H]3CC[C@]12C)C(C)C.Nc1ncnc2c1ncn2[C@@H]1O[C@H](COP(=O)([O-])OP(=O)([O-])[O-])[C@@H](O)[C@H]1O.O=P([O-])([O-])O.[H+]	1.0
CC[C@H]1OC(=O)/C=C/[C@H](C)[C@@H](O[C@@H]2O[C@H](C)C[C@H]([NH+](C)C)[C@H]2O)[C@@H](C)C[C@@H](C)C(=O)/C=C/C=C/[C@@H]1CO[C@@H]1O[C@H](C)[C@@H](O)[C@@H](O)[C@H]1O.C[S+](CC[C@H]([NH3+])C(=O)[O-])C[C@H]1O[C@@H](n2cnc3c(N)ncnc32)[C@H](O)[C@@H]1O>>CC[C@H]1OC(=O)/C=C/[C@H](C)[C@@H](O[C@@H]2O[C@H](C)C[C@H]([NH+](C)C)[C@H]2O)[C@@H](C)C[C@@H](C)C(=O)/C=C/C=C/[C@@H]1CO[C@@H]1O[C@H](C)[C@@H](O)[C@@H](O)[C@H]1OC.Nc1ncnc2c1ncn2[C@@H]1O[C@H](CSCC[C@H]([NH3+])C(=O)[O-])[C@@H](O)[C@H]1O.[H+]	1.0
CC[C@H]1OC(=O)C[C@@H](O)[C@H](C)[C@@H](O[C@@H]2O[C@H](C)[C@@H](O[C@H]3C[C@@](C)(O)[C@@H](O)[C@H](C)O3)[C@H]([NH+](C)C)[C@H]2O)[C@@H](CC=O)C[C@@H](C)C(=O)/C=C/C(C)=C/[C@@H]1CO[C@@H]1O[C@H](C)[C@@H](O)[C@@H](O)[C@H]1OC.Nc1ncnc2c1ncn2[C@@H]1O[C@H](CSCC[C@H]([NH3+])C(=O)[O-])[C@@H](O)[C@H]1O.[H+]>>CC[C@H]1OC(=O)C[C@@H](O)[C@H](C)[C@@H](O[C@@H]2O[C@H](C)[C@@H](O[C@H]3C[C@@](C)(O)[C@@H](O)[C@H](C)O3)[C@H]([NH+](C)C)[C@H]2O)[C@@H](CC=O)C[C@@H](C)C(=O)/C=C/C(C)=C/[C@@H]1CO[C@@H]1O[C@H](C)[C@@H](O)[C@@H](O)[C@H]1O.C[S+](CC[C@H]([NH3+])C(=O)[O-])C[C@H]1O[C@@H](n2cnc3c(N)ncnc32)[C@H](O)[C@@H]1O	1.0
CC[C@]12C=CC[NH+]3CC[C@]4(C(=Nc5cc(OC)ccc54)[C@@](O)(C(=O)OC)C1)[C@@H]32.[H].[H]>>CC[C@]12C=CC[NH+]3CC[C@@]4(c5ccc(OC)cc5N[C@H]4[C@@](O)(C(=O)OC)C1)[C@@H]32.[H]	1.0
CC[N+](CC)(CC)CCCC[N+](CC)(CC)CC.[Br-].[Br-]>>COC(F)(F)C(Cl)Cl	0.3333333432674408
CN1C(=O)CN=C(c2ccccc2F)c2cc([N+](=O)[O-])ccc21.CCC1C(=O)N(C2CCCCC2)C(=O)N(C2CCCCC2)C1=O.CCNCC(O)c1cccc(O)c1.O=O>>C=CCC1(O)CCC2C3CCC4=CC(=O)CCC4=C3C=CC21C.CCOc1ccc2c3c1OC1C(O)C=CC4C(C2)N(C)CCC341.CC(O)(P(=O)(O)O)P(=O)(O)O	0.6880733966827393
CN1C(=O)CN=C(c2ccccc2F)c2cc([N+](=O)[O-])ccc21.CCCC(=O)NCC(=O)Nc1cccc(C(C)=O)c1.CCNCC(O)c1cccc(O)c1>>CCOc1ccc2c3c1OC1C(O)C=CC4C(C2)N(C)CCC341.CCCC(=O)NCC(=O)NCc1ccc2c(c1)OCO2.CC(O)(P(=O)(O)O)P(=O)(O)O	0.7577319741249084
CN1C(=O)CN=C(c2ccccc2F)c2cc([N+](=O)[O-])ccc21.CCNCC(O)c1cccc(O)c1.Cc1cccc2ccccc12.O=O>>Cc1cccc2c1[C@@H](O)[C@@H](O)C=C2.CC(O)(P(=O)(O)O)P(=O)(O)O	0.8853503465652466
CN1C(=O)CN=C(c2ccccc2F)c2cc([N+](=O)[O-])ccc21.CCNCC(O)c1cccc(O)c1.N#CCC(=O)NN.O=O>>[cH-]1[cH-][cH-][cH-][cH-]1.CC(O)(P(=O)(O)O)P(=O)(O)O.O=[C-]C=Cc1ccccc1.[C-]#[O+].[C-]#[O+].[C-]#[O+].[W]	0.7039105892181396
CN1C(=O)CN=C(c2ccccc2F)c2cc([N+](=O)[O-])ccc21.CCc1cc2c(s1)-n1c(C)nnc1CN=C2c1ccccc1Cl.C=C(C)CCCC(C)CCOC(=O)CC.O=O>>NC(=O)c1ccc[n+]([C@@H]2O[C@H](COP(=O)(O)OP(=O)(O)OC[C@H]3O[C@@H](n4cnc5c(N)ncnc54)[C@H](OP(=O)(O)O)[C@@H]3O)[C@@H](O)[C@H]2O)c1.CCOc1ccc2c3c1OC1C(O)C=CC4C(C2)N(C)CCC341.CCCCCCCCCC(=O)OCCOCCOCCOC(=O)CCCCCCCCC	0.8978328108787537
CN1C(=O)CN=C(c2ccccc2F)c2cc([N+](=O)[O-])ccc21.CCc1cc2c(s1)-n1c(C)nnc1CN=C2c1ccccc1Cl.CC(C)NP(=O)(F)NC(C)C.O=O>>NC(=O)c1ccc[n+]([C@@H]2O[C@H](COP(=O)(O)OP(=O)(O)OC[C@H]3O[C@@H](n4cnc5c(N)ncnc54)[C@H](OP(=O)(O)O)[C@@H]3O)[C@@H](O)[C@H]2O)c1.CCCN(C(=O)c1sc2cccc(F)c2c1C)C1CCS(=O)(=O)C1.CCOc1ccc2c3c1OC1C(O)C=CC4C(C2)N(C)CCC341	0.8652694821357727
CN1C(=O)CN=C(c2ccccc2F)c2cc([N+](=O)[O-])ccc21.CCc1cc2c(s1)-n1c(C)nnc1CN=C2c1ccccc1Cl.CCCCOC(=S)[S-].CCCCOC(=S)[S-].[Zn+2].O=O>>NC(=O)c1ccc[n+]([C@@H]2O[C@H](COP(=O)(O)OP(=O)(O)OC[C@H]3O[C@@H](n4cnc5c(N)ncnc54)[C@H](OP(=O)(O)O)[C@@H]3O)[C@@H](O)[C@H]2O)c1.COc1ccc(-c2cc(C[C@H](O)CO)ccc2O)cc1C[C@H](O)CO.CCOc1ccc2c3c1OC1C(O)C=CC4C(C2)N(C)CCC341	0.9501466155052185
CN1C(=O)CN=C(c2ccccc2F)c2cc([N+](=O)[O-])ccc21.CCc1cc2c(s1)-n1c(C)nnc1CN=C2c1ccccc1Cl.CCOc1ccnc(CCN=C(S)Nc2ccc(Cl)cn2)c1F.O=O>>NC(=O)c1ccc[n+]([C@@H]2O[C@H](COP(=O)(O)OP(=O)(O)OC[C@H]3O[C@@H](n4cnc5c(N)ncnc54)[C@H](OP(=O)(O)O)[C@@H]3O)[C@@H](O)[C@H]2O)c1.CCCN1C(=O)C(=O)N(CN2CCCC2c2ccc(OCC)cc2)C1=O.CCOc1ccc2c3c1OC1C(O)C=CC4C(C2)N(C)CCC341	0.8366197347640991
CN1C(=O)CN=C(c2ccccc2F)c2cc([N+](=O)[O-])ccc21.CCc1cc2c(s1)-n1c(C)nnc1CN=C2c1ccccc1Cl.NC(N)=NC(=O)Cc1c(Cl)cccc1Cl.O=O>>NC(=O)c1ccc[n+]([C@@H]2O[C@H](COP(=O)(O)OP(=O)(O)OC[C@H]3O[C@@H](n4cnc5c(N)ncnc54)[C@H](OP(=O)(O)O)[C@@H]3O)[C@@H](O)[C@H]2O)c1.COc1cc2c(cc1OC)C(=O)N/C(=C(\Cl)C=C1C=CC(=O)C=C1)N2.CCOc1ccc2c3c1OC1C(O)C=CC4C(C2)N(C)CCC341	0.8343558311462402
CN1C(=O)CN=C(c2ccccc2F)c2cc([N+](=O)[O-])ccc21.CCc1cc2c(s1)-n1c(C)nnc1CN=C2c1ccccc1Cl.Oc1ccc2c(c1F)[C@@H](c1ncccc1Cl)NCC2>>NC(=O)c1ccc[n+]([C@@H]2O[C@H](COP(=O)(O)OP(=O)(O)OC[C@H]3O[C@@H](n4cnc5c(N)ncnc54)[C@H](OP(=O)(O)O)[C@@H]3O)[C@@H](O)[C@H]2O)c1.C=C[C@H]1CN2CCC1C[C@@H]2[C@@H](O)c1ccnc2ccc(OC)cc12	0.7987220287322998
CN1C(=O)CN=C(c2ccccc2F)c2cc([N+](=O)[O-])ccc21.CN(C)c1ccc(N)cc1.COc1ccc(CO)cc1.Cl>>CCCCCCOc1ccccc1C(N)=O	0.6241135001182556
CN1C(=O)CN=C(c2ccccc2F)c2cc([N+](=O)[O-])ccc21.CNCCc1ccc2c(c1)OCO2.NCc1ccco1.O=O>>CN(Cc1coc2nc(N)nc(N)c12)c1ccc(C(=O)NC(CCC(=O)O)C(=O)O)cc1.CCOc1ccc2c3c1OC1C(O)C=CC4C(C2)N(C)CCC341.COCCCNC(=O)c1c[nH]cc1-c1ccccc1	0.7386759519577026
CN1C(=O)CN=C(c2ccccc2F)c2cc([N+](=O)[O-])ccc21.COc1ccc(S(=O)(=O)C2Cc3ccccc3CC2C(=O)NO)cc1.CCN(CC)CCCNc1ccc(CO)c2sc3ccccc3c(=O)c12.Cn1cnc(CCN)c1>>CCCC[N+]1(C)C2CC(OC(=O)C(CO)c3ccccc3)CC1C1OC12.CC(C)C(=O)Nc1ccc([N+](=O)[O-])c(C(F)(F)F)c1.CC(C(=O)O)c1ccc(-c2ccccc2)c(F)c1.O=C(O)CCC(=O)c1ccc(-c2ccccc2)cc1	0.5741758346557617
CN1C(=O)CN=C(c2ccccc2F)c2cc([N+](=O)[O-])ccc21.Cc1n[nH]c(C)c1CCC(=O)NN.CCNCC(O)c1cccc(O)c1.O=O>>CCOc1ccc2c3c1OC1C(O)C=CC4C(C2)N(C)CCC341.CC1C(OC(=O)C(O)c2ccccc2)CCC(C)(C)N1C.CC(O)(P(=O)(O)O)P(=O)(O)O.OCc1ccc(O)c(O)c1	0.7763158082962036
CN1C(=O)CN=C(c2ccccc2F)c2cc([N+](=O)[O-])ccc21.O=C(CN1CCS(=O)(=O)CC1)NCc1cccnc1.NCc1ccco1.O=O>>CN(Cc1coc2nc(N)nc(N)c12)c1ccc(C(=O)NC(CCC(=O)O)C(=O)O)cc1.CCOc1ccc2c3c1OC1C(O)C=CC4C(C2)N(C)CCC341.COCCCNC(=O)c1ccc(N2CCC(C)=N2)cc1	0.9105058312416077
CN1CCC23c4c5ccc(O)c4OC2C(=O)CCC3C1C5.O=O>>Cc1ccc2c(c1C)[C@H]([C@H]1Cc3ccccc3N1)NCC2	0.5357142686843872
CN1CCC2=CC(=O)C(=O)C=C21>>Cn1ccc2cc(O)c(O)cc21	1.0
CNN>>Cc1cc2occ(CC(=O)Nc3ccnn3Cc3ccccc3)c2cc1C.CCSCCO	0.3870967626571655
COC(=O)/C(C)=C/[C@@H]1[C@@H](C(=O)SCCNC(=O)CCNC(=O)[C@H](O)C(C)(C)COP(=O)([O-])OP(=O)([O-])OC[C@H]2O[C@@H](n3cnc4c(N)ncnc43)[C@H](O)[C@@H]2OP(=O)([O-])[O-])C1(C)C.C/C=C\CC1=C(C)[C@@H](O)CC1=O>>CC(C)(COP(=O)([O-])OP(=O)([O-])OC[C@H]1O[C@@H](n2cnc3c(N)ncnc32)[C@H](O)[C@@H]1OP(=O)([O-])[O-])[C@@H](O)C(=O)NCCC(=O)NCCS.C/C=C\CC1=C(C)[C@@H](OC(=O)[C@@H]2[C@@H](/C=C(\C)C(=O)OC)C2(C)C)CC1=O	1.0
COC(=O)CCCCCC(=O)SCCNC(=O)CCNC(=O)[C@H](O)C(C)(C)COP(=O)([O-])OC[C@H](N)C=O.O>>CC(C)(COP(=O)([O-])OC[C@H](N)C=O)[C@@H](O)C(=O)NCCC(=O)NCCSC(=O)CCCCCC(=O)[O-].[H+].CO	1.0
COC(=O)c1c(O[C@@H]2O[C@@H](C)[C@H](OC)[C@@H](OC)[C@H]2OC)cc2cc3c(c(O)c2c1C)C(=O)[C@]1(O)C(=O)C=C(OC)[C@@H](O)[C@]1(O)C3=O.C=CC(O)C#CC#CC(O)C=CCCCCCCC>>C=C1C(=CC=C2CCCC3(C)C2CCC3C(C)CCCC(O)(C(F)(F)F)C(F)(F)F)CC(O)CC1O.CN(C)c1cccc2c(S(=O)(=O)NCCc3c[nH]c4ccccc34)cccc12	0.42957746982574463
COC(=O)c1ccc(C(=Cc2cccc(OC)c2)c2ccc(C(=O)O)cc2)cc1.CN1C(=O)CN=C(c2ccccc2F)c2cc([N+](=O)[O-])ccc21.CCc1cc2c(s1)-n1c(C)nnc1CN=C2c1ccccc1Cl.O=O>>NC(=O)c1ccc[n+]([C@@H]2O[C@H](COP(=O)(O)OP(=O)(O)OC[C@H]3O[C@@H](n4cnc5c(N)ncnc54)[C@H](OP(=O)(O)O)[C@@H]3O)[C@@H](O)[C@H]2O)c1.COC(=O)c1ccc(C(=Cc2ccccc2OC)c2ccc(C(=O)O)cc2)cc1.CCOc1ccc2c3c1OC1C(O)C=CC4C(C2)N(C)CCC341	0.9178082346916199
COC(=O)c1ccc(C(=Cc2ccccc2OC)c2ccc(C(=O)OC)cc2)cc1.CN1C(=O)CN=C(c2ccccc2F)c2cc([N+](=O)[O-])ccc21.CCc1cc2c(s1)-n1c(C)nnc1CN=C2c1ccccc1Cl.O=O>>NC(=O)c1ccc[n+]([C@@H]2O[C@H](COP(=O)(O)OP(=O)(O)OC[C@H]3O[C@@H](n4cnc5c(N)ncnc54)[C@H](OP(=O)(O)O)[C@@H]3O)[C@@H](O)[C@H]2O)c1.NNC(=O)c1ccc(C(=Cc2cccs2)c2ccc(C(=O)NN)cc2)cc1.CCOc1ccc2c3c1OC1C(O)C=CC4C(C2)N(C)CCC341	0.8753799200057983
COC(C)(C)C(=O)/C=C/C(C)=C/C=C/C(C)=C/C=C/C(C)=C/C=C/C=C(C)/C=C/C=C(\C)CC/C=C(\C)CCC=C(C)C.[Fe+3].[Fe+3].[S-2].[S-2].O>>COC(C)(C)C/C=C/C(C)=C/C=C/C(C)=C/C=C/C(C)=C/C=C/C=C(C)/C=C/C=C(\C)CC/C=C(\C)CCC=C(C)C.[Fe+2].[Fe+3].[S-2].[S-2].[H+].O=O	1.0
COC1(NC(=O)C(C(=O)O)c2ccc(O)cc2)C(=O)N2C(C(=O)O)=C(C)COC21>>Nc1nc(=O)c2ncn(C3OC(CO)C(OP(=O)(O)O)C3O)c2[nH]1	0.3604651093482971
COC1(NC(=O)CSCC#N)C(=O)N2C(C(=O)O)=C(CSc3nnnn3C)CSC21.O>>CC(C)CBr	0.4266666769981384
COC1=CC=C2[C@H]3Cc4ccc(OC)c5c4[C@@]2(CC[NH+]3C)[C@H]1O5.O=C([O-])CCC(=O)C(=O)[O-].O=O>>COC1=CC=C2[C@H]3Cc4ccc(O)c5c4[C@@]2(CC[NH+]3C)[C@H]1O5.O=C([O-])CCC(=O)[O-].O=C=O.C=O	1.0
COC1CC(C=C(C)C2OC(=O)C3CCCCN3C(=O)C(=O)C3(O)OC(C(OC)CC(C)CC(C)=CC(CCOC(=O)NCc4ccccc4)C(=O)CC(O)C2C)C(OC)CC3C)CCC1O.Cc1ccc(NC(=O)CN(C)Cc2nc(=O)c3ccccc3[nH]2)c(Cl)c1>>CN(CC(=O)Nc1ccc(Cl)cc1)Cc1nnc(-c2ccc(F)cc2)o1	0.5659574270248413
CO[C@H](C(=O)[C@@H](O)C(C)=O)[C@@H]1Cc2cc3cc(O[C@H]4C[C@@H](O[C@H]5C[C@@H](O)[C@H](O)[C@@H](C)O5)[C@H](O)[C@@H](C)O4)c(C)c(O)c3c(O)c2C(=O)[C@H]1O[C@H]1C[C@@H](O[C@H]2C[C@@H](O[C@H]3C[C@](C)(O)[C@H](O)[C@@H](C)O3)[C@@H](O)[C@@H](C)O2)[C@H](O)[C@@H](C)O1.NC(=O)C1=CN([C@@H]2O[C@H](COP(=O)([O-])OP(=O)([O-])OC[C@H]3O[C@@H](n4cnc5c(N)ncnc54)[C@H](OP(=O)([O-])[O-])[C@@H]3O)[C@@H](O)[C@H]2O)C=CC1.[H+]>>CO[C@H](C(=O)[C@@H](O)[C@@H](C)O)[C@@H]1Cc2cc3cc(O[C@H]4C[C@@H](O[C@H]5C[C@@H](O)[C@H](O)[C@@H](C)O5)[C@H](O)[C@@H](C)O4)c(C)c(O)c3c(O)c2C(=O)[C@@H]1O[C@H]1C[C@@H](O[C@H]2C[C@@H](O[C@H]3C[C@](C)(O)[C@H](O)[C@@H](C)O3)[C@@H](O)[C@@H](C)O2)[C@H](O)[C@@H](C)O1.NC(=O)c1ccc[n+]([C@@H]2O[C@H](COP(=O)([O-])OP(=O)([O-])OC[C@H]3O[C@@H](n4cnc5c(N)ncnc54)[C@H](OP(=O)([O-])[O-])[C@@H]3O)[C@@H](O)[C@H]2O)c1	1.0
COc1c(O)c(C)c(CC=C(C)C)c(O)c1OC.CC=O>>COC1=C(OC)C(=O)C(CC=C(C)C)=C(C)C1=O.CCO	1.0
COc1cc(/C=C/C(=O)SCCNC(=O)CCNC(=O)[C@H](O)C(C)(C)COP(=O)([O-])OP(=O)([O-])OC[C@H]2O[C@@H](n3cnc4c(N)ncnc43)[C@H](O)[C@@H]2OP(=O)([O-])[O-])ccc1O.O=C([O-])CCCCCCCCCCCCCCCO>>CC(C)(COP(=O)([O-])OP(=O)([O-])OC[C@H]1O[C@@H](n2cnc3c(N)ncnc32)[C@H](O)[C@@H]1OP(=O)([O-])[O-])[C@@H](O)C(=O)NCCC(=O)NCCS.COc1cc(/C=C/C(=O)OCCCCCCCCCCCCCCCC(=O)[O-])ccc1O	1.0
COc1cc(/C=C/C(=O)SCCNC(=O)CCNC(=O)[C@H](O)C(C)(C)COP(=O)([O-])OP(=O)([O-])OC[C@H]2O[C@@H](n3cnc4c(N)ncnc43)[C@H](O)[C@@H]2OP(=O)([O-])[O-])ccc1O.O>>COc1cc(C(O)CC(=O)SCCNC(=O)CCNC(=O)[C@H](O)C(C)(C)COP(=O)([O-])OP(=O)([O-])OC[C@H]2O[C@@H](n3cnc4c(N)ncnc43)[C@H](O)[C@@H]2OP(=O)([O-])[O-])ccc1O	1.0
COc1cc(/C=C/C(=O)[O-])cc(OC)c1O.C[N+](C)(C)CCO.[H+]>>COc1cc(/C=C/C(=O)OCC[N+](C)(C)C)cc(OC)c1O.O	1.0
COc1cc(C(=O)[O-])ccc1O.[Co+].[H+]>>O=C([O-])c1ccc(O)c(O)c1.[CH3-].[Co+3]	1.0
COc1cc(O)c2c(O)c3c(cc2c1)C[C@@](C)(O)CC3=O.OO>>COc1cc(O)c2c(O)c3c(c(-c4c(OC)cc5cc6c(c(O)c5c4[O-])C(=O)C[C@](C)(O)C6)c2c1)C[C@@](C)(O)CC3=O.[H+].O	1.0
COc1cc(O)cc(C/C=C(\C)CC/C=C(\C)CC/C=C(\C)CC/C=C(\C)CC/C=C(\C)CC/C=C(\C)CC/C=C(\C)CC/C=C(\C)CCC=C(C)C)c1O.[Fe+3].[Fe+3].[S-2].[S-2].O>>COc1cccc(C/C=C(\C)CC/C=C(\C)CC/C=C(\C)CC/C=C(\C)CC/C=C(\C)CC/C=C(\C)CC/C=C(\C)CC/C=C(\C)CCC=C(C)C)c1O.[Fe+2].[Fe+3].[S-2].[S-2].[H+].O=O	1.0
COc1cc([C@@H]2Oc3c(OC)cc(/C=C/C(=O)[O-])cc3[C@H]2C=O)ccc1O.Oc1ccc(O)cc1>>COc1cc([C@@H]2Oc3c(OC)cc(/C=C/C(=O)[O-])cc3[C@H]2CO)ccc1O.O=C1C=CC(=O)C=C1	1.0
COc1ccc2[nH]c3ccc4cc[n+](CC[NH2+]CCCCCC[NH2+]CC[n+]5ccc6ccc7[nH]c8ccc(OC)cc8c7c6c5)cc4c3c2c1.CN1C(=O)CN=C(c2ccccc2F)c2cc([N+](=O)[O-])ccc21>>C=Cc1c(C)c2cc3nc(cc4[n-]c(cc5nc(cc1[n-]2)C(C)=C5CCC(=O)O)c(CCC(=O)O)c4C=O)C(C)=C3C(O)CCC=C(C)CCC=C(C)CCC=C(C)C.CC1C(OC(=O)C(O)c2ccccc2)CCC(C)(C)N1C.[Fe+2]	0.6055777072906494
COc1cccc(OC)c1O.O=O>>COC1=CC(=C2C=C(OC)C(=O)C(OC)=C2)C=C(OC)C1=O.O	0.9512194991111755
COc1cccc(OC)c1O.OO>>COC1=CC(=C2C=C(OC)C(=O)C(OC)=C2)C=C(OC)C1=O.O	0.9512194991111755
COc1cccc2c1C(=O)c1c(O)c3c(c(O)c1C2=O)CC(O)(C(C)=O)CC3OC1CC(O)C([NH2+]Cc2ccc(C[NH2+]C3C(O)CC(OC4CC(O)(C(C)=O)Cc5c(O)c6c(c(O)c54)C(=O)c4c(OC)cccc4C6=O)OC3C)cc2)C(C)O1>>CCOc1ccc2c3c1OC1C(O)C=CC4C(C2)N(C)CCC341.c1ccc2c(c1)ccc1c3ccc4ccccc4c3[nH]c21	0.44090908765792847
COc1ccccc1C=O>>O=C(Cl)C=CC(=O)Cl	0.26229506731033325
COc1cnc(NS(=O)(=O)c2ccc(N)cc2)nc1.CC(C)=CCCC(C)=CCCC(C)=CCSCC(=O)O>>N[C@H](CCC(=O)O)C(=O)O.O=C(O)C(=O)Cc1ccccc1	0.30000001192092896
CSCCCCCCCCC(N)C(=O)O.O=O>>CSCCCCCCCCC=NO.O=C=O.O	1.0
CSCCCCCCC[C@@H](C(=O)[O-])N(O)O.[H+]>>CSCCCCCCC/C=N/O.O=C=O.O	1.0
CSCC[C@H](NC(=O)[C@H](Cc1ccccc1)NC(=O)CNC(=O)CNC(=O)[C@@H](N)Cc1ccc(O)cc1)C(=O)N[C@@H](CCCN=C(N)N)C(=O)O.O>>CSCCC(NC(=O)C(Cc1ccccc1)NC(=O)CNC(=O)CNC(=O)C(N)Cc1ccc(O)cc1)C(=O)O.N=C(N)NCCCC(N)C(=O)O	0.3076923191547394
CSCC[C@H]([NH3+])C(=O)[O-].C[C@H]([NH3+])C(=O)[O-]>>CSCC[C@H]([NH3+])C(=O)N[C@@H](C)C(=O)[O-].O	1.0
C[C@@H](C(=O)[O-])C(=O)SCCNC(=O)CCNC(=O)[C@H](O)C(C)(C)COP(=O)([O-])OP(=O)([O-])OC[C@H]1O[C@@H](n2cnc3c(N)ncnc32)[C@H](O)[C@@H]1OP(=O)([O-])[O-].NC(=O)C1=CN([C@@H]2O[C@H](COP(=O)([O-])OP(=O)([O-])OC[C@H]3O[C@@H](n4cnc5c(N)ncnc54)[C@H](OP(=O)([O-])[O-])[C@@H]3O)[C@@H](O)[C@H]2O)C=CC1.CC(C)(COP(=O)([O-])OP(=O)([O-])OC[C@H]1O[C@@H](n2cnc3c(N)ncnc32)[C@H](O)[C@@H]1OP(=O)([O-])[O-])[C@@H](O)C(=O)NCCC(=O)NCCSC(=O)CC(=O)[O-].CC(C)(COP(=O)([O-])OP(=O)([O-])OC[C@H]1O[C@@H](n2cnc3c(N)ncnc32)[C@H](O)[C@@H]1OP(=O)([O-])[O-])[C@@H](O)C(=O)NCCC(=O)NCCSC=O.[H+]>>CC(C)CCC[C@H](C)CCC[C@H](C)CCC[C@H](C)CCC[C@H](C)CCCSCCNC(=O)CCNC(=O)[C@H](O)C(C)(C)COP(=O)([O-])OP(=O)([O-])OC[C@H]1O[C@@H](n2cnc3c(N)ncnc32)[C@H](O)[C@@H]1OP(=O)([O-])[O-].NC(=O)c1ccc[n+]([C@@H]2O[C@H](COP(=O)([O-])OP(=O)([O-])OC[C@H]3O[C@@H](n4cnc5c(N)ncnc54)[C@H](OP(=O)([O-])[O-])[C@@H]3O)[C@@H](O)[C@H]2O)c1.CC(C)(COP(=O)([O-])OP(=O)([O-])OC[C@H]1O[C@@H](n2cnc3c(N)ncnc32)[C@H](O)[C@@H]1OP(=O)([O-])[O-])[C@@H](O)C(=O)NCCC(=O)NCCS.O=C=O.O	1.0
C[C@@H](CO)CC[C@@]1(O)O[C@H]2C[C@H]3[C@@H]4CC=C5C[C@@H](O[C@@H]6O[C@H](CO)[C@@H](O[C@@H]7O[C@@H](C)[C@H](O)[C@@H](O)[C@H]7O)[C@H](O)[C@H]6O[C@@H]6O[C@@H](C)[C@H](O)[C@@H](O)[C@H]6O)CC[C@]5(C)[C@H]4CC[C@]3(C)[C@H]2[C@@H]1C.OC[C@H]1OC(O)[C@H](O)[C@@H](O)[C@@H]1O>>C[C@H](CC[C@@]1(O)O[C@H]2C[C@H]3[C@@H]4CC=C5C[C@@H](O[C@@H]6O[C@H](CO)[C@@H](O[C@@H]7O[C@@H](C)[C@H](O)[C@@H](O)[C@H]7O)[C@H](O)[C@H]6O[C@@H]6O[C@@H](C)[C@H](O)[C@@H](O)[C@H]6O)CC[C@]5(C)[C@H]4CC[C@]3(C)[C@H]2[C@@H]1C)CO[C@@H]1O[C@H](CO)[C@@H](O)[C@H](O)[C@H]1O.O	1.0
C[C@@H](O)C(=O)[O-].[Cl-].[H+]>>C[C@H](Cl)C(=O)[O-].O	1.0
C[C@@H](O)CCCC/C=C/C(=O)SCCNC(=O)CCNC(=O)[C@H](O)C(C)(C)COP(=O)([O-])OP(=O)([O-])OC[C@H]1O[C@@H](n2cnc3c(N)ncnc32)[C@H](O)[C@@H]1OP(=O)([O-])[O-].OO>>C[C@@H](O)CCCCCCC(=O)SCCNC(=O)CCNC(=O)[C@H](O)C(C)(C)COP(=O)([O-])OP(=O)([O-])OC[C@H]1O[C@@H](n2cnc3c(N)ncnc32)[C@H](O)[C@@H]1OP(=O)([O-])[O-].O=O	1.0
C[C@@H](OP(=O)([O-])[O-])[C@H](NC(=O)CCCCCCSSCCS(=O)(=O)[O-])C(=O)[O-].O=C[O-].[Fe+3].[Fe+3].[S-2].[S-2]>>C[C@@H](OP(=O)([O-])[O-])[C@H](NC(=O)CCCCCCS)C(=O)[O-].O=S(=O)([O-])CCS.[Fe+2].[Fe+3].[S-2].[S-2].O=C=O	1.0
C[C@@H]([C@H]1CC[C@H]2[C@@H]3CCC4=CC(=O)CC[C@]4(C)[C@H]3CC[C@]12C)[C@@H](O)CC(=O)SCCNC(=O)CCNC(=O)[C@H](O)C(C)(C)COP(=O)([O-])OP(=O)([O-])OC[C@H]1O[C@@H](n2cnc3c(N)ncnc32)[C@H](O)[C@@H]1OP(=O)([O-])[O-]>>C[C@H](/C=C/C(=O)SCCNC(=O)CCNC(=O)[C@H](O)C(C)(C)COP(=O)([O-])OP(=O)([O-])OC[C@H]1O[C@@H](n2cnc3c(N)ncnc32)[C@H](O)[C@@H]1OP(=O)([O-])[O-])[C@H]1CC[C@H]2[C@@H]3CCC4=CC(=O)CC[C@]4(C)[C@H]3CC[C@]12C.O	1.0
C[C@@H]1CCCN([C@@H](C)CNc2cc(C(=O)NC3CC3)c3ccccc3n2)C1.CN1C(=O)CN=C(c2ccccc2F)c2cc([N+](=O)[O-])ccc21.CCc1cc2c(s1)-n1c(C)nnc1CN=C2c1ccccc1Cl.O=O>>NC(=O)c1ccc[n+]([C@@H]2O[C@H](COP(=O)(O)OP(=O)(O)OC[C@H]3O[C@@H](n4cnc5c(N)ncnc54)[C@H](OP(=O)(O)O)[C@@H]3O)[C@@H](O)[C@H]2O)c1.CNc1c(Br)cc(/C=C2\C=C([C@H](O)c3cc(Br)c(NC)c(Br)c3)c3ccccc32)cc1Br.CCOc1ccc2c3c1OC1C(O)C=CC4C(C2)N(C)CCC341	0.8170102834701538
C[C@H](/C=C/C(=O)SCCNC(=O)CCNC(=O)[C@H](O)C(C)(C)COP(=O)([O-])OP(=O)([O-])OC[C@H]1O[C@@H](n2cnc3c(N)ncnc32)[C@H](O)[C@@H]1OP(=O)([O-])[O-])[C@H]1CC[C@H]2[C@@H]3CCC4=CC(=O)CC[C@]4(C)[C@H]3CC[C@]12C.O>>C[C@@H]([C@H]1CC[C@H]2[C@@H]3CCC4=CC(=O)CC[C@]4(C)[C@H]3CC[C@]12C)[C@@H](O)CC(=O)SCCNC(=O)CCNC(=O)[C@H](O)C(C)(C)COP(=O)([O-])OP(=O)([O-])OC[C@H]1O[C@@H](n2cnc3c(N)ncnc32)[C@H](O)[C@@H]1OP(=O)([O-])[O-]	1.0
C[C@H](C(=O)[O-])C(=O)SCCNC(=O)CCNC(=O)[C@H](O)C(C)(C)COP(=O)([O-])OP(=O)([O-])OC[C@H]1O[C@@H](n2cnc3c(N)ncnc32)[C@H](O)[C@@H]1OP(=O)([O-])[O-].[H+]>>CCC(=O)SCCNC(=O)CCNC(=O)[C@H](O)C(C)(C)COP(=O)([O-])OP(=O)([O-])OC[C@H]1O[C@@H](n2cnc3c(N)ncnc32)[C@H](O)[C@@H]1OP(=O)([O-])[O-].O=C=O	1.0
C[C@H](CCC(=O)NCC(=O)[O-])[C@H]1CC[C@H]2[C@@H]3CC[C@@H]4C[C@H](O)CC[C@]4(C)[C@H]3C[C@H](O)[C@]12C.Nc1ncnc2c1ncn2[C@@H]1O[C@H](COP(=O)([O-])OP(=O)([O-])[O-])[C@@H](O)[C@H]1O.[NH3+][C@@H](CCC(=O)N[C@@H](CS)C(=O)NCC(=O)[O-])C(=O)[O-].O=P([O-])([O-])O.[H+]>>C[C@H](CCC(=O)NCC(=O)[O-])[C@H]1CC[C@H]2[C@@H]3CC[C@@H]4C[C@H](O)CC[C@]4(C)[C@H]3C[C@H](O)[C@]12C.Nc1ncnc2c1ncn2[C@@H]1O[C@H](COP(=O)([O-])OP(=O)([O-])OP(=O)([O-])[O-])[C@@H](O)[C@H]1O.[NH3+][C@@H](CCC(=O)N[C@@H](CS)C(=O)NCC(=O)[O-])C(=O)[O-].O	1.0
C[C@H](CCC(=O)NCC(=O)[O-])[C@H]1CC[C@H]2[C@@H]3[C@H](O)C[C@@H]4C[C@H](O)CC[C@]4(C)[C@H]3C[C@H](O)[C@]12C.NC(=[NH2+])NCCC[C@H]([NH3+])C(=O)[O-]>>C[C@H](CCC(=O)N[C@@H](CCCNC(N)=[NH2+])C(=O)[O-])[C@H]1CC[C@H]2[C@@H]3[C@H](O)C[C@@H]4C[C@H](O)CC[C@]4(C)[C@H]3C[C@H](O)[C@]12C.[NH3+]CC(=O)[O-]	1.0
C[C@H](CCC(=O)NCC(=O)[O-])[C@H]1CC[C@H]2[C@@H]3[C@H](O)C[C@@H]4C[C@H](O)CC[C@]4(C)[C@H]3C[C@H](O)[C@]12C.Nc1ncnc2c1ncn2[C@@H]1O[C@H](COP(=O)([O-])OP(=O)([O-])[O-])[C@@H](O)[C@H]1O.[NH3+][C@@H](CCC(=O)N[C@@H](CS)C(=O)NCC(=O)[O-])C(=O)[O-].O=P([O-])([O-])O.[H+]>>C[C@H](CCC(=O)NCC(=O)[O-])[C@H]1CC[C@H]2[C@@H]3[C@H](O)C[C@@H]4C[C@H](O)CC[C@]4(C)[C@H]3C[C@H](O)[C@]12C.Nc1ncnc2c1ncn2[C@@H]1O[C@H](COP(=O)([O-])OP(=O)([O-])OP(=O)([O-])[O-])[C@@H](O)[C@H]1O.[NH3+][C@@H](CCC(=O)N[C@@H](CS)C(=O)NCC(=O)[O-])C(=O)[O-].O	1.0
C[C@H](CCC(=O)NCCS(=O)(=O)[O-])[C@H]1CC[C@H]2[C@@H]3CC[C@@H]4C[C@H](OS(=O)(=O)[O-])CC[C@]4(C)[C@H]3CC[C@]12C.Nc1ncnc2c1ncn2[C@@H]1O[C@H](COP(=O)([O-])OP(=O)([O-])OP(=O)([O-])[O-])[C@@H](O)[C@H]1O.O>>C[C@H](CCC(=O)NCCS(=O)(=O)[O-])[C@H]1CC[C@H]2[C@@H]3CC[C@@H]4C[C@H](OS(=O)(=O)[O-])CC[C@]4(C)[C@H]3CC[C@]12C.Nc1ncnc2c1ncn2[C@@H]1O[C@H](COP(=O)([O-])OP(=O)([O-])[O-])[C@@H](O)[C@H]1O.O=P([O-])([O-])O.[H+]	1.0
C[C@H](CCC(=O)NCCS(=O)(=O)[O-])[C@H]1CC[C@H]2[C@@H]3[C@@H](O)C[C@@H]4C[C@H](O)CC[C@]4(C)[C@H]3CC[C@]12C.Nc1ncnc2c1ncn2[C@@H]1O[C@H](COP(=O)([O-])OP(=O)([O-])OP(=O)([O-])[O-])[C@@H](O)[C@H]1O.[NH3+][C@@H](CCC(=O)N[C@@H](CS)C(=O)NCC(=O)[O-])C(=O)[O-].O>>C[C@H](CCC(=O)NCCS(=O)(=O)[O-])[C@H]1CC[C@H]2[C@@H]3[C@@H](O)C[C@@H]4C[C@H](O)CC[C@]4(C)[C@H]3CC[C@]12C.Nc1ncnc2c1ncn2[C@@H]1O[C@H](COP(=O)([O-])OP(=O)([O-])[O-])[C@@H](O)[C@H]1O.[NH3+][C@@H](CCC(=O)N[C@@H](CS)C(=O)NCC(=O)[O-])C(=O)[O-].O=P([O-])([O-])O.[H+]	1.0
C[C@H](CCC(=O)NCCS(=O)(=O)[O-])[C@H]1CC[C@H]2[C@@H]3[C@H](O)C[C@@H]4C[C@H](O)CC[C@]4(C)[C@H]3CC[C@]12C.Nc1ncnc2c1ncn2[C@@H]1O[C@H](COP(=O)([O-])OS(=O)(=O)[O-])[C@@H](OP(=O)([O-])[O-])[C@H]1O>>C[C@H](CCC(=O)NCCS(=O)(=O)[O-])[C@H]1CC[C@H]2[C@@H]3[C@H](O)C[C@@H]4C[C@H](OS(=O)(=O)[O-])CC[C@]4(C)[C@H]3CC[C@]12C.Nc1ncnc2c1ncn2[C@@H]1O[C@H](COP(=O)([O-])[O-])[C@@H](OP(=O)([O-])[O-])[C@H]1O.[H+]	1.0
C[C@H](CCC(=O)SCCN=C(O)CCN=C(O)[C@H](O)C(C)(C)COP(=O)(O)OP(=O)(O)OC[C@H]1O[C@@H](n2cnc3c(N)ncnc32)[C@H](O)[C@@H]1OP(=O)(O)O)[C@H]1CC[C@H]2[C@@H]3CC[C@@H]4C[C@H](O)CC[C@]4(C)[C@H]3C[C@H](O)[C@]12C.NCC(=O)O>>CC(C)(COP(=O)(O)OP(=O)(O)OCC1OC(n2cnc3c(N)ncnc32)C(O)C1OP(=O)(O)O)C(O)C(=O)NCCC(=O)NCCS.CC(CCC(=O)NCC(=O)O)C1CCC2C3CCC4CC(O)CCC4(C)C3CC(O)C12C	0.6902356743812561
C[C@H](CCC(=O)[O-])[C@H]1CC[C@H]2[C@@H]3CC[C@@H]4C[C@H](O)CC[C@]4(C)[C@H]3C[C@H](O)[C@]12C.[NH3+]CCS(=O)(=O)[O-]>>C[C@H](CCC(=O)NCCS(=O)(=O)[O-])[C@H]1CC[C@H]2[C@@H]3CC[C@@H]4C[C@H](O)CC[C@]4(C)[C@H]3C[C@H](O)[C@]12C.O	1.0
C[C@H](CCC(=O)[O-])[C@H]1CC[C@H]2[C@@H]3CC[C@@H]4C[C@H](OS(=O)(=O)[O-])CC[C@]4(C)[C@H]3CC[C@]12C.Nc1ncnc2c1ncn2[C@@H]1O[C@H](COP(=O)([O-])[O-])[C@@H](OP(=O)([O-])[O-])[C@H]1O.[H+]>>Nc1ncnc2c1ncn2[C@@H]1O[C@H](COP(=O)([O-])OS(=O)(=O)[O-])[C@@H](OP(=O)([O-])[O-])[C@H]1O.C[C@H](CCC(=O)[O-])[C@H]1CC[C@H]2[C@@H]3CC[C@@H]4C[C@H](O)CC[C@]4(C)[C@H]3CC[C@]12C	1.0
C[C@H](CCCC(C)(C)O)[C@H]1CC[C@H]2[C@@H]3CC=C4C[C@@H](O)CC[C@]4(C)[C@H]3CC[C@]12C.[H].O>>CC(C)CCC[C@@H](C)[C@H]1CC[C@H]2[C@@H]3CC=C4C[C@@H](O)CC[C@]4(C)[C@H]3CC[C@]12C.[H].[H].O=O	1.0
C[C@H](O)[C@H](C)C(=O)SCCNC(=O)CCNC(=O)[C@H](O)C(C)(C)COP(=O)([O-])OP(=O)([O-])OC[C@H]1O[C@@H](n2cnc3c(N)ncnc32)[C@H](O)[C@@H]1OP(=O)([O-])[O-]>>C/C=C(\C)C(=O)SCCNC(=O)CCNC(=O)[C@H](O)C(C)(C)COP(=O)([O-])OP(=O)([O-])OC[C@H]1O[C@@H](n2cnc3c(N)ncnc32)[C@H](O)[C@@H]1OP(=O)([O-])[O-].O	1.0
C[C@H]([NH3+])C(=O)[O-].O=O.O>>CC(=O)C(=O)[O-].[NH4+].OO	1.0
C[C@H]([NH3+])C(N)=O.O>>C[C@H]([NH3+])C(=O)[O-].[NH4+]	1.0
C[C@H]1CC[C@]2(NC1)O[C@H]1C[C@H]3[C@@H]4CC[C@H]5C[C@@H](O)CC[C@]5(C)[C@H]4CC[C@]3(C)[C@H]1[C@@H]2C>>CC1=C(C)C(=O)OC1=O	0.20540539920330048
C[C@H]1O[C@H](OP(=O)([O-])[O-])[C@H](O)[C@@H]1O.O=C1N=CN=C2N=CN=C12>>C[C@H]1O[C@@H](n2cnc3c(O)ncnc32)[C@H](O)[C@@H]1O.O=P([O-])([O-])O	1.0
C[C@]12CC[C@@H]3c4ccc(O)cc4CC[C@H]3[C@@H]1C[C@@H](O)[C@@H]2O[C@@H]1O[C@H](C(=O)[O-])[C@@H](O)[C@H](O)[C@H]1O.Nc1ncnc2c1ncn2[C@@H]1O[C@H](COP(=O)([O-])OS(=O)(=O)[O-])[C@@H](OP(=O)([O-])[O-])[C@H]1O>>C[C@]12CC[C@@H]3c4ccc(O)cc4CC[C@H]3[C@@H]1C[C@@H](O)[C@@H]2O[C@@H]1O[C@H](C(=O)[O-])[C@@H](O)[C@H](OS(=O)(=O)[O-])[C@H]1O.Nc1ncnc2c1ncn2[C@@H]1O[C@H](COP(=O)([O-])[O-])[C@@H](OP(=O)([O-])[O-])[C@H]1O.[H+]	1.0
C[C@]12CC[C@H]3[C@@H](CCC4=CC(=O)CC[C@@]43C)[C@@H]1CC[C@@H]2C(=O)CO.[Fe+2].[Fe+3].[S-2].[S-2].[H+].O=O>>C[C@]12CC[C@H]3[C@@H](CCC4=CC(=O)CC[C@@]43CO)[C@@H]1CC[C@@H]2C(=O)CO.[Fe+3].[Fe+3].[S-2].[S-2].O	1.0
C[C@]12CC[C@H]3[C@@H](CCC4=CC(=O)C[C@H](O)[C@@]43C)[C@@H]1CC[C@@H]2O.[Fe+3].[Fe+3].[S-2].[S-2].O>>C[C@]12CC[C@H]3[C@@H](CCC4=CC(=O)CC[C@@]43C)[C@@H]1CC[C@@H]2O.[Fe+2].[Fe+3].[S-2].[S-2].[H+].O=O	1.0
C[CH](C)[Hg][CH](C)C>>C=C1CC[C@]23C[C@H]1C[C@@H]2CC[C@H]1C(C)(C)CCC[C@@]13C	0.6236559152603149
C[N+](C)(C)/C=C/P(=O)([O-])O.O=C([O-])CCC(=O)C(=O)[O-].O=O>>C[NH2+]C/C=C/P(=O)([O-])O.O=C([O-])CCC(=O)[O-].O=C=O.C=O	1.0
C[N+](C)(C)CCOP(=O)([O-])OC[C@@H](CO)OC=O.[NH3+]CCOP(=O)([O-])OC[C@@H](COC=O)OC=O>>C[N+](C)(C)CCOP(=O)([O-])OC[C@@H](COC=O)OC=O.[NH3+]CCOP(=O)([O-])OC[C@H](O)COC=O	1.0
C[N+](C)(C)CCOP(=O)([O-])OC[C@@H](COC=O)OC=O.OCC(O)CO>>C[N+](C)(C)CCOP(=O)([O-])OC[C@H](O)COC=O.O=COCC(O)CO	1.0
C[N+](C)(C)CCOP(=O)([O-])OP(=O)([O-])OC[C@H]1O[C@@H](n2ccc(N)nc2=O)[C@H](O)[C@@H]1O.CC(=O)OC(CO)CO>>Nc1ccn([C@@H]2O[C@H](COP(=O)([O-])[O-])[C@@H](O)[C@H]2O)c(=O)n1.CC(=O)O[C@H](CO)COP(=O)([O-])OCC[N+](C)(C)C.[H+]	1.0
C[N+](C)(C)CCOP(=O)([O-])OP(=O)([O-])OC[C@H]1O[C@@H](n2ccc(N)nc2=O)[C@H](O)[C@@H]1O.CCCCCCCCCCCCCCCCOC[C@H](CO)OC(C)=O>>Nc1ccn([C@@H]2O[C@H](COP(=O)([O-])[O-])[C@@H](O)[C@H]2O)c(=O)n1.CCCCCCCCCCCCCCCCOC[C@H](COP(=O)([O-])OCC[N+](C)(C)C)OC(C)=O.[H+]	1.0
C[N+](C)(C)[O-].[Fe+2].[H+]>>C[NH+](C)C.[Fe+3].O	1.0
C[NH2+]C[C@@]1(O)OC[C@@H](O)[C@@H](O)[C@@H]1O.O=O.O>>[NH3+]CC(=O)[C@@H](O)[C@H](O)[C@H](O)CO.C=O.OO	1.0
C[NH2+][C@@H]1[C@H](O[C@H]2[C@H](O[C@H]3[C@H](O)[C@@H](O)[C@H](NC(N)=[NH2+])[C@@H](O)[C@@H]3NC(N)=[NH2+])O[C@@H](C)[C@]2(O)C=O)O[C@@H](CO)[C@H](O)[C@H]1O.Nc1ncnc2c1ncn2[C@@H]1O[C@H](COP(=O)([O-])OP(=O)([O-])OP(=O)([O-])[O-])[C@@H](O)[C@H]1O>>C[NH2+][C@@H]1[C@H](O[C@H]2[C@H](O[C@H]3[C@H](O)[C@@H](O)[C@H](NC(N)=[NH2+])[C@@H](O)[C@@H]3NC(N)=[NH2+])O[C@@H](C)[C@]2(O)C=O)O[C@@H](CO)[C@H](O)[C@H]1OP(=O)([O-])[O-].Nc1ncnc2c1ncn2[C@@H]1O[C@H](COP(=O)([O-])OP(=O)([O-])[O-])[C@@H](O)[C@H]1O.[H+]	1.0
C[NH3+].[Fe+3].O>>[Fe+2].[NH4+].[H+].C=O	1.0
C[S+](C)[O-]>>[CH3:1][S:3][CH3:2].[OH2:4]	0.8095238208770752
C[S+](CCC(N)C(=O)O)CC1OC(n2cnc3c(N)ncnc32)C(O)C1O.N#CS>>Nc1ncnc2c1ncn2C1OC(CSCCC(N)C(=O)O)C(O)C1O.CSC#N	0.8181818127632141
C[S+](CC[C@H]([NH3+])C(=O)[O-])C[C@H]1O[C@@H](n2cnc3c(N)ncnc32)[C@H](O)[C@@H]1O.CC(C)(COP(=O)([O-])OC[C@H](N)C=O)[C@@H](O)C(=O)NCCC(=O)NCCSC(=O)CC(=O)[O-]>>COC(=O)CC(=O)SCCNC(=O)CCNC(=O)[C@H](O)C(C)(C)COP(=O)([O-])OC[C@H](N)C=O.Nc1ncnc2c1ncn2[C@@H]1O[C@H](CSCC[C@H]([NH3+])C(=O)[O-])[C@@H](O)[C@H]1O	1.0
C[S+](CC[C@H]([NH3+])C(=O)[O-])C[C@H]1O[C@@H](n2cnc3c(N)ncnc32)[C@H](O)[C@@H]1O.CCCCCCCc1cc(=O)c2ccccc2n1O>>Nc1ncnc2c1ncn2[C@@H]1O[C@H](CSCC[C@H]([NH3+])C(=O)[O-])[C@@H](O)[C@H]1O.CCCCCCCc1cc(=O)c2ccccc2n1OC.[H+]	1.0
C[S+](CC[C@H]([NH3+])C(=O)[O-])C[C@H]1O[C@@H](n2cnc3c(N)ncnc32)[C@H](O)[C@@H]1O.COc1ccc(-c2cc(=O)c3c(O)cc([O-])cc3o2)cc1>>Nc1ncnc2c1ncn2[C@@H]1O[C@H](CSCC[C@H]([NH3+])C(=O)[O-])[C@@H](O)[C@H]1O.COc1ccc(-c2cc(=O)c3c(O)cc(OC)cc3o2)cc1	1.0
C[S+](CC[C@H]([NH3+])C(=O)[O-])C[C@H]1O[C@@H](n2cnc3c(N)ncnc32)[C@H](O)[C@@H]1O.C[C@H]([NH3+])C(=O)N1CCC[C@H]1C(=O)N[C@H](C=O)CCCC[NH3+]>>Nc1ncnc2c1ncn2[C@@H]1O[C@H](CSCC[C@H]([NH3+])C(=O)[O-])[C@@H](O)[C@H]1O.C[NH2+][C@@H](C)C(=O)N1CCC[C@H]1C(=O)N[C@H](C=O)CCCC[NH3+].[H+]	1.0
C[S+](CC[C@H]([NH3+])C(=O)[O-])C[C@H]1O[C@@H](n2cnc3c(N)ncnc32)[C@H](O)[C@@H]1O.C[NH+](C)CC(=O)[O-]>>Nc1ncnc2c1ncn2[C@@H]1O[C@H](CSCC[C@H]([NH3+])C(=O)[O-])[C@@H](O)[C@H]1O.C[N+](C)(C)CC(=O)[O-].[H+]	1.0
C[S+](CC[C@H]([NH3+])C(=O)[O-])C[C@H]1O[C@@H](n2cnc3c(N)ncnc32)[C@H](O)[C@@H]1O.C[NH+](C)CCOP(=O)([O-])OC[C@@H](COC=O)OC=O>>Nc1ncnc2c1ncn2[C@@H]1O[C@H](CSCC[C@H]([NH3+])C(=O)[O-])[C@@H](O)[C@H]1O.C[N+](C)(C)CCOP(=O)([O-])OC[C@@H](COC=O)OC=O.[H+]	1.0
C[S+](CC[C@H]([NH3+])C(=O)[O-])C[C@H]1O[C@@H](n2cnc3c(N)ncnc32)[C@H](O)[C@@H]1O.C[NH2+][C@@H](CO)C(=O)N1CCC[C@H]1C(=O)N[C@H](C=O)CCCC[NH3+]>>Nc1ncnc2c1ncn2[C@@H]1O[C@H](CSCC[C@H]([NH3+])C(=O)[O-])[C@@H](O)[C@H]1O.C[NH+](C)[C@@H](CO)C(=O)N1CCC[C@H]1C(=O)N[C@H](C=O)CCCC[NH3+].[H+]	1.0
C[S+](CC[C@H]([NH3+])C(=O)[O-])C[C@H]1O[C@@H](n2cnc3c(N)ncnc32)[C@H](O)[C@@H]1O.NC(=O)CC[C@H](N)C=O>>Nc1ncnc2c1ncn2[C@@H]1O[C@H](CSCC[C@H]([NH3+])C(=O)[O-])[C@@H](O)[C@H]1O.CNC(=O)CC[C@H](N)C=O.[H+]	1.0
C[S+](CC[C@H]([NH3+])C(=O)[O-])C[C@H]1O[C@@H](n2cnc3c(N)ncnc32)[C@H](O)[C@@H]1O.O=C([O-])/C=C(\CC(=O)[O-])C(=O)[O-]>>Nc1ncnc2c1ncn2[C@@H]1O[C@H](CSCC[C@H]([NH3+])C(=O)[O-])[C@@H](O)[C@H]1O.COC(=O)/C(=C/C(=O)[O-])CC(=O)[O-]	1.0
C[S+](CC[C@H]([NH3+])C(=O)[O-])C[C@H]1O[C@@H](n2cnc3c(N)ncnc32)[C@H](O)[C@@H]1O.O=C([O-])c1ccc(O)c(O)c1>>Nc1ncnc2c1ncn2[C@@H]1O[C@H](CSCC[C@H]([NH3+])C(=O)[O-])[C@@H](O)[C@H]1O.COc1cc(C(=O)[O-])ccc1O.[H+]	1.0
C[S+](CC[C@H]([NH3+])C(=O)[O-])C[C@H]1O[C@@H](n2cnc3c(N)ncnc32)[C@H](O)[C@@H]1O.O=c1cc(-c2ccc(O)c(O)c2)oc2c(O)c([O-])ccc12>>Nc1ncnc2c1ncn2[C@@H]1O[C@H](CSCC[C@H]([NH3+])C(=O)[O-])[C@@H](O)[C@H]1O.COc1c([O-])ccc2c(=O)cc(-c3ccc(O)c(O)c3)oc12.[H+]	1.0
C[S+](CC[C@H]([NH3+])C(=O)[O-])C[C@H]1O[C@@H](n2cnc3c(N)ncnc32)[C@H](O)[C@@H]1O>>[NH3+][C@@H](CC[NH2+][C@@H](CC[NH+]1CC[C@H]1C(=O)[O-])C(=O)[O-])C(=O)[O-].CSC[C@H]1O[C@@H](n2cnc3c(N)ncnc32)[C@H](O)[C@@H]1O.[H+]	1.0
C[n+]1cn(C2OC(COP(=O)(O)O)C(O)C2O)c2nc(N)[nH]c(=O)c21.O>>CN=c1nc(O)c2ncn([C@@H]3O[C@H](CO)[C@@H](O)[C@H]3O)c2[nH]1.O=P(O)(O)O	0.4202127754688263
Cc1cc(=O)oc2cc(N=C(O)C3CCCN3C(=O)C(C)N)ccc12.O>>CC(N)C(=O)N1CCCC1C(=O)O.Cc1cc(=O)oc2cc(N)ccc12	0.36734694242477417
Cc1cc2c(C(C)C)c(O)c(O)c(C=O)c2c(O)c1-c1c(C)cc2c(C(C)C)c(O)c(O)c(C=O)c2c1O.O=C1CN(N=Cc2ccc([N+](=O)[O-])o2)C(=O)N1>>CCCCC=CC=CCC(=O)OC12CC(C)C3(O)C(C=C(CO)CC4(O)C(=O)C(C)=CC43)C1C2(C)C.N=C1C=CC(=O)C(N(O)O)=C1	0.5023474097251892
Cc1cc2c(cc1C)[C@H](c1cnn(C)c1)NCC2.C=CC(O)C#CC#CC(O)C=CCCCCCCC>>COc1cc(/C=C/C(=O)NCCCN(CCCCNC(=O)/C=C/c2cc(OC)c(O)c(OC)c2)C(=O)/C=C/c2cc(O)c(O)c(OC)c2)cc(O)c1O.C=C1C(=CC=C2CCCC3(C)C2CCC3C(C)CCCC(O)(C(F)(F)F)C(F)(F)F)CC(O)CC1O	0.5121951103210449
Cc1ncsc1CN[C@@H](C)c1ccc2c(c1)NC(=O)CO2>>C#CC1(O)CCC2C3CCC4=C(CCC(=O)C4)C3CCC21C.CCC(C)=O	0.35555556416511536
Cc1nn(Cc2cnc(NN)cn2)c(C)c1C>>COCCN(CC1COCCC1O)C(C)C1CC1	0.625
ClC1OC1(Cl)Cl>>O=CC(=O)O	0.4137931168079376
N#CC(C#N)=NNc1ccc(OC(F)(F)F)cc1.CCCCC=O>>CN1C(=O)CN=C(c2ccccc2F)c2cc([N+](=O)[O-])ccc21.O=C(O)Cc1ccc(-c2ccccc2)cc1.OCCCCO	0.8102189898490906
N#CC(C#N)=NNc1ccc(OC(F)(F)F)cc1.CCCc1ccc(C)cc1>>O=C(O)Cc1ccc(-c2ccccc2)cc1.O=C1N=C([O-])c2ccccc21.[K+]	0.5643564462661743
N#CC1CC1.O>>NC(=O)C1CC1	1.0
N#Cc1cccnc1.O>>NC(=O)c1cccnc1	1.0
NC(=O)/C=C\C(=O)[O-].O=C[O-].[H+]>>O=CNC(=O)/C=C\C(=O)[O-].O	1.0
NC(=O)C1=CN(C2OC(COP(=O)(O)OP(=O)(O)OCC3OC(n4cnc5c(N)ncnc54)C(O)C3O)C(O)C2O)C=CC1.CC(C)CC(=O)C(=O)O.[H]>>NC(=O)c1ccc[n+]([C@@H]2O[C@H](COP(=O)(O)OP(=O)(O)OC[C@H]3O[C@@H](n4cnc5c(N)ncnc54)[C@H](O)[C@@H]3O)[C@@H](O)[C@H]2O)c1.CC(C)CC(O)C(=O)O	0.9080459475517273
NC(=O)C1=CN(C2OC(COP(=O)(O)OP(=O)(O)OCC3OC(n4cnc5c(N)ncnc54)C(O)C3O)C(O)C2O)C=CC1.CCOc1ccccc1O.O=O>>NC(=O)c1ccc[n+]([C@@H]2O[C@H](COP(=O)(O)OP(=O)(O)OC[C@H]3O[C@@H](n4cnc5c(N)ncnc54)[C@H](O)[C@@H]3O)[C@@H](O)[C@H]2O)c1.Oc1ccccc1O.CC=O.O	0.9156626462936401
NC(=O)C1=CN(C2OC(COP(=O)(O)OP(=O)(O)OCC3OC(n4cnc5c(N)ncnc54)C(OP(=O)(O)O)C3O)C(O)C2O)C=CC1.CC(C=CC1=C(C)CCCC1(C)C)=CC=CC(C)=CC(=O)O.[H].O=O>>NC(=O)c1ccc[n+](C2OC(COP(=O)(O)OP(=O)(O)OCC3OC(n4cnc5c(N)ncnc54)C(OP(=O)(O)O)C3O)C(O)C2O)c1.CC(/C=C/C1=C(CO)CCCC1(C)C)=C\C=C\C(C)=C\C(=O)O.O	0.7578125
NC(=O)C1=CN(C2OC(COP(=O)(O)OP(=O)(O)OCC3OC(n4cnc5c(N)ncnc54)C(OP(=O)(O)O)C3O)C(O)C2O)C=CC1.CC12CCC(=O)C=C1CCC1C2CCC2(C)C(O)CCC12.O=O.[H]>>NC(=O)c1ccc[n+](C2OC(COP(=O)(O)OP(=O)(O)OCC3OC(n4cnc5c(N)ncnc54)C(OP(=O)(O)O)C3O)C(O)C2O)c1.C[C@]12CC[C@H]3[C@@H](CCC4=CC(=O)[C@@H](O)C[C@@]43C)[C@@H]1CC[C@@H]2O.O	0.8068181872367859
NC(=O)C1=CN(C2OC(COP(=O)(O)OP(=O)(O)OCC3OC(n4cnc5c(N)ncnc54)C(OP(=O)(O)O)C3O)C(O)C2O)C=CC1.CCCCCC(O)C=CC=O.[H]>>NC(=O)c1ccc[n+](C2OC(COP(=O)(O)OP(=O)(O)OCC3OC(n4cnc5c(N)ncnc54)C(OP(=O)(O)O)C3O)C(O)C2O)c1.CCCCCC(O)CCC=O	0.8061224222183228
NC(=O)C1=CN(C2OC(COP(=O)(O)OP(=O)(O)OCC3OC(n4cnc5c(N)ncnc54)C(OP(=O)(O)O)C3O)C(O)C2O)C=CC1.CSc1ccc(C)cc1.O=O>>NC(=O)c1ccc[n+](C2OC(COP(=O)(O)OP(=O)(O)OCC3OC(n4cnc5c(N)ncnc54)C(OP(=O)(O)O)C3O)C(O)C2O)c1.Cc1ccc([S+](C)[O-])cc1.O	0.7155172228813171
NC(=O)C1=CN(C2OC(COP(=O)(O)OP(=O)(O)OCC3OC(n4cnc5c(N)ncnc54)C(OP(=O)(O)O)C3O)C(O)C2O)C=CC1.O=C([C@H](O)CO)[C@H](O)[C@@H](O)CO.[H]>>NC(=O)c1ccc[n+](C2OC(COP(=O)(O)OP(=O)(O)OCC3OC(n4cnc5c(N)ncnc54)C(OP(=O)(O)O)C3O)C(O)C2O)c1.OCC(O)C(O)C(O)C(O)CO	0.7413793206214905
NC(=O)C1=CN(C2OC(COP(=O)(O)OP(=O)(O)OCC3OC(n4cnc5c(N)ncnc54)C(OP(=O)(O)O)C3O)C(O)C2O)C=CC1.O=C1C=CC(=O)c2c(O)ccc(O)c21.[H]>>NC(=O)c1ccc[n+](C2OC(COP(=O)(O)OP(=O)(O)OCC3OC(n4cnc5c(N)ncnc54)C(OP(=O)(O)O)C3O)C(O)C2O)c1.O=C1C=CC(=O)c2c(O)ccc(O)c21	0.9850746393203735
NC(=O)C1=CN(C2OC(COP(=O)(O)OP(=O)(O)OCC3OC(n4cnc5c(N)ncnc54)C(OP(=O)(O)O)C3O)C(O)C2O)C=CC1.O=Cc1ccccc1O.[H]>>NC(=O)c1ccc[n+](C2OC(COP(=O)(O)OP(=O)(O)OCC3OC(n4cnc5c(N)ncnc54)C(OP(=O)(O)O)C3O)C(O)C2O)c1.OCc1ccccc1O	0.804347813129425
NC(=O)C1=CN([C@@H]2O[C@H](COP(=O)([O-])OP(=O)([O-])OC[C@H]3O[C@@H](n4cnc5c(N)ncnc54)[C@H](O)[C@@H]3O)[C@@H](O)[C@H]2O)C=CC1.C=CC=O.[H+]>>NC(=O)c1ccc[n+]([C@@H]2O[C@H](COP(=O)([O-])OP(=O)([O-])OC[C@H]3O[C@@H](n4cnc5c(N)ncnc54)[C@H](O)[C@@H]3O)[C@@H](O)[C@H]2O)c1.CCC=O	1.0
NC(=O)C1=CN([C@@H]2O[C@H](COP(=O)([O-])OP(=O)([O-])OC[C@H]3O[C@@H](n4cnc5c(N)ncnc54)[C@H](O)[C@@H]3O)[C@@H](O)[C@H]2O)C=CC1.CC(=O)N[C@@H](CSC=O)C(=O)N[C@H]1[C@@H](O[C@@H]2[C@H](O)[C@H](O)[C@@H](O)[C@H](O)[C@H]2O)O[C@H](CO)[C@@H](O)[C@@H]1O.[H+]>>NC(=O)c1ccc[n+]([C@@H]2O[C@H](COP(=O)([O-])OP(=O)([O-])OC[C@H]3O[C@@H](n4cnc5c(N)ncnc54)[C@H](O)[C@@H]3O)[C@@H](O)[C@H]2O)c1.CC(=O)N[C@@H](CSCO)C(=O)N[C@H]1[C@@H](O[C@@H]2[C@H](O)[C@H](O)[C@@H](O)[C@H](O)[C@H]2O)O[C@H](CO)[C@@H](O)[C@@H]1O	1.0
NC(=O)C1=CN([C@@H]2O[C@H](COP(=O)([O-])OP(=O)([O-])OC[C@H]3O[C@@H](n4cnc5c(N)ncnc54)[C@H](O)[C@@H]3O)[C@@H](O)[C@H]2O)C=CC1.CC(=O)[C@H]1CC[C@H]2[C@@H]3CC[C@H]4CC(=O)CC[C@]4(C)[C@H]3CC[C@]12C.[H+]>>NC(=O)c1ccc[n+]([C@@H]2O[C@H](COP(=O)([O-])OP(=O)([O-])OC[C@H]3O[C@@H](n4cnc5c(N)ncnc54)[C@H](O)[C@@H]3O)[C@@H](O)[C@H]2O)c1.CC(=O)[C@H]1CC[C@H]2[C@@H]3CC[C@H]4C[C@@H](O)CC[C@]4(C)[C@H]3CC[C@]12C	1.0
NC(=O)C1=CN([C@@H]2O[C@H](COP(=O)([O-])OP(=O)([O-])OC[C@H]3O[C@@H](n4cnc5c(N)ncnc54)[C@H](O)[C@@H]3O)[C@@H](O)[C@H]2O)C=CC1.CC(C)=CCC/C(C)=C/CC/C(C)=C/CC/C(C)=C/CC/C(C)=C/CC/C(C)=C/CC/C(C)=C/CC/C(C)=C/CC1=C(C)C(=O)c2ccccc2C1=O.[H+]>>NC(=O)c1ccc[n+]([C@@H]2O[C@H](COP(=O)([O-])OP(=O)([O-])OC[C@H]3O[C@@H](n4cnc5c(N)ncnc54)[C@H](O)[C@@H]3O)[C@@H](O)[C@H]2O)c1.CC(C)=CCC/C(C)=C/CC/C(C)=C/CC/C(C)=C/CC/C(C)=C/CC/C(C)=C/CC/C(C)=C/CC/C(C)=C/Cc1c(C)c(O)c2ccccc2c1O	1.0
NC(=O)C1=CN([C@@H]2O[C@H](COP(=O)([O-])OP(=O)([O-])OC[C@H]3O[C@@H](n4cnc5c(N)ncnc54)[C@H](O)[C@@H]3O)[C@@H](O)[C@H]2O)C=CC1.CC(C)=CCC/C(C)=C/CC/C(C)=C/CC/C(C)=C/COP(=O)([O-])OP(=O)([O-])[O-].[H+]>>NC(=O)c1ccc[n+]([C@@H]2O[C@H](COP(=O)([O-])OP(=O)([O-])OC[C@H]3O[C@@H](n4cnc5c(N)ncnc54)[C@H](O)[C@@H]3O)[C@@H](O)[C@H]2O)c1.CC(C)=CCC/C(C)=C/CC/C(C)=C/CC/C(C)=C/CC/C=C(\C)CC/C=C(\C)CC/C=C(\C)CCC=C(C)C.O=P([O-])([O-])OP(=O)([O-])O	1.0
NC(=O)C1=CN([C@@H]2O[C@H](COP(=O)([O-])OP(=O)([O-])OC[C@H]3O[C@@H](n4cnc5c(N)ncnc54)[C@H](O)[C@@H]3O)[C@@H](O)[C@H]2O)C=CC1.CCC(C)=O.[NH4+].[H+]>>NC(=O)c1ccc[n+]([C@@H]2O[C@H](COP(=O)([O-])OP(=O)([O-])OC[C@H]3O[C@@H](n4cnc5c(N)ncnc54)[C@H](O)[C@@H]3O)[C@@H](O)[C@H]2O)c1.CC[C@@H](C)[NH3+].O	1.0
NC(=O)C1=CN([C@@H]2O[C@H](COP(=O)([O-])OP(=O)([O-])OC[C@H]3O[C@@H](n4cnc5c(N)ncnc54)[C@H](O)[C@@H]3O)[C@@H](O)[C@H]2O)C=CC1.CCCCCC(=O)CC/C=C\C=C\C=C\[C@@H](O)[C@@H](O)CCCC(=O)[O-].[H+]>>NC(=O)c1ccc[n+]([C@@H]2O[C@H](COP(=O)([O-])OP(=O)([O-])OC[C@H]3O[C@@H](n4cnc5c(N)ncnc54)[C@H](O)[C@@H]3O)[C@@H](O)[C@H]2O)c1.CCCCC[C@H](O)CC/C=C\C=C\C=C\[C@@H](O)[C@@H](O)CCCC(=O)[O-]	1.0
NC(=O)C1=CN([C@@H]2O[C@H](COP(=O)([O-])OP(=O)([O-])OC[C@H]3O[C@@H](n4cnc5c(N)ncnc54)[C@H](O)[C@@H]3O)[C@@H](O)[C@H]2O)C=CC1.CCCCCCCCC(=O)[O-].[H+]>>NC(=O)c1ccc[n+]([C@@H]2O[C@H](COP(=O)([O-])OP(=O)([O-])OC[C@H]3O[C@@H](n4cnc5c(N)ncnc54)[C@H](O)[C@@H]3O)[C@@H](O)[C@H]2O)c1.CCCCCCCCC=O.O	1.0
NC(=O)C1=CN([C@@H]2O[C@H](COP(=O)([O-])OP(=O)([O-])OC[C@H]3O[C@@H](n4cnc5c(N)ncnc54)[C@H](O)[C@@H]3O)[C@@H](O)[C@H]2O)C=CC1.COC1=C(OC)C(=O)C(CC=C(C)C)=C(C)C1=O.[H+]>>NC(=O)c1ccc[n+]([C@@H]2O[C@H](COP(=O)([O-])OP(=O)([O-])OC[C@H]3O[C@@H](n4cnc5c(N)ncnc54)[C@H](O)[C@@H]3O)[C@@H](O)[C@H]2O)c1.COc1c(O)c(C)c(CC=C(C)C)c(O)c1OC.[H+]	1.0
NC(=O)C1=CN([C@@H]2O[C@H](COP(=O)([O-])OP(=O)([O-])OC[C@H]3O[C@@H](n4cnc5c(N)ncnc54)[C@H](O)[C@@H]3O)[C@@H](O)[C@H]2O)C=CC1.C[C@H]([NH3+])C(=O)[O-].CC(=O)C(=O)[O-].[H+]>>NC(=O)c1ccc[n+]([C@@H]2O[C@H](COP(=O)([O-])OP(=O)([O-])OC[C@H]3O[C@@H](n4cnc5c(N)ncnc54)[C@H](O)[C@@H]3O)[C@@H](O)[C@H]2O)c1.CC([NH2+]C(C)C(=O)[O-])C(=O)[O-].O	1.0
NC(=O)C1=CN([C@@H]2O[C@H](COP(=O)([O-])OP(=O)([O-])OC[C@H]3O[C@@H](n4cnc5c(N)ncnc54)[C@H](O)[C@@H]3O)[C@@H](O)[C@H]2O)C=CC1.C[C@]12CCC(=O)C=C1CC[C@@H]1[C@@H]2C(=O)C[C@]2(C)C(=O)CC[C@@H]12.[H+]>>NC(=O)c1ccc[n+]([C@@H]2O[C@H](COP(=O)([O-])OP(=O)([O-])OC[C@H]3O[C@@H](n4cnc5c(N)ncnc54)[C@H](O)[C@@H]3O)[C@@H](O)[C@H]2O)c1.C[C@]12CCC(=O)C=C1CC[C@@H]1[C@@H]2[C@@H](O)C[C@]2(C)C(=O)CC[C@@H]12	1.0
NC(=O)C1=CN([C@@H]2O[C@H](COP(=O)([O-])OP(=O)([O-])OC[C@H]3O[C@@H](n4cnc5c(N)ncnc54)[C@H](O)[C@@H]3O)[C@@H](O)[C@H]2O)C=CC1.Clc1ccccc1.[H+].O=O>>NC(=O)c1ccc[n+]([C@@H]2O[C@H](COP(=O)([O-])OP(=O)([O-])OC[C@H]3O[C@@H](n4cnc5c(N)ncnc54)[C@H](O)[C@@H]3O)[C@@H](O)[C@H]2O)c1.O[C@@H]1C=CC=C(Cl)[C@@H]1O	1.0
NC(=O)C1=CN([C@@H]2O[C@H](COP(=O)([O-])OP(=O)([O-])OC[C@H]3O[C@@H](n4cnc5c(N)ncnc54)[C@H](O)[C@@H]3O)[C@@H](O)[C@H]2O)C=CC1.O=C([O-])/C=C/c1ccccc1.[H+]>>NC(=O)c1ccc[n+]([C@@H]2O[C@H](COP(=O)([O-])OP(=O)([O-])OC[C@H]3O[C@@H](n4cnc5c(N)ncnc54)[C@H](O)[C@@H]3O)[C@@H](O)[C@H]2O)c1.O=C([O-])CCc1ccccc1	1.0
NC(=O)C1=CN([C@@H]2O[C@H](COP(=O)([O-])OP(=O)([O-])OC[C@H]3O[C@@H](n4cnc5c(N)ncnc54)[C@H](O)[C@@H]3O)[C@@H](O)[C@H]2O)C=CC1.O=C([O-])Cc1ccc([O-])c([N+](=O)[O-])c1.[H+]>>NC(=O)c1ccc[n+]([C@@H]2O[C@H](COP(=O)([O-])OP(=O)([O-])OC[C@H]3O[C@@H](n4cnc5c(N)ncnc54)[C@H](O)[C@@H]3O)[C@@H](O)[C@H]2O)c1.O=CCc1ccc([O-])c([N+](=O)[O-])c1.O	1.0
NC(=O)C1=CN([C@@H]2O[C@H](COP(=O)([O-])OP(=O)([O-])OC[C@H]3O[C@@H](n4cnc5c(N)ncnc54)[C@H](O)[C@@H]3O)[C@@H](O)[C@H]2O)C=CC1.O=C([O-])c1ccc([N+](=O)[O-])cc1.[H+]>>NC(=O)c1ccc[n+]([C@@H]2O[C@H](COP(=O)([O-])OP(=O)([O-])OC[C@H]3O[C@@H](n4cnc5c(N)ncnc54)[C@H](O)[C@@H]3O)[C@@H](O)[C@H]2O)c1.O=C([O-])c1ccc(NO)cc1.O	1.0
NC(=O)C1=CN([C@@H]2O[C@H](COP(=O)([O-])OP(=O)([O-])OC[C@H]3O[C@@H](n4cnc5c(N)ncnc54)[C@H](O)[C@@H]3O)[C@@H](O)[C@H]2O)C=CC1.O=C([O-])c1cccc2nc3c(C(=O)[O-])cccc3nc12.[H+].O=O>>NC(=O)c1ccc[n+]([C@@H]2O[C@H](COP(=O)([O-])OP(=O)([O-])OC[C@H]3O[C@@H](n4cnc5c(N)ncnc54)[C@H](O)[C@@H]3O)[C@@H](O)[C@H]2O)c1.O=C([O-])c1cccc2nc3c(O)cccc3nc12.O=C=O.O	1.0
NC(=O)C1=CN([C@@H]2O[C@H](COP(=O)([O-])OP(=O)([O-])OC[C@H]3O[C@@H](n4cnc5c(N)ncnc54)[C@H](O)[C@@H]3O)[C@@H](O)[C@H]2O)C=CC1.O=C1N=C([O-])/C(=C2\C=C(O)C(=O)N=C2[O-])C=C1O.[H+]>>NC(=O)c1ccc[n+]([C@@H]2O[C@H](COP(=O)([O-])OP(=O)([O-])OC[C@H]3O[C@@H](n4cnc5c(N)ncnc54)[C@H](O)[C@@H]3O)[C@@H](O)[C@H]2O)c1.Oc1cc(-c2cc(O)c(O)nc2O)c(O)nc1O	1.0
NC(=O)C1=CN([C@@H]2O[C@H](COP(=O)([O-])OP(=O)([O-])OC[C@H]3O[C@@H](n4cnc5c(N)ncnc54)[C@H](O)[C@@H]3O)[C@@H](O)[C@H]2O)C=CC1.O=CC#CCO.[H+]>>NC(=O)c1ccc[n+]([C@@H]2O[C@H](COP(=O)([O-])OP(=O)([O-])OC[C@H]3O[C@@H](n4cnc5c(N)ncnc54)[C@H](O)[C@@H]3O)[C@@H](O)[C@H]2O)c1.OCC#CCO	1.0
NC(=O)C1=CN([C@@H]2O[C@H](COP(=O)([O-])OP(=O)([O-])OC[C@H]3O[C@@H](n4cnc5c(N)ncnc54)[C@H](O)[C@@H]3O)[C@@H](O)[C@H]2O)C=CC1.O=C[O-].[H+].C=O>>NC(=O)c1ccc[n+]([C@@H]2O[C@H](COP(=O)([O-])OP(=O)([O-])OC[C@H]3O[C@@H](n4cnc5c(N)ncnc54)[C@H](O)[C@@H]3O)[C@@H](O)[C@H]2O)c1.O=C[O-].CO	1.0
NC(=O)C1=CN([C@@H]2O[C@H](COP(=O)([O-])OP(=O)([O-])OC[C@H]3O[C@@H](n4cnc5c(N)ncnc54)[C@H](O)[C@@H]3O)[C@@H](O)[C@H]2O)C=CC1.O=Cc1ccccc1.[NH4+].[H+]>>NC(=O)c1ccc[n+]([C@@H]2O[C@H](COP(=O)([O-])OP(=O)([O-])OC[C@H]3O[C@@H](n4cnc5c(N)ncnc54)[C@H](O)[C@@H]3O)[C@@H](O)[C@H]2O)c1.[NH3+]Cc1ccccc1.O	1.0
NC(=O)C1=CN([C@@H]2O[C@H](COP(=O)([O-])OP(=O)([O-])OC[C@H]3O[C@@H](n4cnc5c(N)ncnc54)[C@H](O)[C@@H]3O)[C@@H](O)[C@H]2O)C=CC1.O=[N+]([O-])OCC(CO[N+](=O)[O-])O[N+](=O)[O-]>>NC(=O)c1ccc[n+]([C@@H]2O[C@H](COP(=O)([O-])OP(=O)([O-])OC[C@H]3O[C@@H](n4cnc5c(N)ncnc54)[C@H](O)[C@@H]3O)[C@@H](O)[C@H]2O)c1.O=[N+]([O-])OCC(O)CO[N+](=O)[O-].O=N[O-]	1.0
NC(=O)C1=CN([C@@H]2O[C@H](COP(=O)([O-])OP(=O)([O-])OC[C@H]3O[C@@H](n4cnc5c(N)ncnc54)[C@H](O)[C@@H]3O)[C@@H](O)[C@H]2O)C=CC1.Oc1ccc2ccc3ccccc3c2c1O.[H+]>>NC(=O)c1ccc[n+]([C@@H]2O[C@H](COP(=O)([O-])OP(=O)([O-])OC[C@H]3O[C@@H](n4cnc5c(N)ncnc54)[C@H](O)[C@@H]3O)[C@@H](O)[C@H]2O)c1.O[C@@H]1c2c(ccc3ccccc23)C=C[C@@H]1O	1.0
NC(=O)C1=CN([C@@H]2O[C@H](COP(=O)([O-])OP(=O)([O-])OC[C@H]3O[C@@H](n4cnc5c(N)ncnc54)[C@H](O)[C@@H]3O)[C@@H](O)[C@H]2O)C=CC1.[NH3+]CCC(=O)[O-].[H+]>>NC(=O)c1ccc[n+]([C@@H]2O[C@H](COP(=O)([O-])OP(=O)([O-])OC[C@H]3O[C@@H](n4cnc5c(N)ncnc54)[C@H](O)[C@@H]3O)[C@@H](O)[C@H]2O)c1.[NH3+]CCC=O.O	1.0
NC(=O)C1=CN([C@@H]2O[C@H](COP(=O)([O-])OP(=O)([O-])OC[C@H]3O[C@@H](n4cnc5c(N)ncnc54)[C@H](OP(=O)([O-])[O-])[C@@H]3O)[C@@H](O)[C@H]2O)C=CC1.C/C=C/C(=O)SCCNC(=O)CCNC(=O)[C@H](O)C(C)(C)COP(=O)([O-])OC[C@H](N)C=O.[H+]>>NC(=O)c1ccc[n+]([C@@H]2O[C@H](COP(=O)([O-])OP(=O)([O-])OC[C@H]3O[C@@H](n4cnc5c(N)ncnc54)[C@H](OP(=O)([O-])[O-])[C@@H]3O)[C@@H](O)[C@H]2O)c1.CCCC(=O)SCCNC(=O)CCNC(=O)[C@H](O)C(C)(C)COP(=O)([O-])OC[C@H](N)C=O	1.0
NC(=O)C1=CN([C@@H]2O[C@H](COP(=O)([O-])OP(=O)([O-])OC[C@H]3O[C@@H](n4cnc5c(N)ncnc54)[C@H](OP(=O)([O-])[O-])[C@@H]3O)[C@@H](O)[C@H]2O)C=CC1.C=Cc1c(C)c2cc3nc(c4c5[n-]c(cc6nc(cc1[n-]2)C(C)=C6CC)c(C)c5C(=O)[C-]4C(=O)OC)[C@@H](CCC(=O)[O-])[C@@H]3C.[Mg+2].[H+].O=O>>NC(=O)c1ccc[n+]([C@@H]2O[C@H](COP(=O)([O-])OP(=O)([O-])OC[C@H]3O[C@@H](n4cnc5c(N)ncnc54)[C@H](OP(=O)([O-])[O-])[C@@H]3O)[C@@H](O)[C@H]2O)c1.C=Cc1c(C)c2cc3nc(c4c5[n-]c(cc6nc(cc1[n-]2)C(C[O-])=C6CC)c(C)c5C(=O)C4C(=O)OC)[C@@H](CCC(=O)[O-])[C@@H]3C.[Mg+2].O	1.0
NC(=O)C1=CN([C@@H]2O[C@H](COP(=O)([O-])OP(=O)([O-])OC[C@H]3O[C@@H](n4cnc5c(N)ncnc54)[C@H](OP(=O)([O-])[O-])[C@@H]3O)[C@@H](O)[C@H]2O)C=CC1.CC(=O)C(=O)c1ccccc1.[H+]>>NC(=O)c1ccc[n+]([C@@H]2O[C@H](COP(=O)([O-])OP(=O)([O-])OC[C@H]3O[C@@H](n4cnc5c(N)ncnc54)[C@H](OP(=O)([O-])[O-])[C@@H]3O)[C@@H](O)[C@H]2O)c1.CC(O)C(=O)c1ccccc1	1.0
NC(=O)C1=CN([C@@H]2O[C@H](COP(=O)([O-])OP(=O)([O-])OC[C@H]3O[C@@H](n4cnc5c(N)ncnc54)[C@H](OP(=O)([O-])[O-])[C@@H]3O)[C@@H](O)[C@H]2O)C=CC1.CC(=O)C[NH3+].O=C=O>>NC(=O)c1ccc[n+]([C@@H]2O[C@H](COP(=O)([O-])OP(=O)([O-])OC[C@H]3O[C@@H](n4cnc5c(N)ncnc54)[C@H](OP(=O)([O-])[O-])[C@@H]3O)[C@@H](O)[C@H]2O)c1.C[C@H](O)[C@H]([NH3+])C(=O)[O-]	1.0
NC(=O)C1=CN([C@@H]2O[C@H](COP(=O)([O-])OP(=O)([O-])OC[C@H]3O[C@@H](n4cnc5c(N)ncnc54)[C@H](OP(=O)([O-])[O-])[C@@H]3O)[C@@H](O)[C@H]2O)C=CC1.CC(C)(COP(=O)([O-])OP(=O)([O-])OC[C@H]1O[C@@H](n2cnc3c(N)ncnc32)[C@H](O)[C@@H]1OP(=O)([O-])[O-])[C@@H](O)C(=O)NCCC(=O)NCCSC(=O)CC(=O)[O-].CC(=O)SCCNC(=O)CCNC(=O)[C@H](O)C(C)(C)COP(=O)([O-])OP(=O)([O-])OC[C@H]1O[C@@H](n2cnc3c(N)ncnc32)[C@H](O)[C@@H]1OP(=O)([O-])[O-].[NH3+]CCCCC(=O)[O-].[H+]>>NC(=O)c1ccc[n+]([C@@H]2O[C@H](COP(=O)([O-])OP(=O)([O-])OC[C@H]3O[C@@H](n4cnc5c(N)ncnc54)[C@H](OP(=O)([O-])[O-])[C@@H]3O)[C@@H](O)[C@H]2O)c1.CC(C)(COP(=O)([O-])OP(=O)([O-])OC[C@H]1O[C@@H](n2cnc3c(N)ncnc32)[C@H](O)[C@@H]1OP(=O)([O-])[O-])[C@@H](O)C(=O)NCCC(=O)NCCS.C[C@@H](O)C/C=C/CCCCCCCC/C=C/C(=O)NCCCCC(=O)[O-].O=C=O.O	1.0
NC(=O)C1=CN([C@@H]2O[C@H](COP(=O)([O-])OP(=O)([O-])OC[C@H]3O[C@@H](n4cnc5c(N)ncnc54)[C@H](OP(=O)([O-])[O-])[C@@H]3O)[C@@H](O)[C@H]2O)C=CC1.CC(C)(COP(=O)([O-])OP(=O)([O-])OC[C@H]1O[C@@H](n2cnc3c(N)ncnc32)[C@H](O)[C@@H]1OP(=O)([O-])[O-])[C@@H](O)C(=O)NCCC(=O)NCCSC(=O)CC(=O)[O-].C[S+](CC[C@H]([NH3+])C(=O)[O-])C[C@H]1O[C@@H](n2cnc3c(N)ncnc32)[C@H](O)[C@@H]1O.CC(C)(COP(=O)([O-])OC[C@H](N)C=O)[C@@H](O)C(=O)NCCC(=O)NCCS.[H+]>>NC(=O)c1ccc[n+]([C@@H]2O[C@H](COP(=O)([O-])OP(=O)([O-])OC[C@H]3O[C@@H](n4cnc5c(N)ncnc54)[C@H](OP(=O)([O-])[O-])[C@@H]3O)[C@@H](O)[C@H]2O)c1.C[C@@H]1CC[C@@H]2[C@@H](CC[C@@H](O)C[C@@H](O)CC(=O)SCCNC(=O)CCNC(=O)[C@H](O)C(C)(C)COP(=O)([O-])OC[C@H](N)C=O)[C@@H](C)C=C[C@H]2C1.CC(C)(COP(=O)([O-])OP(=O)([O-])OC[C@H]1O[C@@H](n2cnc3c(N)ncnc32)[C@H](O)[C@@H]1OP(=O)([O-])[O-])[C@@H](O)C(=O)NCCC(=O)NCCS.Nc1ncnc2c1ncn2[C@@H]1O[C@H](CSCC[C@H]([NH3+])C(=O)[O-])[C@@H](O)[C@H]1O.O=C=O.O	1.0
NC(=O)C1=CN([C@@H]2O[C@H](COP(=O)([O-])OP(=O)([O-])OC[C@H]3O[C@@H](n4cnc5c(N)ncnc54)[C@H](OP(=O)([O-])[O-])[C@@H]3O)[C@@H](O)[C@H]2O)C=CC1.CC(C)=CCC/C(C)=C/CC/C(C)=C/Cc1c([O-])cc(-c2cccnc2)oc1=O.[H+].O=O>>NC(=O)c1ccc[n+]([C@@H]2O[C@H](COP(=O)([O-])OP(=O)([O-])OC[C@H]3O[C@@H](n4cnc5c(N)ncnc54)[C@H](OP(=O)([O-])[O-])[C@@H]3O)[C@@H](O)[C@H]2O)c1.C/C(=C\Cc1c([O-])cc(-c2cccnc2)oc1=O)CC/C=C(\C)CC[C@@H]1OC1(C)C.O	1.0
NC(=O)C1=CN([C@@H]2O[C@H](COP(=O)([O-])OP(=O)([O-])OC[C@H]3O[C@@H](n4cnc5c(N)ncnc54)[C@H](OP(=O)([O-])[O-])[C@@H]3O)[C@@H](O)[C@H]2O)C=CC1.CC(C)=CCC[C@@H](C)[C@H]1CC[C@H]2C3=C(CC[C@]12C)[C@@]1(C)CCC(=O)C[C@@H]1CC3.[H+]>>NC(=O)c1ccc[n+]([C@@H]2O[C@H](COP(=O)([O-])OP(=O)([O-])OC[C@H]3O[C@@H](n4cnc5c(N)ncnc54)[C@H](OP(=O)([O-])[O-])[C@@H]3O)[C@@H](O)[C@H]2O)c1.CC(C)=CCC[C@@H](C)[C@H]1CC[C@H]2C3=C(CC[C@]12C)[C@@]1(C)CC[C@H](O)C[C@@H]1CC3	1.0
NC(=O)C1=CN([C@@H]2O[C@H](COP(=O)([O-])OP(=O)([O-])OC[C@H]3O[C@@H](n4cnc5c(N)ncnc54)[C@H](OP(=O)([O-])[O-])[C@@H]3O)[C@@H](O)[C@H]2O)C=CC1.CC(C=O)CCC[C@@H](C)[C@H]1CC[C@H]2[C@@H]3CC=C4C[C@@H](O)CC[C@]4(C)[C@H]3CC[C@]12C.O=O>>NC(=O)c1ccc[n+]([C@@H]2O[C@H](COP(=O)([O-])OP(=O)([O-])OC[C@H]3O[C@@H](n4cnc5c(N)ncnc54)[C@H](OP(=O)([O-])[O-])[C@@H]3O)[C@@H](O)[C@H]2O)c1.CC(CCC[C@@H](C)[C@H]1CC[C@H]2[C@@H]3CC=C4C[C@@H](O)CC[C@]4(C)[C@H]3CC[C@]12C)C(=O)[O-].O	1.0
NC(=O)C1=CN([C@@H]2O[C@H](COP(=O)([O-])OP(=O)([O-])OC[C@H]3O[C@@H](n4cnc5c(N)ncnc54)[C@H](OP(=O)([O-])[O-])[C@@H]3O)[C@@H](O)[C@H]2O)C=CC1.CC12CCCC1C1CCC3CC(=O)CCC3(C)C1CC2.O=C=O>>NC(=O)c1ccc[n+]([C@@H]2O[C@H](COP(=O)([O-])OP(=O)([O-])OC[C@H]3O[C@@H](n4cnc5c(N)ncnc54)[C@H](OP(=O)([O-])[O-])[C@@H]3O)[C@@H](O)[C@H]2O)c1.CC12CCCC1C1CCC3[C@H](C(=O)[O-])[C@@H](O)CCC3(C)C1CC2	1.0
NC(=O)C1=CN([C@@H]2O[C@H](COP(=O)([O-])OP(=O)([O-])OC[C@H]3O[C@@H](n4cnc5c(N)ncnc54)[C@H](OP(=O)([O-])[O-])[C@@H]3O)[C@@H](O)[C@H]2O)C=CC1.CC1=C[C@@H]2/C=C/C[C@H](C)C(=O)[C@@H](C)/C=C/C(=O)[C@]23C(=O)N[C@@H](Cc2ccccc2)[C@@H]3[C@@H]1C.[H+].O=O>>NC(=O)c1ccc[n+]([C@@H]2O[C@H](COP(=O)([O-])OP(=O)([O-])OC[C@H]3O[C@@H](n4cnc5c(N)ncnc54)[C@H](OP(=O)([O-])[O-])[C@@H]3O)[C@@H](O)[C@H]2O)c1.CC1=C[C@@H]2/C=C/C[C@H](C)C(=O)/C(C)=C/CC(=O)O[C@]23C(=O)N[C@@H](Cc2ccccc2)[C@@H]3[C@@H]1C.O	1.0
NC(=O)C1=CN([C@@H]2O[C@H](COP(=O)([O-])OP(=O)([O-])OC[C@H]3O[C@@H](n4cnc5c(N)ncnc54)[C@H](OP(=O)([O-])[O-])[C@@H]3O)[C@@H](O)[C@H]2O)C=CC1.CCC/C=C/C=O.[H+]>>NC(=O)c1ccc[n+]([C@@H]2O[C@H](COP(=O)([O-])OP(=O)([O-])OC[C@H]3O[C@@H](n4cnc5c(N)ncnc54)[C@H](OP(=O)([O-])[O-])[C@@H]3O)[C@@H](O)[C@H]2O)c1.CCC/C=C/CO	1.0
NC(=O)C1=CN([C@@H]2O[C@H](COP(=O)([O-])OP(=O)([O-])OC[C@H]3O[C@@H](n4cnc5c(N)ncnc54)[C@H](OP(=O)([O-])[O-])[C@@H]3O)[C@@H](O)[C@H]2O)C=CC1.CCC=O.[H+]>>NC(=O)c1ccc[n+]([C@@H]2O[C@H](COP(=O)([O-])OP(=O)([O-])OC[C@H]3O[C@@H](n4cnc5c(N)ncnc54)[C@H](OP(=O)([O-])[O-])[C@@H]3O)[C@@H](O)[C@H]2O)c1.CCCO	1.0
NC(=O)C1=CN([C@@H]2O[C@H](COP(=O)([O-])OP(=O)([O-])OC[C@H]3O[C@@H](n4cnc5c(N)ncnc54)[C@H](OP(=O)([O-])[O-])[C@@H]3O)[C@@H](O)[C@H]2O)C=CC1.CCCCCCCCCC(O)CC(=O)[O-].[H+].O=O>>NC(=O)c1ccc[n+]([C@@H]2O[C@H](COP(=O)([O-])OP(=O)([O-])OC[C@H]3O[C@@H](n4cnc5c(N)ncnc54)[C@H](OP(=O)([O-])[O-])[C@@H]3O)[C@@H](O)[C@H]2O)c1.O=C([O-])CC(O)CCCCCCCCCO.O	1.0
NC(=O)C1=CN([C@@H]2O[C@H](COP(=O)([O-])OP(=O)([O-])OC[C@H]3O[C@@H](n4cnc5c(N)ncnc54)[C@H](OP(=O)([O-])[O-])[C@@H]3O)[C@@H](O)[C@H]2O)C=CC1.CCCCCCCCCCCCCCCC=O.[H+]>>NC(=O)c1ccc[n+]([C@@H]2O[C@H](COP(=O)([O-])OP(=O)([O-])OC[C@H]3O[C@@H](n4cnc5c(N)ncnc54)[C@H](OP(=O)([O-])[O-])[C@@H]3O)[C@@H](O)[C@H]2O)c1.CCCCCCCCCCCCCCCCO	1.0
NC(=O)C1=CN([C@@H]2O[C@H](COP(=O)([O-])OP(=O)([O-])OC[C@H]3O[C@@H](n4cnc5c(N)ncnc54)[C@H](OP(=O)([O-])[O-])[C@@H]3O)[C@@H](O)[C@H]2O)C=CC1.CCCCCCCCCCCCCCCCCCCCCCCC(=O)N[C@@H](CO)[C@H](O)CCCCCCCCCCCCCCC.[H+].O=O>>NC(=O)c1ccc[n+]([C@@H]2O[C@H](COP(=O)([O-])OP(=O)([O-])OC[C@H]3O[C@@H](n4cnc5c(N)ncnc54)[C@H](OP(=O)([O-])[O-])[C@@H]3O)[C@@H](O)[C@H]2O)c1.CCCCCCCCCCCCCCCCCCCCCCC(O)C(=O)N[C@@H](CO)[C@H](O)CCCCCCCCCCCCCCC.O	1.0
NC(=O)C1=CN([C@@H]2O[C@H](COP(=O)([O-])OP(=O)([O-])OC[C@H]3O[C@@H](n4cnc5c(N)ncnc54)[C@H](OP(=O)([O-])[O-])[C@@H]3O)[C@@H](O)[C@H]2O)C=CC1.CCCCC[C@H](O)/C=C/[C@H]1[C@H](O)CC(=O)[C@@H]1CCCCCCC(=O)[O-].[H+]>>NC(=O)c1ccc[n+]([C@@H]2O[C@H](COP(=O)([O-])OP(=O)([O-])OC[C@H]3O[C@@H](n4cnc5c(N)ncnc54)[C@H](OP(=O)([O-])[O-])[C@@H]3O)[C@@H](O)[C@H]2O)c1.CCCCC[C@H](O)/C=C/[C@H]1[C@H](O)CC(O)[C@@H]1CCCCCCC(=O)[O-]	1.0
NC(=O)C1=CN([C@@H]2O[C@H](COP(=O)([O-])OP(=O)([O-])OC[C@H]3O[C@@H](n4cnc5c(N)ncnc54)[C@H](OP(=O)([O-])[O-])[C@@H]3O)[C@@H](O)[C@H]2O)C=CC1.COc1cccc2nc3c(O)cccc3nc12.O=O>>NC(=O)c1ccc[n+]([C@@H]2O[C@H](COP(=O)([O-])OP(=O)([O-])OC[C@H]3O[C@@H](n4cnc5c(N)ncnc54)[C@H](OP(=O)([O-])[O-])[C@@H]3O)[C@@H](O)[C@H]2O)c1.COc1cccc2c1nc1cccc([O-])c1[n+]2[O-].O	1.0
NC(=O)C1=CN([C@@H]2O[C@H](COP(=O)([O-])OP(=O)([O-])OC[C@H]3O[C@@H](n4cnc5c(N)ncnc54)[C@H](OP(=O)([O-])[O-])[C@@H]3O)[C@@H](O)[C@H]2O)C=CC1.C[C@H](CCC(=O)[O-])[C@H]1CC[C@H]2[C@@H]3[C@H](O)C[C@@H]4C[C@H](O)CC[C@]4(C)[C@H]3CC(=O)[C@]12C.[H+]>>NC(=O)c1ccc[n+]([C@@H]2O[C@H](COP(=O)([O-])OP(=O)([O-])OC[C@H]3O[C@@H](n4cnc5c(N)ncnc54)[C@H](OP(=O)([O-])[O-])[C@@H]3O)[C@@H](O)[C@H]2O)c1.C[C@H](CCC(=O)[O-])[C@H]1CC[C@H]2[C@@H]3[C@H](O)C[C@@H]4C[C@H](O)CC[C@]4(C)[C@H]3C[C@H](O)[C@]12C	1.0
NC(=O)C1=CN([C@@H]2O[C@H](COP(=O)([O-])OP(=O)([O-])OC[C@H]3O[C@@H](n4cnc5c(N)ncnc54)[C@H](OP(=O)([O-])[O-])[C@@H]3O)[C@@H](O)[C@H]2O)C=CC1.C[C@]12CCC(=O)C[C@@H]1CC[C@@H]1[C@@H]2C(=O)C[C@]2(C)C(=O)CC[C@@H]12.[H+]>>NC(=O)c1ccc[n+]([C@@H]2O[C@H](COP(=O)([O-])OP(=O)([O-])OC[C@H]3O[C@@H](n4cnc5c(N)ncnc54)[C@H](OP(=O)([O-])[O-])[C@@H]3O)[C@@H](O)[C@H]2O)c1.C[C@]12CC[C@@H](O)C[C@@H]1CC[C@@H]1[C@@H]2C(=O)C[C@]2(C)C(=O)CC[C@@H]12	1.0
NC(=O)C1=CN([C@@H]2O[C@H](COP(=O)([O-])OP(=O)([O-])OC[C@H]3O[C@@H](n4cnc5c(N)ncnc54)[C@H](OP(=O)([O-])[O-])[C@@H]3O)[C@@H](O)[C@H]2O)C=CC1.NC(=[NH2+])NCCC[C@H]([NH3+])C(=O)[O-].[H+].O=O>>NC(=O)c1ccc[n+]([C@@H]2O[C@H](COP(=O)([O-])OP(=O)([O-])OC[C@H]3O[C@@H](n4cnc5c(N)ncnc54)[C@H](OP(=O)([O-])[O-])[C@@H]3O)[C@@H](O)[C@H]2O)c1.NC(=O)NCCC[C@H]([NH3+])C(=O)[O-].[N]=O.O	1.0
NC(=O)C1=CN([C@@H]2O[C@H](COP(=O)([O-])OP(=O)([O-])OC[C@H]3O[C@@H](n4cnc5c(N)ncnc54)[C@H](OP(=O)([O-])[O-])[C@@H]3O)[C@@H](O)[C@H]2O)C=CC1.O=C([O-])C(=O)CO.[H+]>>NC(=O)c1ccc[n+]([C@@H]2O[C@H](COP(=O)([O-])OP(=O)([O-])OC[C@H]3O[C@@H](n4cnc5c(N)ncnc54)[C@H](OP(=O)([O-])[O-])[C@@H]3O)[C@@H](O)[C@H]2O)c1.O=C([O-])[C@H](O)CO	1.0
NC(=O)C1=CN([C@@H]2O[C@H](COP(=O)([O-])OP(=O)([O-])OC[C@H]3O[C@@H](n4cnc5c(N)ncnc54)[C@H](OP(=O)([O-])[O-])[C@@H]3O)[C@@H](O)[C@H]2O)C=CC1.O=C([O-])CCC(=O)[O-].[H+]>>NC(=O)c1ccc[n+]([C@@H]2O[C@H](COP(=O)([O-])OP(=O)([O-])OC[C@H]3O[C@@H](n4cnc5c(N)ncnc54)[C@H](OP(=O)([O-])[O-])[C@@H]3O)[C@@H](O)[C@H]2O)c1.O=CCCC(=O)[O-].O	1.0
NC(=O)CC[C@H]([NH3+])C(=O)[O-].O=C[O-]>>NC(=O)CC[C@H](NC=O)C(=O)[O-].O	1.0
NC(=O)N[C@H]([NH3+])C(=O)[O-].O>>NC(=O)N[C@@H](O)C(=O)[O-].[NH4+]	1.0
NC(=O)OC[C@H]1O[C@H](O[C@@H]2[C@@H](O)[C@H](O[C@H]3O[C@H](C[NH3+])[C@@H](O)[C@H](O)[C@H]3O)[C@@H]([NH3+])C[C@H]2[NH3+])[C@H](O)[C@@H]([NH3+])[C@@H]1O.Nc1ncnc2c1ncn2[C@@H]1O[C@H](COP(=O)([O-])[O-])[C@@H](O)[C@H]1O.O=P([O-])([O-])OP(=O)([O-])O.O=P([O-])([O-])O.[H+]>>[NH3+]C[C@H]1O[C@H](O[C@H]2[C@H](O)[C@@H](O[C@H]3O[C@H](CO)[C@@H](O)[C@H]([NH3+])[C@H]3O)[C@H]([NH3+])C[C@@H]2[NH3+])[C@H](O)[C@@H](O)[C@@H]1O.Nc1ncnc2c1ncn2[C@@H]1O[C@H](COP(=O)([O-])OP(=O)([O-])OP(=O)([O-])[O-])[C@@H](O)[C@H]1O.NC(=O)OP(=O)([O-])[O-].O	1.0
NC(=O)[C@H](CCCN=C(N)N)NC(=O)c1ccccc1.O>>NC(=O)NCCC[C@H](NC(=O)c1ccccc1)C(N)=O.N	0.261904776096344
NC(=O)c1ccc[n+]([C@@H]2O[C@H](COP(=O)(O)OP(=O)(O)OC[C@H]3O[C@@H](n4cnc5c(N)ncnc54)[C@H](O)[C@@H]3O)[C@@H](O)[C@H]2O)c1.CC(=O)C1CCC2C3CCC4CC(O)CCC4(C)C3CCC12C>>NC(=O)C1=CN(C2OC(COP(=O)(O)OP(=O)(O)OCC3OC(n4cnc5c(N)ncnc54)C(O)C3O)C(O)C2O)C=CC1.CC(=O)C1CCC2C3CCC4CC(=O)CCC4(C)C3CCC12C.[H]	0.9815950989723206
NC(=O)c1ccc[n+]([C@@H]2O[C@H](COP(=O)(O)OP(=O)(O)OC[C@H]3O[C@@H](n4cnc5c(N)ncnc54)[C@H](O)[C@@H]3O)[C@@H](O)[C@H]2O)c1.O=Cc1ccc([N+](=O)[O-])cc1.O>>NC(=O)C1=CN(C2OC(COP(=O)(O)OP(=O)(O)OCC3OC(n4cnc5c(N)ncnc54)C(O)C3O)C(O)C2O)C=CC1.O=C(O)c1ccc([N+](=O)[O-])cc1.[H]	0.9813664555549622
NC(=O)c1ccc[n+]([C@@H]2O[C@H](COP(=O)(O)OP(=O)(O)OC[C@H]3O[C@@H](n4cnc5c(N)ncnc54)[C@H](OP(=O)(O)O)[C@@H]3O)[C@@H](O)[C@H]2O)c1.CCC(C)(C)c1ccc(O)c(C(C)(C)CC)c1>>CN1C(=O)CN=C(c2ccccc2F)c2cc([N+](=O)[O-])ccc21.CCc1cc2c(s1)-n1c(C)nnc1CN=C2c1ccccc1Cl.Oc1ccc2ccccc2c1O	0.8604651093482971
NC(=O)c1ccc[n+]([C@@H]2O[C@H](COP(=O)(O)OP(=O)(O)OC[C@H]3O[C@@H](n4cnc5c(N)ncnc54)[C@H](OP(=O)(O)O)[C@@H]3O)[C@@H](O)[C@H]2O)c1.CCO>>CC(=O)C1(O)CCC2C3CC(C)C4=CC(=O)C=CC4(C)C3(F)C(O)CC21C.CN1C(=O)CN=C(c2ccccc2F)c2cc([N+](=O)[O-])ccc21.CCc1cc2c(s1)-n1c(C)nnc1CN=C2c1ccccc1Cl	0.798561155796051
NC(=O)c1ccc[n+]([C@@H]2O[C@H](COP(=O)(O)OP(=O)(O)OC[C@H]3O[C@@H](n4cnc5c(N)ncnc54)[C@H](OP(=O)(O)O)[C@@H]3O)[C@@H](O)[C@H]2O)c1.COC(=O)c1c(-c2cc(OC)c(OC)c(OC)c2)c2ccc(OCc3ccccn3)cc2c(=O)n1-c1ccc(N)cc1>>CN1C(=O)CN=C(c2ccccc2F)c2cc([N+](=O)[O-])ccc21.COc1cc(C(=O)NCc2ccc(OCCN(C)C)cc2)cc(OC)c1OC.CCc1cc2c(s1)-n1c(C)nnc1CN=C2c1ccccc1Cl	0.7142857313156128
NC(=O)c1ccc[n+]([C@@H]2O[C@H](COP(=O)(O)OP(=O)(O)OC[C@H]3O[C@@H](n4cnc5c(N)ncnc54)[C@H](OP(=O)(O)O)[C@@H]3O)[C@@H](O)[C@H]2O)c1.Cc1ccc2c(c1C)[C@H](C(C)(C)CO)NCC2>>CN1C(=O)CN=C(c2ccccc2F)c2cc([N+](=O)[O-])ccc21.CCc1cc2c(s1)-n1c(C)nnc1CN=C2c1ccccc1Cl.CC1C(OC(=O)C(O)c2ccccc2)CCC(C)(C)N1C.COC(=O)c1ccccc1O	0.7445482611656189
NC(=O)c1ccc[n+]([C@@H]2O[C@H](COP(=O)([O-])OP(=O)([O-])OC[C@H]3O[C@@H](n4cnc5c(N)ncnc54)[C@H](O)[C@@H]3O)[C@@H](O)[C@H]2O)c1.CC(C)=CCC/C(C)=C/C=O.O>>NC(=O)C1=CN([C@@H]2O[C@H](COP(=O)([O-])OP(=O)([O-])OC[C@H]3O[C@@H](n4cnc5c(N)ncnc54)[C@H](O)[C@@H]3O)[C@@H](O)[C@H]2O)C=CC1.CC(C)=CCC/C(C)=C/C(=O)[O-].[H+]	1.0
NC(=O)c1ccc[n+]([C@@H]2O[C@H](COP(=O)([O-])OP(=O)([O-])OC[C@H]3O[C@@H](n4cnc5c(N)ncnc54)[C@H](O)[C@@H]3O)[C@@H](O)[C@H]2O)c1.CC(C)=CCC/C(C)=C/CC/C(C)=C/CC/C(C)=C/CC/C(C)=C/CC/C(C)=C/CC/C(C)=C/CC/C(C)=C/Cc1c(C)c(O)c2ccccc2c1O>>NC(=O)C1=CN([C@@H]2O[C@H](COP(=O)([O-])OP(=O)([O-])OC[C@H]3O[C@@H](n4cnc5c(N)ncnc54)[C@H](O)[C@@H]3O)[C@@H](O)[C@H]2O)C=CC1.CC(C)=CCC/C(C)=C/CC/C(C)=C/CC/C(C)=C/CC/C(C)=C/CC/C(C)=C/CC/C(C)=C/CC/C(C)=C/CC1=C(C)C(=O)c2ccccc2C1=O.[H+]	1.0
NC(=O)c1ccc[n+]([C@@H]2O[C@H](COP(=O)([O-])OP(=O)([O-])OC[C@H]3O[C@@H](n4cnc5c(N)ncnc54)[C@H](O)[C@@H]3O)[C@@H](O)[C@H]2O)c1.CC(C)=CCc1c(C)c(O)c2ccccc2c1O.[H+]>>NC(=O)C1=CN([C@@H]2O[C@H](COP(=O)([O-])OP(=O)([O-])OC[C@H]3O[C@@H](n4cnc5c(N)ncnc54)[C@H](O)[C@@H]3O)[C@@H](O)[C@H]2O)C=CC1.CC(C)=CCC1=C(C)C(=O)c2ccccc2C1=O.[H+]	1.0
NC(=O)c1ccc[n+]([C@@H]2O[C@H](COP(=O)([O-])OP(=O)([O-])OC[C@H]3O[C@@H](n4cnc5c(N)ncnc54)[C@H](O)[C@@H]3O)[C@@H](O)[C@H]2O)c1.CC(C)C1=CC=C(C(=O)[O-])[C@@H](O)[C@H]1O>>NC(=O)C1=CN([C@@H]2O[C@H](COP(=O)([O-])OP(=O)([O-])OC[C@H]3O[C@@H](n4cnc5c(N)ncnc54)[C@H](O)[C@@H]3O)[C@@H](O)[C@H]2O)C=CC1.CC(C)c1ccc(C(=O)[O-])c(O)c1O.[H+]	1.0
NC(=O)c1ccc[n+]([C@@H]2O[C@H](COP(=O)([O-])OP(=O)([O-])OC[C@H]3O[C@@H](n4cnc5c(N)ncnc54)[C@H](O)[C@@H]3O)[C@@H](O)[C@H]2O)c1.CC(C)CO>>NC(=O)C1=CN([C@@H]2O[C@H](COP(=O)([O-])OP(=O)([O-])OC[C@H]3O[C@@H](n4cnc5c(N)ncnc54)[C@H](O)[C@@H]3O)[C@@H](O)[C@H]2O)C=CC1.CC(C)C=O.[H+]	1.0
NC(=O)c1ccc[n+]([C@@H]2O[C@H](COP(=O)([O-])OP(=O)([O-])OC[C@H]3O[C@@H](n4cnc5c(N)ncnc54)[C@H](O)[C@@H]3O)[C@@H](O)[C@H]2O)c1.CC(O)c1ccccc1>>NC(=O)C1=CN([C@@H]2O[C@H](COP(=O)([O-])OP(=O)([O-])OC[C@H]3O[C@@H](n4cnc5c(N)ncnc54)[C@H](O)[C@@H]3O)[C@@H](O)[C@H]2O)C=CC1.CC(=O)c1ccccc1.[H+]	1.0
NC(=O)c1ccc[n+]([C@@H]2O[C@H](COP(=O)([O-])OP(=O)([O-])OC[C@H]3O[C@@H](n4cnc5c(N)ncnc54)[C@H](O)[C@@H]3O)[C@@H](O)[C@H]2O)c1.CC12CCCC1C1CCC3C[C@H](O)CCC3(C)C1CC2>>NC(=O)C1=CN([C@@H]2O[C@H](COP(=O)([O-])OP(=O)([O-])OC[C@H]3O[C@@H](n4cnc5c(N)ncnc54)[C@H](O)[C@@H]3O)[C@@H](O)[C@H]2O)C=CC1.CC12CCCC1C1CCC3CC(=O)CCC3(C)C1CC2.[H+]	1.0
NC(=O)c1ccc[n+]([C@@H]2O[C@H](COP(=O)([O-])OP(=O)([O-])OC[C@H]3O[C@@H](n4cnc5c(N)ncnc54)[C@H](O)[C@@H]3O)[C@@H](O)[C@H]2O)c1.CCCCC/C=C\C[C@@H](O)CCCCCCCCC(=O)[O-]>>NC(=O)C1=CN([C@@H]2O[C@H](COP(=O)([O-])OP(=O)([O-])OC[C@H]3O[C@@H](n4cnc5c(N)ncnc54)[C@H](O)[C@@H]3O)[C@@H](O)[C@H]2O)C=CC1.CCCCC/C=C\CC(=O)CCCCCCCCC(=O)[O-].[H+]	1.0
NC(=O)c1ccc[n+]([C@@H]2O[C@H](COP(=O)([O-])OP(=O)([O-])OC[C@H]3O[C@@H](n4cnc5c(N)ncnc54)[C@H](O)[C@@H]3O)[C@@H](O)[C@H]2O)c1.CCCCCC(=O)CC[C@H]1[C@H](O)CC(=O)[C@@H]1C/C=C\CCCC(=O)[O-]>>NC(=O)C1=CN([C@@H]2O[C@H](COP(=O)([O-])OP(=O)([O-])OC[C@H]3O[C@@H](n4cnc5c(N)ncnc54)[C@H](O)[C@@H]3O)[C@@H](O)[C@H]2O)C=CC1.CCCCCC(=O)/C=C/[C@H]1[C@H](O)CC(=O)[C@@H]1C/C=C\CCCC(=O)[O-].[H+]	1.0
NC(=O)c1ccc[n+]([C@@H]2O[C@H](COP(=O)([O-])OP(=O)([O-])OC[C@H]3O[C@@H](n4cnc5c(N)ncnc54)[C@H](O)[C@@H]3O)[C@@H](O)[C@H]2O)c1.CCO>>NC(=O)C1=CN([C@@H]2O[C@H](COP(=O)([O-])OP(=O)([O-])OC[C@H]3O[C@@H](n4cnc5c(N)ncnc54)[C@H](O)[C@@H]3O)[C@@H](O)[C@H]2O)C=CC1.CC=O.[H+]	1.0
NC(=O)c1ccc[n+]([C@@H]2O[C@H](COP(=O)([O-])OP(=O)([O-])OC[C@H]3O[C@@H](n4cnc5c(N)ncnc54)[C@H](O)[C@@H]3O)[C@@H](O)[C@H]2O)c1.CN(N=O)C(=O)N(O)CCC[C@H]([NH3+])C(=O)[O-].O>>NC(=O)C1=CN([C@@H]2O[C@H](COP(=O)([O-])OP(=O)([O-])OC[C@H]3O[C@@H](n4cnc5c(N)ncnc54)[C@H](O)[C@@H]3O)[C@@H](O)[C@H]2O)C=CC1.CNC(=[NH2+])NCCC[C@H]([NH3+])C(=O)[O-].[H+].O=O	1.0
NC(=O)c1ccc[n+]([C@@H]2O[C@H](COP(=O)([O-])OP(=O)([O-])OC[C@H]3O[C@@H](n4cnc5c(N)ncnc54)[C@H](O)[C@@H]3O)[C@@H](O)[C@H]2O)c1.CN1Cc2c(ccc3c2OCO3)-c2ccc3cc4c(cc3c21)OCO4>>NC(=O)C1=CN([C@@H]2O[C@H](COP(=O)([O-])OP(=O)([O-])OC[C@H]3O[C@@H](n4cnc5c(N)ncnc54)[C@H](O)[C@@H]3O)[C@@H](O)[C@H]2O)C=CC1.C[n+]1cc2c3c(ccc2c2ccc4cc5c(cc4c21)OCO5)OCO3	1.0
NC(=O)c1ccc[n+]([C@@H]2O[C@H](COP(=O)([O-])OP(=O)([O-])OC[C@H]3O[C@@H](n4cnc5c(N)ncnc54)[C@H](O)[C@@H]3O)[C@@H](O)[C@H]2O)c1.C[C@]12CCC(=O)C=C1CC[C@@H]1[C@@H]2C(=O)C[C@@]2(C)[C@H]1CC[C@]2(O)C(=O)CO>>NC(=O)C1=CN([C@@H]2O[C@H](COP(=O)([O-])OP(=O)([O-])OC[C@H]3O[C@@H](n4cnc5c(N)ncnc54)[C@H](O)[C@@H]3O)[C@@H](O)[C@H]2O)C=CC1.C[C@]12CCC(=O)C=C1CC[C@@H]1[C@@H]2C(=O)C[C@@]2(C)[C@H]1CC[C@]2(O)C(=O)C=O.[H+]	1.0
NC(=O)c1ccc[n+]([C@@H]2O[C@H](COP(=O)([O-])OP(=O)([O-])OC[C@H]3O[C@@H](n4cnc5c(N)ncnc54)[C@H](O)[C@@H]3O)[C@@H](O)[C@H]2O)c1.C[C@]12CC[C@@H](O)C[C@@H]1CC[C@@H]1[C@@H]2CC[C@]2(C)[C@@H](O)CC[C@@H]12>>NC(=O)C1=CN([C@@H]2O[C@H](COP(=O)([O-])OP(=O)([O-])OC[C@H]3O[C@@H](n4cnc5c(N)ncnc54)[C@H](O)[C@@H]3O)[C@@H](O)[C@H]2O)C=CC1.C[C@]12CC[C@@H](O)C[C@@H]1CC[C@@H]1[C@@H]2CC[C@]2(C)C(=O)CC[C@@H]12.[H+]	1.0
NC(=O)c1ccc[n+]([C@@H]2O[C@H](COP(=O)([O-])OP(=O)([O-])OC[C@H]3O[C@@H](n4cnc5c(N)ncnc54)[C@H](O)[C@@H]3O)[C@@H](O)[C@H]2O)c1.C[C@]12CC[C@H]3[C@@H](CC=C4C[C@@H](O)CC[C@@]43C)[C@@H]1CC[C@@H]2O>>NC(=O)C1=CN([C@@H]2O[C@H](COP(=O)([O-])OP(=O)([O-])OC[C@H]3O[C@@H](n4cnc5c(N)ncnc54)[C@H](O)[C@@H]3O)[C@@H](O)[C@H]2O)C=CC1.C[C@]12CC[C@H]3[C@@H](CC=C4CC(=O)CC[C@@]43C)[C@@H]1CC[C@@H]2O.[H+]	1.0
NC(=O)c1ccc[n+]([C@@H]2O[C@H](COP(=O)([O-])OP(=O)([O-])OC[C@H]3O[C@@H](n4cnc5c(N)ncnc54)[C@H](O)[C@@H]3O)[C@@H](O)[C@H]2O)c1.C[NH3+].O>>NC(=O)C1=CN([C@@H]2O[C@H](COP(=O)([O-])OP(=O)([O-])OC[C@H]3O[C@@H](n4cnc5c(N)ncnc54)[C@H](O)[C@@H]3O)[C@@H](O)[C@H]2O)C=CC1.[NH4+].[H+].C=O	1.0
NC(=O)c1ccc[n+]([C@@H]2O[C@H](COP(=O)([O-])OP(=O)([O-])OC[C@H]3O[C@@H](n4cnc5c(N)ncnc54)[C@H](O)[C@@H]3O)[C@@H](O)[C@H]2O)c1.C[S+](C)[O-].O>>NC(=O)C1=CN([C@@H]2O[C@H](COP(=O)([O-])OP(=O)([O-])OC[C@H]3O[C@@H](n4cnc5c(N)ncnc54)[C@H](O)[C@@H]3O)[C@@H](O)[C@H]2O)C=CC1.[H+].CSC.O=O	1.0
NC(=O)c1ccc[n+]([C@@H]2O[C@H](COP(=O)([O-])OP(=O)([O-])OC[C@H]3O[C@@H](n4cnc5c(N)ncnc54)[C@H](O)[C@@H]3O)[C@@H](O)[C@H]2O)c1.O=C([O-])C(=O)C[C@]1(C(=O)[O-])C=C[C@@H](O)C=C1>>NC(=O)C1=CN([C@@H]2O[C@H](COP(=O)([O-])OP(=O)([O-])OC[C@H]3O[C@@H](n4cnc5c(N)ncnc54)[C@H](O)[C@@H]3O)[C@@H](O)[C@H]2O)C=CC1.O=C([O-])C(=O)Cc1ccc(O)cc1.O=C=O	1.0
NC(=O)c1ccc[n+]([C@@H]2O[C@H](COP(=O)([O-])OP(=O)([O-])OC[C@H]3O[C@@H](n4cnc5c(N)ncnc54)[C@H](O)[C@@H]3O)[C@@H](O)[C@H]2O)c1.O=C([O-])CCCCCCCCCCCO>>NC(=O)C1=CN([C@@H]2O[C@H](COP(=O)([O-])OP(=O)([O-])OC[C@H]3O[C@@H](n4cnc5c(N)ncnc54)[C@H](O)[C@@H]3O)[C@@H](O)[C@H]2O)C=CC1.O=CCCCCCCCCCCC(=O)[O-].[H+]	1.0
NC(=O)c1ccc[n+]([C@@H]2O[C@H](COP(=O)([O-])OP(=O)([O-])OC[C@H]3O[C@@H](n4cnc5c(N)ncnc54)[C@H](O)[C@@H]3O)[C@@H](O)[C@H]2O)c1.O=C([O-])[C@@]1(O)C=CC=C[C@@H]1O>>NC(=O)C1=CN([C@@H]2O[C@H](COP(=O)([O-])OP(=O)([O-])OC[C@H]3O[C@@H](n4cnc5c(N)ncnc54)[C@H](O)[C@@H]3O)[C@@H](O)[C@H]2O)C=CC1.Oc1ccccc1O.O=C=O	1.0
NC(=O)c1ccc[n+]([C@@H]2O[C@H](COP(=O)([O-])OP(=O)([O-])OC[C@H]3O[C@@H](n4cnc5c(N)ncnc54)[C@H](O)[C@@H]3O)[C@@H](O)[C@H]2O)c1.O=C([O-])[C@H](CC[NH+]1CC[C@H]1C(=O)[O-])[NH2+]CC[C@H](O)C(=O)[O-]>>NC(=O)C1=CN([C@@H]2O[C@H](COP(=O)([O-])OP(=O)([O-])OC[C@H]3O[C@@H](n4cnc5c(N)ncnc54)[C@H](O)[C@@H]3O)[C@@H](O)[C@H]2O)C=CC1.O=C([O-])C(=O)CC[NH2+][C@@H](CC[NH+]1CC[C@H]1C(=O)[O-])C(=O)[O-].[H+]	1.0
NC(=O)c1ccc[n+]([C@@H]2O[C@H](COP(=O)([O-])OP(=O)([O-])OC[C@H]3O[C@@H](n4cnc5c(N)ncnc54)[C@H](O)[C@@H]3O)[C@@H](O)[C@H]2O)c1.O=C([O-])[C@H](O)Cc1ccc(O)c(O)c1>>NC(=O)C1=CN([C@@H]2O[C@H](COP(=O)([O-])OP(=O)([O-])OC[C@H]3O[C@@H](n4cnc5c(N)ncnc54)[C@H](O)[C@@H]3O)[C@@H](O)[C@H]2O)C=CC1.O=C([O-])C(=O)Cc1ccc(O)c(O)c1.[H+]	1.0
NC(=O)c1ccc[n+]([C@@H]2O[C@H](COP(=O)([O-])OP(=O)([O-])OC[C@H]3O[C@@H](n4cnc5c(N)ncnc54)[C@H](O)[C@@H]3O)[C@@H](O)[C@H]2O)c1.O=C([O-])[C@]1(O)C[C@@H](O)[C@@H](O)[C@H](O)C1>>NC(=O)C1=CN([C@@H]2O[C@H](COP(=O)([O-])OP(=O)([O-])OC[C@H]3O[C@@H](n4cnc5c(N)ncnc54)[C@H](O)[C@@H]3O)[C@@H](O)[C@H]2O)C=CC1.O=C1C[C@@](O)(C(=O)[O-])C[C@@H](O)[C@@H]1O.[H+]	1.0
NC(=O)c1ccc[n+]([C@@H]2O[C@H](COP(=O)([O-])OP(=O)([O-])OC[C@H]3O[C@@H](n4cnc5c(N)ncnc54)[C@H](O)[C@@H]3O)[C@@H](O)[C@H]2O)c1.O=P([O-])([O-])O>>Nc1ncnc2c1ncn2[C@@H]1O[C@H](COP(=O)([O-])OP(=O)([O-])OC[C@H]2O[C@H](OP(=O)([O-])[O-])[C@H](O)[C@@H]2O)[C@@H](O)[C@H]1O.NC(=O)c1cccnc1.[H+]	1.0
NC(=O)c1ccc[n+]([C@@H]2O[C@H](COP(=O)([O-])OP(=O)([O-])OC[C@H]3O[C@@H](n4cnc5c(N)ncnc54)[C@H](O)[C@@H]3O)[C@@H](O)[C@H]2O)c1.O=P([O-])([O-])OC[C@@H](O)[C@@H](O)[C@H](O)[C@H](O)CO>>NC(=O)C1=CN([C@@H]2O[C@H](COP(=O)([O-])OP(=O)([O-])OC[C@H]3O[C@@H](n4cnc5c(N)ncnc54)[C@H](O)[C@@H]3O)[C@@H](O)[C@H]2O)C=CC1.O=P([O-])([O-])OC[C@H]1O[C@](O)(CO)[C@@H](O)[C@@H]1O.[H+]	1.0
NC(=O)c1ccc[n+]([C@@H]2O[C@H](COP(=O)([O-])OP(=O)([O-])OC[C@H]3O[C@@H](n4cnc5c(N)ncnc54)[C@H](O)[C@@H]3O)[C@@H](O)[C@H]2O)c1.O=S([O-])[O-].C=O.O>>NC(=O)C1=CN([C@@H]2O[C@H](COP(=O)([O-])OP(=O)([O-])OC[C@H]3O[C@@H](n4cnc5c(N)ncnc54)[C@H](O)[C@@H]3O)[C@@H](O)[C@H]2O)C=CC1.CS(=O)(=O)[O-].O=O	1.0
NC(=O)c1ccc[n+]([C@@H]2O[C@H](COP(=O)([O-])OP(=O)([O-])OC[C@H]3O[C@@H](n4cnc5c(N)ncnc54)[C@H](O)[C@@H]3O)[C@@H](O)[C@H]2O)c1.Oc1ccc(O)cc1.O=C=O.O>>NC(=O)C1=CN([C@@H]2O[C@H](COP(=O)([O-])OP(=O)([O-])OC[C@H]3O[C@@H](n4cnc5c(N)ncnc54)[C@H](O)[C@@H]3O)[C@@H](O)[C@H]2O)C=CC1.O=C([O-])c1ccc(O)cc1.[H+].O=O	1.0
NC(=O)c1ccc[n+]([C@@H]2O[C@H](COP(=O)([O-])OP(=O)([O-])OC[C@H]3O[C@@H](n4cnc5c(N)ncnc54)[C@H](O)[C@@H]3O)[C@@H](O)[C@H]2O)c1.[NH3+][C@@H](CCC(=O)N[C@@H](CS)C(=O)NCC(=O)[O-])C(=O)[O-]>>NC(=O)C1=CN([C@@H]2O[C@H](COP(=O)([O-])OP(=O)([O-])OC[C@H]3O[C@@H](n4cnc5c(N)ncnc54)[C@H](O)[C@@H]3O)[C@@H](O)[C@H]2O)C=CC1.[NH3+][C@@H](CCC(=O)N[C@@H](CSSC[C@H](NC(=O)CC[C@H]([NH3+])C(=O)[O-])C(=O)NCC(=O)[O-])C(=O)NCC(=O)[O-])C(=O)[O-].[H+]	1.0
NC(=O)c1ccc[n+]([C@@H]2O[C@H](COP(=O)([O-])OP(=O)([O-])OC[C@H]3O[C@@H](n4cnc5c(N)ncnc54)[C@H](O)[C@@H]3O)[C@@H](O)[C@H]2O)c1>>Nc1ncnc2c1ncn2[C@@H]1O[C@H](COP(=O)([O-])OP(=O)([O-])OC[C@H]2[O+]=C[C@H](O)[C@@H]2O)[C@@H](O)[C@H]1O.NC(=O)c1cccnc1	1.0
NC(=O)c1ccc[n+]([C@@H]2O[C@H](COP(=O)([O-])OP(=O)([O-])OC[C@H]3O[C@@H](n4cnc5c(N)ncnc54)[C@H](OP(=O)([O-])[O-])[C@@H]3O)[C@@H](O)[C@H]2O)c1.C/C(=C\CC/C(C)=C/C=O)CO>>NC(=O)C1=CN([C@@H]2O[C@H](COP(=O)([O-])OP(=O)([O-])OC[C@H]3O[C@@H](n4cnc5c(N)ncnc54)[C@H](OP(=O)([O-])[O-])[C@@H]3O)[C@@H](O)[C@H]2O)C=CC1.C/C(C=O)=C\CC/C(C)=C/C=O.[H+]	1.0
NC(=O)c1ccc[n+]([C@@H]2O[C@H](COP(=O)([O-])OP(=O)([O-])OC[C@H]3O[C@@H](n4cnc5c(N)ncnc54)[C@H](OP(=O)([O-])[O-])[C@@H]3O)[C@@H](O)[C@H]2O)c1.CC(=O)[C@H]1CC[C@H]2[C@@H]3CC[C@@H]4C[C@H](O)CC[C@]4(C)[C@H]3CC[C@]12C>>NC(=O)C1=CN([C@@H]2O[C@H](COP(=O)([O-])OP(=O)([O-])OC[C@H]3O[C@@H](n4cnc5c(N)ncnc54)[C@H](OP(=O)([O-])[O-])[C@@H]3O)[C@@H](O)[C@H]2O)C=CC1.CC(=O)[C@H]1CC[C@H]2[C@@H]3CC[C@@H]4CC(=O)CC[C@]4(C)[C@H]3CC[C@]12C.[H+]	1.0
NC(=O)c1ccc[n+]([C@@H]2O[C@H](COP(=O)([O-])OP(=O)([O-])OC[C@H]3O[C@@H](n4cnc5c(N)ncnc54)[C@H](OP(=O)([O-])[O-])[C@@H]3O)[C@@H](O)[C@H]2O)c1.CC(C)(COP(=O)([O-])OP(=O)([O-])OC[C@H]1O[C@@H](n2cnc3c(N)ncnc32)[C@H](O)[C@@H]1OP(=O)([O-])[O-])[C@@H](O)C(=O)NCCC(=O)NCCS.O=C/C=C/c1ccc(O)cc1>>CC(C)(COP(=O)([O-])OP(=O)([O-])OC[C@H]1O[C@@H](n2cnc3c(N)ncnc32)[C@H](O)[C@@H]1OP(=O)([O-])[O-])[C@@H](O)C(=O)NCCC(=O)NCCSC(=O)/C=C/c1ccc(O)cc1.NC(=O)C1=CN([C@@H]2O[C@H](COP(=O)([O-])OP(=O)([O-])OC[C@H]3O[C@@H](n4cnc5c(N)ncnc54)[C@H](OP(=O)([O-])[O-])[C@@H]3O)[C@@H](O)[C@H]2O)C=CC1.[H+]	1.0
NC(=O)c1ccc[n+]([C@@H]2O[C@H](COP(=O)([O-])OP(=O)([O-])OC[C@H]3O[C@@H](n4cnc5c(N)ncnc54)[C@H](OP(=O)([O-])[O-])[C@@H]3O)[C@@H](O)[C@H]2O)c1.CC(C)(COP(=O)([O-])OP(=O)([O-])OC[C@H]1O[C@@H](n2cnc3c(N)ncnc32)[C@H](O)[C@@H]1OP(=O)([O-])[O-])[C@@H](O)C(=O)NCCC(=O)NCC[S+](N)[O-]>>NC(=O)C1=CN([C@@H]2O[C@H](COP(=O)([O-])OP(=O)([O-])OC[C@H]3O[C@@H](n4cnc5c(N)ncnc54)[C@H](OP(=O)([O-])[O-])[C@@H]3O)[C@@H](O)[C@H]2O)C=CC1.CC(C)(COP(=O)([O-])OP(=O)([O-])OC[C@H]1O[C@@H](n2cnc3c(N)ncnc32)[C@H](O)[C@@H]1OP(=O)([O-])[O-])[C@@H](O)C(=O)NCCC(=O)NCCSN=O.[H+]	1.0
NC(=O)c1ccc[n+]([C@@H]2O[C@H](COP(=O)([O-])OP(=O)([O-])OC[C@H]3O[C@@H](n4cnc5c(N)ncnc54)[C@H](OP(=O)([O-])[O-])[C@@H]3O)[C@@H](O)[C@H]2O)c1.CC(C)=CCC[C@H](C)CC=O.O>>NC(=O)C1=CN([C@@H]2O[C@H](COP(=O)([O-])OP(=O)([O-])OC[C@H]3O[C@@H](n4cnc5c(N)ncnc54)[C@H](OP(=O)([O-])[O-])[C@@H]3O)[C@@H](O)[C@H]2O)C=CC1.CC(C)=CCC[C@H](C)CC(=O)[O-].[H+]	1.0
NC(=O)c1ccc[n+]([C@@H]2O[C@H](COP(=O)([O-])OP(=O)([O-])OC[C@H]3O[C@@H](n4cnc5c(N)ncnc54)[C@H](OP(=O)([O-])[O-])[C@@H]3O)[C@@H](O)[C@H]2O)c1.CC1=C[C@H]2[C@@H](CC1)[C@H](C)CC[C@H]2[C@@H](C)C=O>>NC(=O)C1=CN([C@@H]2O[C@H](COP(=O)([O-])OP(=O)([O-])OC[C@H]3O[C@@H](n4cnc5c(N)ncnc54)[C@H](OP(=O)([O-])[O-])[C@@H]3O)[C@@H](O)[C@H]2O)C=CC1.C=C(C=O)[C@@H]1CC[C@@H](C)[C@@H]2CCC(C)=C[C@@H]21.[H+]	1.0
NC(=O)c1ccc[n+]([C@@H]2O[C@H](COP(=O)([O-])OP(=O)([O-])OC[C@H]3O[C@@H](n4cnc5c(N)ncnc54)[C@H](OP(=O)([O-])[O-])[C@@H]3O)[C@@H](O)[C@H]2O)c1.CCCCCC(=O)SCCNC(=O)CCNC(=O)[C@H](O)C(C)(C)COP(=O)([O-])OP(=O)([O-])OC[C@H]1O[C@@H](n2cnc3c(N)ncnc32)[C@H](O)[C@@H]1OP(=O)([O-])[O-]>>NC(=O)C1=CN([C@@H]2O[C@H](COP(=O)([O-])OP(=O)([O-])OC[C@H]3O[C@@H](n4cnc5c(N)ncnc54)[C@H](OP(=O)([O-])[O-])[C@@H]3O)[C@@H](O)[C@H]2O)C=CC1.CCC/C=C/C(=O)SCCNC(=O)CCNC(=O)[C@H](O)C(C)(C)COP(=O)([O-])OP(=O)([O-])OC[C@H]1O[C@@H](n2cnc3c(N)ncnc32)[C@H](O)[C@@H]1OP(=O)([O-])[O-].[H+]	1.0
NC(=O)c1ccc[n+]([C@@H]2O[C@H](COP(=O)([O-])OP(=O)([O-])OC[C@H]3O[C@@H](n4cnc5c(N)ncnc54)[C@H](OP(=O)([O-])[O-])[C@@H]3O)[C@@H](O)[C@H]2O)c1.CCCCC[C@H](O)/C=C/[C@H]1C(=O)C[C@H](O)[C@@H]1C/C=C\CCCC(=O)[O-]>>NC(=O)C1=CN([C@@H]2O[C@H](COP(=O)([O-])OP(=O)([O-])OC[C@H]3O[C@@H](n4cnc5c(N)ncnc54)[C@H](OP(=O)([O-])[O-])[C@@H]3O)[C@@H](O)[C@H]2O)C=CC1.CCCCCC(=O)/C=C/[C@H]1C(=O)C[C@H](O)[C@@H]1C/C=C\CCCC(=O)[O-].[H+]	1.0
NC(=O)c1ccc[n+]([C@@H]2O[C@H](COP(=O)([O-])OP(=O)([O-])OC[C@H]3O[C@@H](n4cnc5c(N)ncnc54)[C@H](OP(=O)([O-])[O-])[C@@H]3O)[C@@H](O)[C@H]2O)c1.C[C@H](O)[C@H]1CC[C@H]2[C@@H]3CC[C@H]4C[C@H](O)CC[C@]4(C)[C@H]3CC[C@]12C>>NC(=O)C1=CN([C@@H]2O[C@H](COP(=O)([O-])OP(=O)([O-])OC[C@H]3O[C@@H](n4cnc5c(N)ncnc54)[C@H](OP(=O)([O-])[O-])[C@@H]3O)[C@@H](O)[C@H]2O)C=CC1.CC(=O)[C@H]1CC[C@H]2[C@@H]3CC[C@H]4C[C@H](O)CC[C@]4(C)[C@H]3CC[C@]12C.[H+]	1.0
NC(=O)c1ccc[n+]([C@@H]2O[C@H](COP(=O)([O-])OP(=O)([O-])OC[C@H]3O[C@@H](n4cnc5c(N)ncnc54)[C@H](OP(=O)([O-])[O-])[C@@H]3O)[C@@H](O)[C@H]2O)c1.C[C@]12CC[C@@H]3c4ccc(O)cc4CC[C@H]3[C@@H]1CC[C@H]2O>>NC(=O)C1=CN([C@@H]2O[C@H](COP(=O)([O-])OP(=O)([O-])OC[C@H]3O[C@@H](n4cnc5c(N)ncnc54)[C@H](OP(=O)([O-])[O-])[C@@H]3O)[C@@H](O)[C@H]2O)C=CC1.C[C@]12CC[C@@H]3c4ccc(O)cc4CC[C@H]3[C@@H]1CCC2=O.[H+]	1.0
NC(=O)c1ccc[n+]([C@@H]2O[C@H](COP(=O)([O-])OP(=O)([O-])OC[C@H]3O[C@@H](n4cnc5c(N)ncnc54)[C@H](OP(=O)([O-])[O-])[C@@H]3O)[C@@H](O)[C@H]2O)c1.NC(=[NH2+])NCCCC[NH2+]CC[C@H]([NH3+])C(=O)[O-].O>>NC(=O)C1=CN([C@@H]2O[C@H](COP(=O)([O-])OP(=O)([O-])OC[C@H]3O[C@@H](n4cnc5c(N)ncnc54)[C@H](OP(=O)([O-])[O-])[C@@H]3O)[C@@H](O)[C@H]2O)C=CC1.[NH3+][C@@H](CC=O)C(=O)[O-].NC(=[NH2+])NCCCC[NH3+].[H+]	1.0
NC(=O)c1ccc[n+]([C@@H]2O[C@H](COP(=O)([O-])OP(=O)([O-])OC[C@H]3O[C@@H](n4cnc5c(N)ncnc54)[C@H](OP(=O)([O-])[O-])[C@@H]3O)[C@@H](O)[C@H]2O)c1.Nc1ccn([C@@H]2O[C@H](COP(=O)([O-])OP(=O)([O-])[O-])[C@@H](O)[C@H]2O)c(=O)n1.[H+]>>NC(=O)c1ccc[n+]([C@@H]2O[C@H](COP(=O)([O-])OP(=O)([O-])OC[C@H]3O[C@@H](n4cnc5c(N)ncnc54)[C@H](O)[C@@H]3O)[C@@H](O)[C@H]2O)c1.Nc1ccn([C@@H]2O[C@H](COP(=O)([O-])OP(=O)([O-])OP(=O)([O-])[O-])[C@@H](O)[C@H]2O)c(=O)n1	1.0
NC(=O)c1ccc[n+]([C@@H]2O[C@H](COP(=O)([O-])OP(=O)([O-])OC[C@H]3O[C@@H](n4cnc5c(N)ncnc54)[C@H](OP(=O)([O-])[O-])[C@@H]3O)[C@@H](O)[C@H]2O)c1.Nc1ncnc2c1ncn2[C@@H]1O[C@H](COP(=O)([O-])[O-])[C@@H](O)[C@H]1O.O=P([O-])([O-])OP(=O)([O-])O.CCCCCCCCC=O>>NC(=O)C1=CN([C@@H]2O[C@H](COP(=O)([O-])OP(=O)([O-])OC[C@H]3O[C@@H](n4cnc5c(N)ncnc54)[C@H](OP(=O)([O-])[O-])[C@@H]3O)[C@@H](O)[C@H]2O)C=CC1.Nc1ncnc2c1ncn2[C@@H]1O[C@H](COP(=O)([O-])OP(=O)([O-])OP(=O)([O-])[O-])[C@@H](O)[C@H]1O.CCCCCCCCC(=O)[O-].[H+]	1.0
NC(=O)c1ccc[n+]([C@@H]2O[C@H](COP(=O)([O-])OP(=O)([O-])OC[C@H]3O[C@@H](n4cnc5c(N)ncnc54)[C@H](OP(=O)([O-])[O-])[C@@H]3O)[C@@H](O)[C@H]2O)c1.O=C1C(CO)=C[C@H](O)[C@H]2O[C@@H]12>>NC(=O)C1=CN([C@@H]2O[C@H](COP(=O)([O-])OP(=O)([O-])OC[C@H]3O[C@@H](n4cnc5c(N)ncnc54)[C@H](OP(=O)([O-])[O-])[C@@H]3O)[C@@H](O)[C@H]2O)C=CC1.O=C1C=C(CO)C(=O)[C@@H]2O[C@H]12.[H+]	1.0
NC(=O)c1ccc[n+]([C@@H]2O[C@H](COP(=O)([O-])OP(=O)([O-])OC[C@H]3O[C@@H](n4cnc5c(N)ncnc54)[C@H](OP(=O)([O-])[O-])[C@@H]3O)[C@@H](O)[C@H]2O)c1.O=C1C=C(CO)/C(=C\CO)O1>>NC(=O)C1=CN([C@@H]2O[C@H](COP(=O)([O-])OP(=O)([O-])OC[C@H]3O[C@@H](n4cnc5c(N)ncnc54)[C@H](OP(=O)([O-])[O-])[C@@H]3O)[C@@H](O)[C@H]2O)C=CC1.O=C1C=C2COC(O)C=C2O1.[H+]	1.0
NC(=O)c1ccc[n+]([C@@H]2O[C@H](COP(=O)([O-])OP(=O)([O-])OC[C@H]3O[C@@H](n4cnc5c(N)ncnc54)[C@H](OP(=O)([O-])[O-])[C@@H]3O)[C@@H](O)[C@H]2O)c1.O=C1Nc2ccccc2C1O>>NC(=O)C1=CN([C@@H]2O[C@H](COP(=O)([O-])OP(=O)([O-])OC[C@H]3O[C@@H](n4cnc5c(N)ncnc54)[C@H](OP(=O)([O-])[O-])[C@@H]3O)[C@@H](O)[C@H]2O)C=CC1.O=C1Nc2ccccc2C1=O.[H+]	1.0
NC(=O)c1ccc[n+]([C@@H]2O[C@H](COP(=O)([O-])OP(=O)([O-])OC[C@H]3O[C@@H](n4cnc5c(N)ncnc54)[C@H](OP(=O)([O-])[O-])[C@@H]3O)[C@@H](O)[C@H]2O)c1.O=CCCl.O>>NC(=O)C1=CN([C@@H]2O[C@H](COP(=O)([O-])OP(=O)([O-])OC[C@H]3O[C@@H](n4cnc5c(N)ncnc54)[C@H](OP(=O)([O-])[O-])[C@@H]3O)[C@@H](O)[C@H]2O)C=CC1.O=C([O-])CCl.[H+]	1.0
NC(=O)c1ccc[n+]([C@@H]2O[C@H](COP(=O)([O-])OP(=O)([O-])OC[C@H]3O[C@@H](n4cnc5c(N)ncnc54)[C@H](OP(=O)([O-])[O-])[C@@H]3O)[C@@H](O)[C@H]2O)c1.O=P([O-])([O-])OC[C@H]1OC(O)[C@H](O)[C@@H](O)[C@H]1O>>NC(=O)C1=CN([C@@H]2O[C@H](COP(=O)([O-])OP(=O)([O-])OC[C@H]3O[C@@H](n4cnc5c(N)ncnc54)[C@H](OP(=O)([O-])[O-])[C@@H]3O)[C@@H](O)[C@H]2O)C=CC1.O=C1O[C@H](COP(=O)([O-])[O-])[C@H](O)[C@H](O)[C@H]1O.[H+]	1.0
NC(=O)c1ccc[n+]([C@@H]2O[C@H](COP(=O)([O-])OP(=O)([O-])OC[C@H]3O[C@@H](n4cnc5c(N)ncnc54)[C@H](OP(=O)([O-])[O-])[C@@H]3O)[C@@H](O)[C@H]2O)c1.OCC(O)CO>>NC(=O)C1=CN([C@@H]2O[C@H](COP(=O)([O-])OP(=O)([O-])OC[C@H]3O[C@@H](n4cnc5c(N)ncnc54)[C@H](OP(=O)([O-])[O-])[C@@H]3O)[C@@H](O)[C@H]2O)C=CC1.O=CC(O)CO.[H+]	1.0
NC(=O)c1ccc[n+]([C@@H]2O[C@H](COP(=O)([O-])OP(=O)([O-])OC[C@H]3O[C@@H](n4cnc5c(N)ncnc54)[C@H](OP(=O)([O-])[O-])[C@@H]3O)[C@@H](O)[C@H]2O)c1.OC[C@H]1OC(O)[C@@H](O)[C@@H](O)[C@@H]1O>>NC(=O)C1=CN([C@@H]2O[C@H](COP(=O)([O-])OP(=O)([O-])OC[C@H]3O[C@@H](n4cnc5c(N)ncnc54)[C@H](OP(=O)([O-])[O-])[C@@H]3O)[C@@H](O)[C@H]2O)C=CC1.O=C1C(O)O[C@H](CO)[C@@H](O)[C@@H]1O.[H+]	1.0
NC(=O)c1ccncc1>>N#Cc1ccncc1.O	1.0
NC(=[NH2+])NCCC(=O)[O-].O>>[NH3+]CCC(=O)[O-].NC(N)=O	1.0
NC(=[NH2+])NCCCC[NH2+]CCC[NH3+].O>>[NH3+]CCCC[NH2+]CCC[NH3+].NC(N)=O	1.0
NC(=[NH2+])NCCC[C@H](NC(=O)CCC(=O)[O-])C(=O)[O-].[H+].O>>[NH3+]CCC[C@H](NC(=O)CCC(=O)[O-])C(=O)[O-].[NH4+].O=C=O	1.0
NC(=[NH2+])NCCC[C@H](NC(=O)C[C@H](NC(=O)[C@H](CC(=O)N[C@@H](CCCNC(N)=[NH2+])C(=O)[O-])NC(=O)[C@@H]([NH3+])CC(=O)N[C@@H](CCCNC(N)=[NH2+])C(=O)[O-])C(=O)N[C@@H](CC(=O)[O-])C(=O)[O-])C(=O)[O-].Nc1ncnc2c1ncn2[C@@H]1O[C@H](COP(=O)([O-])OP(=O)([O-])[O-])[C@@H](O)[C@H]1O.O=P([O-])([O-])O.[H+]>>NC(=[NH2+])NCCC[C@H](NC(=O)C[C@H](NC(=O)[C@H](CC(=O)N[C@@H](CCCNC(N)=[NH2+])C(=O)[O-])NC(=O)[C@@H]([NH3+])CC(=O)N[C@@H](CCCNC(N)=[NH2+])C(=O)[O-])C(=O)[O-])C(=O)[O-].Nc1ncnc2c1ncn2[C@@H]1O[C@H](COP(=O)([O-])OP(=O)([O-])OP(=O)([O-])[O-])[C@@H](O)[C@H]1O.[NH3+][C@@H](CC(=O)[O-])C(=O)[O-]	1.0
NC(=[NH2+])NCCC[C@H]([NH3+])C(=O)[O-].[NH3+]CC(=O)[O-]>>[NH3+]CCC[C@H]([NH3+])C(=O)[O-].NC(=[NH2+])NCC(=O)[O-]	1.0
NC(=[NH2+])NCCC[C@H]([NH3+])C(=O)[O-].[NH3+]CCCC(=O)[O-]>>NC(=[NH2+])NCCC[C@H](NC(=O)CCC[NH3+])C(=O)[O-].O	1.0
NC(N)=NC(=O)Cc1c(Cl)cccc1Cl.CNc1ccc(O)cc1.CNc1ccc(O)cc1.O=S(=O)(O)O.O=O>>CCOc1ccc2c3c1OC1C(O)C=CC4C(C2)N(C)CCC341.CCCN1C(=O)/C(=C\c2ccc(O)c(OC)c2)NC1=S.O=NN1CCOCC1	0.5617284178733826
NC1=CC(=O)C2CCCN12.CC(=O)[O-].[H+]>>CC(=O)NC1=CC(=O)C2CCCN12.O	1.0
NC1=CC(=O)C2CCCN12.[H].[H]>>NC1=CC(O)C2CCCN12.[H]	1.0
NC1=NC(=O)C2=NC(=O)N([C@@H]3O[C@H](COP(=O)([O-])[O-])[C@@H](O)[C@H]3O)C2=N1.O=P([O-])([O-])OP(=O)([O-])O.[H+]>>NC1=NC(=O)C2=NC(=O)N([C@@H]3O[C@H](COP(=O)([O-])OP(=O)([O-])OP(=O)([O-])[O-])[C@@H](O)[C@H]3O)C2=N1.O	1.0
NCC1OC(OC2C(CO)OC(OC3C(O)C(N)CC(N)C3OC3OC(CO)C(O)CC3N)C2O)C(N)C(O)C1OC1OC(CO)C(O)C(O)C1O.Nc1nc(F)nc2c1ncn2C1OC(COP(=O)(O)O)C(O)C1O>>CC1C(OC(=O)C(O)c2ccccc2)CCC(C)(C)N1C.O=C(Cc1ccccc1Cl)NCc1ccn[nH]1	0.4055117964744568
NCCCCC(N)C(=O)N1CCCC1C(=O)O.O>>NCCCCC(N)C(=O)O.O=C(O)C1CCCN1	0.7894737124443054
NCCCCC(N)C(=O)NC(Cc1ccccc1)C(=O)NC(Cc1ccc(O)cc1)C(=O)O.O>>N=C(O)[C@H](Cc1ccc(O)cc1)N=C(O)[C@@H](N)Cc1ccccc1.NCCCCC(N)C(=O)O	0.5185185074806213
NNC(=O)c1ccc(C(OCCOCCO)c2ccc(C(=O)NN)cc2)cc1.N#CC(C#N)=NNc1ccc(OC(F)(F)F)cc1>>O=C(O)Cc1ccc(-c2ccccc2)cc1.Cc1ccc2sc(C)nc2c1	0.47580644488334656
N[C@@H](CCC(=O)N[C@@H](CS/C(Cc1ccccc1)=N\O)C(=O)NCC(=O)O)C(=O)O.O>>[NH3+][C@@H](CS/C(Cc1ccccc1)=N\O)C(=O)NCC(=O)[O-].NC(CCC(=O)O)C(=O)O	0.36274510622024536
N[C@@H](C[NH3+])C(=O)[O-].[H+].O>>CC(=O)C(=O)[O-].[NH4+]	1.0
N[C@H](C=O)CCCC[NH3+].O=C([O-])CCC(=O)[O-].O=C=O.C=O>>O=C([O-])CCC(=O)C(=O)[O-].C[NH+](C)CCCC[C@H](N)C=O.O=O	1.0
N[C@H](C=O)Cc1cc(I)c(Oc2cc(I)c(O)c(I)c2)c(I)c1.C=C(N)C=O.O>>N[C@H](C=O)Cc1cc(I)c(O)c(I)c1.OO	1.0
N[C@H](C=O)Cc1ccc(O)c(I)c1.O>>N[C@H](C=O)Cc1ccc(O)cc1.[I-].[H+].OO	1.0
Nc1ccccc1.O=C[O-].[H+]>>O=CNc1ccccc1.O	1.0
Nc1ccccc1C(=O)[O-].CC(=O)C(=O)[O-].[H+]>>C=C(O[C@H]1C=CC=C(C(=O)[O-])[C@@H]1[NH3+])C(=O)[O-]	1.0
Nc1ccn(C2OC(COP(=O)(O)OP(=O)(O)O)C(O)C2O)c(=O)n1.O=P(O)(O)O>>Nc1ccn(C2OC(COP(=O)(O)OP(=O)(O)OP(=O)(O)O)C(O)C2O)c(=O)n1.O=P(O)(O)O	1.0
Nc1ccn(C2OC(COP(=O)(O)OP(=O)(O)OP(=O)(O)O)C(O)C2O)c(=O)n1.OCC(O)CO>>Nc1ccn(C2OC(COP(=O)(O)OP(=O)(O)O)C(O)C2O)c(=O)n1.O=P(O)(O)OCC(O)CO	1.0
Nc1ccn(C2OC(COP(=O)(O)OP(=O)(O)OP(=O)(O)O)C(O)C2O)c(=O)n1.Oc1ccc(C2CNCCc3c2cc(O)c(O)c3Cl)cc1.O>>Nc1ccn(C2OC(COP(=O)(O)OP(=O)(O)O)C(O)C2O)c(=O)n1.Oc1ccc(C2CNCCc3c2cc(O)c(O)c3Cl)cc1.Oc1ccc(C2CNCCc3c2cc(O)c(O)c3Cl)cc1.O=P(O)(O)O	1.0
Nc1ccn([C@@H]2O[C@H](COP(=O)([O-])OP(=O)([O-])OCC[NH3+])[C@@H](O)[C@H]2O)c(=O)n1.CCCCC/C=C\C/C=C\C/C=C\C/C=C\CCCC(=O)O[C@@H](CO)COC(=O)CCCCCCCCCCCCCCCCC>>CCCCC/C=C\C/C=C\C/C=C\C/C=C\CCCC(=O)O[C@H](COC(=O)CCCCCCCCCCCCCCCCC)COP(=O)([O-])OCC[NH3+].Nc1ccn([C@@H]2O[C@H](COP(=O)([O-])[O-])[C@@H](O)[C@H]2O)c(=O)n1.[H+]	1.0
Nc1ccn([C@@H]2O[C@H](COP(=O)([O-])OP(=O)([O-])OCC[NH3+])[C@@H](O)[C@H]2O)c(=O)n1.O=CNC(CO)CO>>Nc1ccn([C@@H]2O[C@H](COP(=O)([O-])[O-])[C@@H](O)[C@H]2O)c(=O)n1.[NH3+]CCOP(=O)([O-])OC[C@@H](CO)NC=O.[H+]	1.0
Nc1ccn([C@@H]2O[C@H](COP(=O)([O-])OP(=O)([O-])OC[C@@H](COC=O)OC=O)[C@@H](O)[C@H]2O)c(=O)n1.O>>Nc1ccn([C@@H]2O[C@H](COP(=O)([O-])[O-])[C@@H](O)[C@H]2O)c(=O)n1.O=COC[C@H](COP(=O)([O-])[O-])OC=O.[H+]	1.0
Nc1ccn([C@@H]2O[C@H](COP(=O)([O-])OP(=O)([O-])OC[C@H](O)CO)[C@@H](O)[C@H]2O)c(=O)n1.O=P([O-])([O-])OP(=O)([O-])O>>Nc1ccn([C@@H]2O[C@H](COP(=O)([O-])OP(=O)([O-])OP(=O)([O-])[O-])[C@@H](O)[C@H]2O)c(=O)n1.O=P([O-])([O-])OC[C@H](O)CO.[H+]	1.0
Nc1ccn([C@@H]2O[C@H](COP(=O)([O-])OP(=O)([O-])[O-])[C@@H](O)[C@H]2O)c(=O)n1.CC(=O)N[C@H]1C(O)O[C@H](COP(=O)([O-])[O-])[C@@H](O)[C@@H]1O.[H+]>>Nc1ccn([C@@H]2O[C@H](COP(=O)([O-])OP(=O)([O-])OP(=O)([O-])[O-])[C@@H](O)[C@H]2O)c(=O)n1.CC(=O)N[C@H]1C(O)O[C@H](CO)[C@@H](O)[C@@H]1O	1.0
Nc1nc(=O)c2[nH]c(=O)cnc2[nH]1.O>>O=c1cnc2[nH]c(=O)[nH]c(=O)c2[nH]1.N	0.6571428775787354
Nc1nc(=O)n([C@@H]2O[C@H](CO[PH](=O)[O-])[C@@H](O)[C@H]2O)cc1C=O.O=C([O-])CCC(=O)[O-].O=C=O.O>>Cc1cn([C@@H]2O[C@H](CO[PH](=O)[O-])[C@@H](O)[C@H]2O)c(=O)nc1N.O=C([O-])CCC(=O)C(=O)[O-].O=O	1.0
Nc1nc2c(ncn2C2CC(O)C(COP(=O)(O)OP(=O)(O)OP(=O)(O)O)O2)c(=O)[nH]1.O=P(O)(O)OCC1OCCC1OP(=O)(O)OCC1OCCC1OP(=O)(O)OCC1OCCC1OP(=O)(O)O>>O=P(O)(O)OCC1OCCC1OP(=O)(O)OCC1OCCC1OP(=O)(O)OCC1OCCC1OP(=O)(O)O.O=P(O)(O)OP(=O)(O)O	0.6756756901741028
Nc1nc2c(ncn2C2OC(CO)C(O)C2O)c(=O)[nH]1.O=O.O>>Nc1nc2c([nH]c(=O)n2[C@@H]2O[C@@H](CO)[C@H](O)[C@H]2O)c(=O)[nH]1.OO	0.30000001192092896
Nc1nc2c(ncn2C2OC(COP(=O)(O)OP(=O)(O)OP(=O)(O)O)C(O)C2O)c(=O)[nH]1.NC[C@@H](O)CC[C@H](N)C(=O)O>>Nc1nc2c(ncn2C2OC(COP(=O)(O)OP(=O)(O)O)C(O)C2O)c(=O)[nH]1.NCC(CC[C@H](N)C(=O)O)OP(=O)(O)O	0.29411765933036804
Nc1nc2c(ncn2C2OC(COP(=O)(O)OP(=O)(O)OP(=O)(O)O)C(O)C2O)c(=O)[nH]1.O=C(O)C(O)COP(=O)(O)O>>Nc1nc2c(ncn2C2OC(COP(=O)(O)OP(=O)(O)O)C(O)C2O)c(=O)[nH]1.O=C(OP(=O)(O)O)C(O)COP(=O)(O)O	1.0
Nc1ncnc2c1ncn2C1CC(O)C(COP(=O)(O)OP(=O)(O)O)O1.O>>Nc1ncnc2c1ncn2C1CC(O)C(COP(=O)(O)O)O1.O=P(O)(O)O	1.0
Nc1ncnc2c1ncn2C1OC(COP(=O)(O)OP(=O)(O)OP(=O)(O)O)C(O)C1O.O=C(O)c1ccccc1O>>Nc1ncnc2c1ncn2[C@@H]1O[C@H](COP(=O)([O-])OC(=O)c2ccccc2O)[C@@H](O)[C@H]1O.O=P(O)(O)OP(=O)(O)O	0.9313725233078003
Nc1ncnc2c1ncn2C1OC(COP(=O)(O)OP(=O)(O)OP(=O)(O)O)C(O)C1O.OC(Cn1cncn1)(Cn1cncn1)c1ccc(F)cc1F.O>>Nc1ncnc2c1ncn2C1OC(COP(=O)(O)OP(=O)(O)O)C(O)C1O.OC(Cn1cncn1)(Cn1cncn1)c1ccc(F)cc1F.O=P(O)(O)O	1.0
Nc1ncnc2c1ncn2C1OC(COP(=O)(O)OP(=O)(O)OP(=O)(O)O)C(O)C1O.[Ag].O>>Nc1ncnc2c1ncn2C1OC(COP(=O)(O)OP(=O)(O)O)C(O)C1O.O=P(O)(O)O.[Ag]	1.0
Nc1ncnc2c1ncn2[C@@H]1O[C@H](COP(=O)([O-])OC(=O)CCCC[C@@H](S)CCS)[C@@H](O)[C@H]1O.O=P([O-])([O-])OP(=O)([O-])O>>Nc1ncnc2c1ncn2[C@@H]1O[C@H](COP(=O)([O-])OP(=O)([O-])OP(=O)([O-])[O-])[C@@H](O)[C@H]1O.O=C([O-])CCCC[C@@H](S)CCS.[H+]	1.0
Nc1ncnc2c1ncn2[C@@H]1O[C@H](COP(=O)([O-])OP(=O)([O-])OC[C@H]2OC(NC(=O)C[C@H](N)C=O)[C@H](O)[C@@H]2O)[C@@H](O)[C@H]1O.NC(=O)c1cccnc1.[H+]>>NC(=O)c1ccc[n+]([C@@H]2O[C@H](COP(=O)([O-])OP(=O)([O-])OC[C@H]3O[C@@H](n4cnc5c(N)ncnc54)[C@H](O)[C@@H]3O)[C@@H](O)[C@H]2O)c1.NC(=O)C[C@H](N)C=O	1.0
Nc1ncnc2c1ncn2[C@@H]1O[C@H](COP(=O)([O-])OP(=O)([O-])OP(=O)([O-])OC[C@H]2O[C@@H](n3cnc4c(N)ncnc43)[C@H](O)[C@@H]2O)[C@@H](O)[C@H]1O.O>>Nc1ncnc2c1ncn2[C@@H]1O[C@H](COP(=O)([O-])OP(=O)([O-])[O-])[C@@H](O)[C@H]1O.Nc1ncnc2c1ncn2[C@@H]1O[C@H](COP(=O)([O-])[O-])[C@@H](O)[C@H]1O.[H+]	1.0
Nc1ncnc2c1ncn2[C@@H]1O[C@H](COP(=O)([O-])OP(=O)([O-])OP(=O)([O-])[O-])[C@@H](O)[C@H]1O.C=C(C)CCOP(=O)([O-])[O-]>>Nc1ncnc2c1ncn2[C@@H]1O[C@H](COP(=O)([O-])OP(=O)([O-])[O-])[C@@H](O)[C@H]1O.C=C(C)CCOP(=O)([O-])OP(=O)([O-])[O-]	1.0
Nc1ncnc2c1ncn2[C@@H]1O[C@H](COP(=O)([O-])OP(=O)([O-])OP(=O)([O-])[O-])[C@@H](O)[C@H]1O.CC(C)(COP(=O)([O-])OC[C@H](N)C=O)[C@@H](O)C(=O)NCCC(=O)NCCS.C[C@H](c1ccccc1)[C@H]([NH3+])C(=O)[O-]>>C[C@H](c1ccccc1)[C@H]([NH3+])C(=O)SCCNC(=O)CCNC(=O)[C@H](O)C(C)(C)COP(=O)([O-])OC[C@H](N)C=O.Nc1ncnc2c1ncn2[C@@H]1O[C@H](COP(=O)([O-])[O-])[C@@H](O)[C@H]1O.O=P([O-])([O-])OP(=O)([O-])O	1.0
Nc1ncnc2c1ncn2[C@@H]1O[C@H](COP(=O)([O-])OP(=O)([O-])OP(=O)([O-])[O-])[C@@H](O)[C@H]1O.CCCCCCCCCCCCC/C=C/[C@@H](O)[C@H](CO)NC=O.O>>Nc1ncnc2c1ncn2[C@@H]1O[C@H](COP(=O)([O-])OP(=O)([O-])[O-])[C@@H](O)[C@H]1O.CCCCCCCCCCCCC/C=C/[C@@H](O)[C@H](CO)NC=O.O=P([O-])([O-])O.[H+]	1.0
Nc1ncnc2c1ncn2[C@@H]1O[C@H](COP(=O)([O-])OP(=O)([O-])OP(=O)([O-])[O-])[C@@H](O)[C@H]1O.CSCC[C@H]([NH3+])C(=O)N[C@@H](C)C(=O)[O-].O>>Nc1ncnc2c1ncn2[C@@H]1O[C@H](COP(=O)([O-])OP(=O)([O-])[O-])[C@@H](O)[C@H]1O.CSCC[C@H]([NH3+])C(=O)N[C@@H](C)C(=O)[O-].O=P([O-])([O-])O.[H+]	1.0
Nc1ncnc2c1ncn2[C@@H]1O[C@H](COP(=O)([O-])OP(=O)([O-])OP(=O)([O-])[O-])[C@@H](O)[C@H]1O.NC1=NC(=O)C2=C(C(=O)[O-])C=NC2=N1.[NH4+]>>Nc1ncnc2c1ncn2[C@@H]1O[C@H](COP(=O)([O-])[O-])[C@@H](O)[C@H]1O.O=P([O-])([O-])OP(=O)([O-])O.N#CC1=C2C(=O)N=C(N)N=C2N=C1.[H+]	1.0
Nc1ncnc2c1ncn2[C@@H]1O[C@H](COP(=O)([O-])OP(=O)([O-])OP(=O)([O-])[O-])[C@@H](O)[C@H]1O.Nc1nc(=O)n([C@H]2C[C@H](O)[C@@H](COP(=O)([O-])[O-])O2)cc1CO>>Nc1ncnc2c1ncn2[C@@H]1O[C@H](COP(=O)([O-])OP(=O)([O-])[O-])[C@@H](O)[C@H]1O.Nc1nc(=O)n([C@H]2C[C@H](O)[C@@H](COP(=O)([O-])OP(=O)([O-])[O-])O2)cc1CO	1.0
Nc1ncnc2c1ncn2[C@@H]1O[C@H](COP(=O)([O-])OP(=O)([O-])OP(=O)([O-])[O-])[C@@H](O)[C@H]1O.Nc1ncnc2c1ncn2[C@@H]1O[C@H](COP(=O)([O-])[O-])[C@@H](O)[C@H]1O.[H+]>>Nc1ncnc2c1ncn2[C@@H]1O[C@H](COP(=O)([O-])OP(=O)([O-])OP(=O)([O-])OP(=O)([O-])OC[C@H]2O[C@@H](n3cnc4c(N)ncnc43)[C@H](O)[C@@H]2O)[C@@H](O)[C@H]1O.O	1.0
Nc1ncnc2c1ncn2[C@@H]1O[C@H](COP(=O)([O-])OP(=O)([O-])OP(=O)([O-])[O-])[C@@H](O)[C@H]1O.O=C(CO)[C@@H](O)[C@H](O)[C@H](O)[C@H](O)COP(=O)([O-])[O-]>>Nc1ncnc2c1ncn2[C@@H]1O[C@H](COP(=O)([O-])OP(=O)([O-])[O-])[C@@H](O)[C@H]1O.O=C(COP(=O)([O-])[O-])[C@@H](O)[C@H](O)[C@H](O)[C@H](O)COP(=O)([O-])[O-].[H+]	1.0
Nc1ncnc2c1ncn2[C@@H]1O[C@H](COP(=O)([O-])OP(=O)([O-])OP(=O)([O-])[O-])[C@@H](O)[C@H]1O.O=C[O-].[H+]>>Nc1ncnc2c1ncn2[C@@H]1O[C@H](COP(=O)([O-])OC=O)[C@@H](O)[C@H]1O.O=P([O-])([O-])OP(=O)([O-])O	1.0
Nc1ncnc2c1ncn2[C@@H]1O[C@H](COP(=O)([O-])OP(=O)([O-])OP(=O)([O-])[O-])[C@@H](O)[C@H]1O.O=P([O-])([O-])OC[C@H]1OC(O)[C@H](O)[C@@H]1O>>Nc1ncnc2c1ncn2[C@@H]1O[C@H](COP(=O)([O-])OP(=O)([O-])[O-])[C@@H](O)[C@H]1O.O=P([O-])([O-])OC[C@H]1O[C@H](OP(=O)([O-])[O-])[C@H](O)[C@@H]1O.[H+]	1.0
Nc1ncnc2c1ncn2[C@@H]1O[C@H](COP(=O)([O-])OP(=O)([O-])OP(=O)([O-])[O-])[C@@H](O)[C@H]1O.O=P([O-])([O-])O[C@H]1O[C@H](CO)[C@@H](O)[C@H](O)[C@H]1O.[H+]>>Nc1ncnc2c1ncn2[C@@H]1O[C@H](COP(=O)([O-])OP(=O)([O-])O[C@H]2O[C@H](CO)[C@@H](O)[C@H](O)[C@H]2O)[C@@H](O)[C@H]1O.O=P([O-])([O-])OP(=O)([O-])O	1.0
Nc1ncnc2c1ncn2[C@@H]1O[C@H](COP(=O)([O-])OP(=O)([O-])OP(=O)([O-])[O-])[C@@H](O)[C@H]1O.O=[PH]([O-])OC[C@H]1OC[C@H](O)[C@@H]1OP(=O)([O-])[O-]>>Nc1ncnc2c1ncn2[C@@H]1O[C@H](COP(=O)([O-])[O-])[C@@H](O)[C@H]1O.O=[PH]([O-])OC[C@H]1OC[C@@H]2OP(=O)([O-])O[C@@H]21.O=P([O-])([O-])OP(=O)([O-])O	1.0
Nc1ncnc2c1ncn2[C@@H]1O[C@H](COP(=O)([O-])OP(=O)([O-])OP(=O)([O-])[O-])[C@@H](O)[C@H]1O.[NH3+]CCCCN(O)C(=O)CCC(=O)[O-]>>Nc1ncnc2c1ncn2[C@@H]1O[C@H](COP(=O)([O-])[O-])[C@@H](O)[C@H]1O.O=C1CCC(=O)N(O)CCCCNC(=O)CCC(=O)N(O)CCCCN1.O=P([O-])([O-])OP(=O)([O-])O.[H+]	1.0
Nc1ncnc2c1ncn2[C@@H]1O[C@H](COP(=O)([O-])OP(=O)([O-])[O-])[C@@H](O)[C@H]1O.CCCCCCCCCCCCCCCCCCCCCC(=O)[O-].O=P([O-])([O-])O.[H+]>>Nc1ncnc2c1ncn2[C@@H]1O[C@H](COP(=O)([O-])OP(=O)([O-])OP(=O)([O-])[O-])[C@@H](O)[C@H]1O.CCCCCCCCCCCCCCCCCCCCCC(=O)[O-].O	1.0
Nc1ncnc2c1ncn2[C@@H]1O[C@H](COP(=O)([O-])OP(=O)([O-])[O-])[C@@H](O)[C@H]1O.CN(Cc1cnc2nc(N)nc(N)c2n1)c1ccc(C(=O)N[C@@H](CCC(=O)[O-])C(=O)[O-])cc1.O=P([O-])([O-])O.[H+]>>Nc1ncnc2c1ncn2[C@@H]1O[C@H](COP(=O)([O-])OP(=O)([O-])OP(=O)([O-])[O-])[C@@H](O)[C@H]1O.CN(Cc1cnc2nc(N)nc(N)c2n1)c1ccc(C(=O)N[C@@H](CCC(=O)[O-])C(=O)[O-])cc1.O	1.0
Nc1ncnc2c1ncn2[C@@H]1O[C@H](COP(=O)([O-])OP(=O)([O-])[O-])[C@@H](O)[C@H]1O.CNc1ncnc2c1ncn2[C@@H]1O[C@H](COP(=O)([O-])[O-])[C@@H](O)[C@H]1O.[H+]>>Nc1ncnc2c1ncn2[C@@H]1O[C@H](COP(=O)([O-])OP(=O)([O-])OP(=O)([O-])[O-])[C@@H](O)[C@H]1O.CNc1ncnc2c1ncn2[C@@H]1O[C@H](CO)[C@@H](O)[C@H]1O	1.0
Nc1ncnc2c1ncn2[C@@H]1O[C@H](COP(=O)([O-])OP(=O)([O-])[O-])[C@@H](O)[C@H]1O.C[C@H]([NH3+])C(=O)N[C@@H](CCC(=O)[O-])C(=O)[O-].O=P([O-])([O-])O.[H+]>>Nc1ncnc2c1ncn2[C@@H]1O[C@H](COP(=O)([O-])OP(=O)([O-])OP(=O)([O-])[O-])[C@@H](O)[C@H]1O.C[C@H]([NH3+])C(=O)N[C@@H](CCC(=O)[O-])C(=O)[O-].O	1.0
Nc1ncnc2c1ncn2[C@@H]1O[C@H](COP(=O)([O-])OP(=O)([O-])[O-])[C@@H](O)[C@H]1O.Cc1cn([C@H]2C[C@H](O)[C@@H](COP(=O)([O-])OP(=O)([O-])[O-])O2)c(=O)nc1N>>Nc1ncnc2c1ncn2[C@@H]1O[C@H](COP(=O)([O-])OP(=O)([O-])OP(=O)([O-])[O-])[C@@H](O)[C@H]1O.Cc1cn([C@H]2C[C@H](O)[C@@H](COP(=O)([O-])[O-])O2)c(=O)nc1N	1.0
Nc1ncnc2c1ncn2[C@@H]1O[C@H](COP(=O)([O-])OP(=O)([O-])[O-])[C@@H](O)[C@H]1O.NC(=[NH2+])NCCC[C@H]([NH3+])C(=O)[O-].O=P([O-])([O-])O.[H+]>>Nc1ncnc2c1ncn2[C@@H]1O[C@H](COP(=O)([O-])OP(=O)([O-])OP(=O)([O-])[O-])[C@@H](O)[C@H]1O.NC(=[NH2+])NCCC[C@H]([NH3+])C(=O)[O-].O	1.0
Nc1ncnc2c1ncn2[C@@H]1O[C@H](COP(=O)([O-])OP(=O)([O-])[O-])[C@@H](O)[C@H]1O.O=C([O-])C[C@@H](O)[C@H](O)C(=O)COP(=O)([O-])[O-].[H+]>>Nc1ncnc2c1ncn2[C@@H]1O[C@H](COP(=O)([O-])OP(=O)([O-])OP(=O)([O-])[O-])[C@@H](O)[C@H]1O.O=C([O-])C[C@@H](O)[C@H](O)C(=O)CO	1.0
Nc1ncnc2c1ncn2[C@@H]1O[C@H](COP(=O)([O-])OP(=O)([O-])[O-])[C@@H](O)[C@H]1O.O=C([O-])[C@H](O)[C@@H](O)[C@H](O)[C@H](O)COP(=O)([O-])[O-].[H+]>>Nc1ncnc2c1ncn2[C@@H]1O[C@H](COP(=O)([O-])OP(=O)([O-])OP(=O)([O-])[O-])[C@@H](O)[C@H]1O.O=C([O-])[C@H](O)[C@@H](O)[C@H](O)[C@H](O)CO	1.0
Nc1ncnc2c1ncn2[C@@H]1O[C@H](COP(=O)([O-])OP(=O)([O-])[O-])[C@@H](O)[C@H]1O.O=COC[C@H](COP(=O)([O-])[O-])OC=O.[H+]>>Nc1ncnc2c1ncn2[C@@H]1O[C@H](COP(=O)([O-])OP(=O)([O-])OP(=O)([O-])[O-])[C@@H](O)[C@H]1O.O=COC[C@H](CO)OC=O	1.0
Nc1ncnc2c1ncn2[C@@H]1O[C@H](COP(=O)([O-])OP(=O)([O-])[O-])[C@@H](O)[C@H]1O.O=C[C@@](O)(COP(=O)([O-])[O-])[C@H](O)[C@H](O)CO.[H+]>>Nc1ncnc2c1ncn2[C@@H]1O[C@H](COP(=O)([O-])OP(=O)([O-])OP(=O)([O-])[O-])[C@@H](O)[C@H]1O.O=C[C@@](O)(CO)[C@H](O)[C@H](O)CO	1.0
Nc1ncnc2c1ncn2[C@@H]1O[C@H](COP(=O)([O-])OP(=O)([O-])[O-])[C@@H](O)[C@H]1O.O=P([O-])([O-])OC[C@H](O)CO.O=P([O-])([O-])O.[H+]>>Nc1ncnc2c1ncn2[C@@H]1O[C@H](COP(=O)([O-])OP(=O)([O-])OP(=O)([O-])[O-])[C@@H](O)[C@H]1O.O=P([O-])([O-])OC[C@H](O)CO.O	1.0
Nc1ncnc2c1ncn2[C@@H]1O[C@H](COP(=O)([O-])OP(=O)([O-])[O-])[C@@H](O)[C@H]1O.[H+]>>Nc1ncnc2c1ncn2[C@@H]1O[C@H](COP(=O)([O-])OP(=O)([O-])OP(=O)([O-])OP(=O)([O-])OC[C@H]2O[C@@H](n3cnc4c(N)ncnc43)[C@H](O)[C@@H]2O)[C@@H](O)[C@H]1O.O	1.0
Nc1ncnc2c1ncn2[C@@H]1O[C@H](COP(=O)([O-])OP(=O)([O-])[O-])[C@@H](O)[C@H]1O.[NH3+]CCCCNC(=O)CC[C@H]([NH3+])C(=O)[O-].O=P([O-])([O-])O.[H+]>>Nc1ncnc2c1ncn2[C@@H]1O[C@H](COP(=O)([O-])OP(=O)([O-])OP(=O)([O-])[O-])[C@@H](O)[C@H]1O.[NH3+][C@@H](CCC(=O)[O-])C(=O)[O-].[NH3+]CCCC[NH3+]	1.0
Nc1ncnc2c1ncn2[C@@H]1O[C@H](COP(=O)([O-])OP(=O)([O-])[O-])[C@@H](O)[C@H]1O.[NH3+][C@@H](CS)C(=O)[O-].O=P([O-])([O-])O.[H+]>>Nc1ncnc2c1ncn2[C@@H]1O[C@H](COP(=O)([O-])OP(=O)([O-])OP(=O)([O-])[O-])[C@@H](O)[C@H]1O.[NH3+][C@@H](CS)C(=O)[O-].O	1.0
Nc1ncnc2c1ncn2[C@@H]1O[C@H](COP(=O)([O-])OP(=O)([O-])[O-])[C@@H](O)[C@H]1O.[NH3+][C@@H](CSSC[C@H]([NH3+])C(=O)[O-])C(=O)[O-].O=P([O-])([O-])O.[H+]>>Nc1ncnc2c1ncn2[C@@H]1O[C@H](COP(=O)([O-])OP(=O)([O-])OP(=O)([O-])[O-])[C@@H](O)[C@H]1O.[NH3+][C@@H](CSSC[C@H]([NH3+])C(=O)[O-])C(=O)[O-].O	1.0
Nc1ncnc2c1ncn2[C@@H]1O[C@H](COP(=O)([O-])OS(=O)(=O)[O-])[C@@H](OP(=O)([O-])[O-])[C@H]1O.O>>Nc1ncnc2c1ncn2[C@@H]1O[C@H](COP(=O)([O-])[O-])[C@@H](OP(=O)([O-])[O-])[C@H]1O.O=S(=O)([O-])O.[H+]	1.0
Nc1ncnc2c1ncn2[C@@H]1O[C@H](COP(=O)([O-])OS(=O)(=O)[O-])[C@@H](OP(=O)([O-])[O-])[C@H]1O.Oc1ccc2ccccc2c1>>Nc1ncnc2c1ncn2[C@@H]1O[C@H](COP(=O)([O-])[O-])[C@@H](OP(=O)([O-])[O-])[C@H]1O.O=S(=O)([O-])Oc1ccc2ccccc2c1.[H+]	1.0
Nc1ncnc2c1ncn2[C@@H]1O[C@H](COP(=O)([O-])[O-])[C@@H](O)[C@H]1O.C[C@@H](O)[C@H](N)C=O.[H+]>>C[C@@H](OP(=O)([O-])OC[C@H]1O[C@@H](n2cnc3c(N)ncnc32)[C@H](O)[C@@H]1O)[C@H](N)C=O.O	1.0
Nc1ncnc2c1ncn2[C@@H]1O[C@H](COP(=O)([O-])[O-])[C@@H](O)[C@H]1O.C[C@H]1C(=O)N[C@@H](CC(=O)c2ccccc2N)C(=O)N1C.O=P([O-])([O-])OP(=O)([O-])O.[H+]>>Nc1ncnc2c1ncn2[C@@H]1O[C@H](COP(=O)([O-])OP(=O)([O-])OP(=O)([O-])[O-])[C@@H](O)[C@H]1O.Nc1ccccc1C(=O)C[C@H]([NH3+])C(=O)[O-].C[NH2+][C@@H](C)C(=O)[O-]	1.0
Nc1ncnc2c1ncn2[C@@H]1O[C@H](COP(=O)([O-])[O-])[C@@H](O)[C@H]1O.N[C@H](C=O)Cc1ccc(O)cc1.[H+]>>Nc1ncnc2c1ncn2[C@@H]1O[C@H](COP(=O)([O-])Oc2ccc(C[C@H](N)C=O)cc2)[C@@H](O)[C@H]1O.O	1.0
Nc1ncnc2c1ncn2[C@@H]1O[C@H](COP(=O)([O-])[O-])[C@@H](O)[C@H]1O.O=P([O-])([O-])OP(=O)([O-])O.[NH3+][C@H]1CCSC1=O>>Nc1ncnc2c1ncn2[C@@H]1O[C@H](COP(=O)([O-])OP(=O)([O-])OP(=O)([O-])[O-])[C@@H](O)[C@H]1O.[NH3+][C@@H](CCS)C(=O)[O-]	1.0
Nc1ncnc2c1ncn2[C@@H]1O[C@H](COP(=O)([O-])[O-])[C@@H](O)[C@H]1O.[NH2+]=C(NCCC[C@H]([NH3+])C(=O)[O-])NC(CC(=O)[O-])C(=O)[O-].O=P([O-])([O-])OP(=O)([O-])O.[H+]>>Nc1ncnc2c1ncn2[C@@H]1O[C@H](COP(=O)([O-])OP(=O)([O-])OP(=O)([O-])[O-])[C@@H](O)[C@H]1O.[NH3+][C@@H](CC(=O)[O-])C(=O)[O-].NC(=O)NCCC[C@H]([NH3+])C(=O)[O-]	1.0
Nc1ncnc2c1ncn2[C@@H]1O[C@H](COP(=O)([O-])[O-])[C@@H](O)[C@H]1O.[NH4+]>>Nc1ncnc2c1ncn2[C@@H]1O[C@H](COP(N)(=O)[O-])[C@@H](O)[C@H]1O.O	1.0
Nc1ncnc2c1ncn2[C@@H]1O[C@H](CO[PH](=O)[O-])[C@@H](O)[C@H]1O.C[C@@H](O)[C@H]([NH3+])C(=O)[O-]>>C[C@@H](O)[C@H](N)C(=O)O[C@H]1[C@@H](O)[C@H](n2cnc3c(N)ncnc32)O[C@@H]1CO[PH](=O)[O-].O	1.0
Nc1ncnc2c1ncn2[C@@H]1O[C@H](CO[PH](=O)[O-])[C@@H](O)[C@H]1O.O=CNCC(=O)[O-].[H+]>>Nc1ncnc2c1ncn2[C@@H]1O[C@H](CO[PH](=O)[O-])[C@@H](OC(=O)CNC=O)[C@H]1O.O	1.0
Nc1ncnc2c1ncn2[C@@H]1O[C@H](CSCC[C@H]([NH3+])C(=O)[O-])[C@@H](O)[C@H]1O.C=C[C@@](C)(/C=C/[C@H](C)CC/C=C(\C)CCC=C(C)C)CC/C=C(\C)CCC(C)C(=C)C.[H+]>>C[S+](CC[C@H]([NH3+])C(=O)[O-])C[C@H]1O[C@@H](n2cnc3c(N)ncnc32)[C@H](O)[C@@H]1O.C=C[C@@](C)(/C=C/[C@H](C)CC/C=C(\C)CCC=C(C)C)CC/C=C(\C)CCC=C(C)C	1.0
Nc1ncnc2c1ncn2[C@@H]1O[C@H](CSCC[C@H]([NH3+])C(=O)[O-])[C@@H](O)[C@H]1O.CC(C)=CCC/C(C)=C/CC/C(C)=C/CC[C@]1(C)CCc2c(C)c(O)cc(C)c2O1.[H+]>>C[S+](CC[C@H]([NH3+])C(=O)[O-])C[C@H]1O[C@@H](n2cnc3c(N)ncnc32)[C@H](O)[C@@H]1O.CC(C)=CCC/C(C)=C/CC/C(C)=C/CC[C@]1(C)CCc2cc(O)cc(C)c2O1	1.0
Nc1ncnc2c1ncn2[C@@H]1O[C@H](CSCC[C@H]([NH3+])C(=O)[O-])[C@@H](O)[C@H]1O.CNc1ncnc2c1ncn2[C@@H]1O[C@H](CO[PH](=O)[O-])[C@@H](O)[C@H]1O.[H+]>>C[S+](CC[C@H]([NH3+])C(=O)[O-])C[C@H]1O[C@@H](n2cnc3c(N)ncnc32)[C@H](O)[C@@H]1O.Nc1ncnc2c1ncn2[C@@H]1O[C@H](CO[PH](=O)[O-])[C@@H](O)[C@H]1O	1.0
Nc1ncnc2c1ncn2[C@@H]1O[C@H](CSCC[C@H]([NH3+])C(=O)[O-])[C@@H](O)[C@H]1O.COC(=O)[C@@H](N)CC=O>>C[S+](CC[C@H]([NH3+])C(=O)[O-])C[C@H]1O[C@@H](n2cnc3c(N)ncnc32)[C@H](O)[C@@H]1O.N[C@@H](CC=O)C(=O)[O-]	1.0
Nc1ncnc2c1ncn2[C@@H]1O[C@H](CSCC[C@H]([NH3+])C(=O)[O-])[C@@H](O)[C@H]1O.COc1c(Cl)cc(Cl)cc1Cl>>C[S+](CC[C@H]([NH3+])C(=O)[O-])C[C@H]1O[C@@H](n2cnc3c(N)ncnc32)[C@H](O)[C@@H]1O.[O-]c1c(Cl)cc(Cl)cc1Cl	1.0
Nc1ncnc2c1ncn2[C@@H]1O[C@H](CSCC[C@H]([NH3+])C(=O)[O-])[C@@H](O)[C@H]1O.COc1c(O)cc(O)c2c(=O)c([O-])c(-c3ccc(O)c(O)c3)oc12.[H+]>>C[S+](CC[C@H]([NH3+])C(=O)[O-])C[C@H]1O[C@@H](n2cnc3c(N)ncnc32)[C@H](O)[C@@H]1O.O=c1c(O)c(-c2ccc(O)c(O)c2)oc2c(O)c([O-])cc(O)c12	1.0
Nc1ncnc2c1ncn2[C@@H]1O[C@H](CSCC[C@H]([NH3+])C(=O)[O-])[C@@H](O)[C@H]1O.COc1cc(C(=O)[O-])cc(CC=C(C)C)c1O.[H+]>>C[S+](CC[C@H]([NH3+])C(=O)[O-])C[C@H]1O[C@@H](n2cnc3c(N)ncnc32)[C@H](O)[C@@H]1O.CC(C)=CCc1cc(C(=O)[O-])cc(O)c1O	1.0
Nc1ncnc2c1ncn2[C@@H]1O[C@H](CSCC[C@H]([NH3+])C(=O)[O-])[C@@H](O)[C@H]1O.COc1cc(C(=O)[O-])ccc1O.[H+]>>C[S+](CC[C@H]([NH3+])C(=O)[O-])C[C@H]1O[C@@H](n2cnc3c(N)ncnc32)[C@H](O)[C@@H]1O.O=C([O-])c1ccc(O)c(O)c1	1.0
Nc1ncnc2c1ncn2[C@@H]1O[C@H](CSCC[C@H]([NH3+])C(=O)[O-])[C@@H](O)[C@H]1O.COc1cc(CC[NH3+])cc(OC)c1O.[H+]>>C[S+](CC[C@H]([NH3+])C(=O)[O-])C[C@H]1O[C@@H](n2cnc3c(N)ncnc32)[C@H](O)[C@@H]1O.COc1cc(CC[NH3+])cc(O)c1O	1.0
Nc1ncnc2c1ncn2[C@@H]1O[C@H](CSCC[C@H]([NH3+])C(=O)[O-])[C@@H](O)[C@H]1O.COc1cc(O)c2c(c1)CC(C)OC2=O.[H+]>>C[S+](CC[C@H]([NH3+])C(=O)[O-])C[C@H]1O[C@@H](n2cnc3c(N)ncnc32)[C@H](O)[C@@H]1O.C[C@@H]1Cc2cc(O)cc(O)c2C(=O)O1	1.0
Nc1ncnc2c1ncn2[C@@H]1O[C@H](CSCC[C@H]([NH3+])C(=O)[O-])[C@@H](O)[C@H]1O.COc1cc2c(cc1OC)[C@@H]1Cc3ccc(OC)c(OC)c3C[N@+]1(C)CC2>>C[S+](CC[C@H]([NH3+])C(=O)[O-])C[C@H]1O[C@@H](n2cnc3c(N)ncnc32)[C@H](O)[C@@H]1O.COc1cc2c(cc1OC)[C@@H]1Cc3ccc(OC)c(OC)c3CN1CC2	1.0
Nc1ncnc2c1ncn2[C@@H]1O[C@H](CSCC[C@H]([NH3+])C(=O)[O-])[C@@H](O)[C@H]1O.COc1oc(CC/C(C)=C/C(C)=C/c2ccc([N+](=O)[O-])cc2)c(C)c(=O)c1C>>C[S+](CC[C@H]([NH3+])C(=O)[O-])C[C@H]1O[C@@H](n2cnc3c(N)ncnc32)[C@H](O)[C@@H]1O.CC(=C\c1ccc([N+](=O)[O-])cc1)/C=C(\C)CCc1oc([O-])c(C)c(=O)c1C	1.0
Nc1ncnc2c1ncn2[C@@H]1O[C@H](CSCC[C@H]([NH3+])C(=O)[O-])[C@@H](O)[C@H]1O.C[N@@+]12CCc3cc(O)c(O)cc3[C@@H]1Cc1ccc(O)c(O)c1C2>>C[S+](CC[C@H]([NH3+])C(=O)[O-])C[C@H]1O[C@@H](n2cnc3c(N)ncnc32)[C@H](O)[C@@H]1O.Oc1cc2c(cc1O)[C@@H]1Cc3ccc(O)c(O)c3CN1CC2	1.0
Nc1ncnc2c1ncn2[C@@H]1O[C@H](CSCC[C@H]([NH3+])C(=O)[O-])[C@@H](O)[C@H]1O.C[NH+](C)CCCC[C@H](N)C=O.[H+]>>C[S+](CC[C@H]([NH3+])C(=O)[O-])C[C@H]1O[C@@H](n2cnc3c(N)ncnc32)[C@H](O)[C@@H]1O.C[NH2+]CCCC[C@H](N)C=O	1.0
Nc1ncnc2c1ncn2[C@H]1C[C@H](O)[C@@H](CO)O1.O=P([O-])([O-])O>>Nc1ncnc2c1ncn2[C@H]1C[C@H](O)[C@@H](COP(=O)([O-])[O-])O1.O	1.0
Nc1ncnc2c1ncn2[C@H]1C[C@H](O)[C@@H](COP(=O)([O-])OP(=O)([O-])OP(=O)([O-])[O-])O1.CC(=O)C(=O)[O-]>>Nc1ncnc2c1ncn2[C@H]1C[C@H](O)[C@@H](COP(=O)([O-])OP(=O)([O-])[O-])O1.C=C(OP(=O)([O-])[O-])C(=O)[O-].[H+]	1.0
O=C(/C=C\C=C(\O)C(=O)[O-])Oc1ccccc1O.O>>O=C([O-])/C=C/C=C(\O)C(=O)[O-].Oc1ccccc1O.[H+]	1.0
O=C(CCO)N[C@H]1[C@H](OC[C@H]2O[C@H](OP(=O)([O-])[O-])[C@H](NC(=O)CCO)[C@@H](OC(=O)CCO)[C@@H]2O)O[C@H](CO[C@]2(C(=O)[O-])C[C@@H](O[C@]3(C(=O)[O-])C[C@@H](O[C@]4(C(=O)[O-])C[C@@H](O)[C@@H](O)[C@@H]([C@H](O)CO)O4)[C@@H](O)[C@@H]([C@H](O)CO)O3)[C@@H](O)[C@@H]([C@H](O)CO)O2)[C@@H](OP(=O)([O-])[O-])[C@@H]1OC(=O)CCO.Nc1ccn([C@@H]2O[C@H](COP(=O)([O-])[O-])[C@@H](O)[C@H]2O)c(=O)n1.[H+]>>O=C(CCO)N[C@H]1[C@H](OC[C@H]2O[C@H](OP(=O)([O-])[O-])[C@H](NC(=O)CCO)[C@@H](OC(=O)CCO)[C@@H]2O)O[C@H](CO[C@]2(C(=O)[O-])C[C@@H](O[C@]3(C(=O)[O-])C[C@@H](O)[C@@H](O)[C@@H]([C@H](O)CO)O3)[C@@H](O)[C@@H]([C@H](O)CO)O2)[C@@H](OP(=O)([O-])[O-])[C@@H]1OC(=O)CCO.Nc1ccn([C@@H]2O[C@H](COP(=O)([O-])O[C@@]3(C(=O)[O-])C[C@@H](O)[C@@H](O)[C@@H]([C@H](O)CO)O3)[C@@H](O)[C@H]2O)c(=O)n1	1.0
O=C(CO)C(O)C(O)C(O)C(O)COP(=O)(O)O.O=CC(O)CO>>O=C(CO)[C@H](O)[C@@H](O)CO.O=P(O)(O)OCC1OC(O)C(O)C1O	0.37142857909202576
O=C(CO)[C@@H](O)[C@H](O)[C@H](O)[C@H](O)COP(=O)([O-])[O-].O=C[C@H](O)CS(=O)(=O)[O-]>>O=S(=O)([O-])C[C@H]1OC(O)(CO)[C@@H](O)[C@@H]1O.O=C[C@H](O)[C@H](O)COP(=O)([O-])[O-]	1.0
O=C(CO)[C@H](O)[C@H](O)COP(=O)([O-])[O-]>>O=C[C@H](O)[C@H](O)[C@H](O)COP(=O)([O-])[O-]	1.0
O=C(CO)c1ccc(O)cc1.O=O>>O=C([O-])c1ccc(O)cc1.O=C[O-].[H+]	1.0
O=C(NCCc1ccccn1)c1cnn(Cc2ccccc2Cl)c1.CNc1ccc(O)cc1.CNc1ccc(O)cc1.O=S(=O)(O)O.O=O>>CCOc1ccc2c3c1OC1C(O)C=CC4C(C2)N(C)CCC341.Cc1cccnc1NC(=O)c1ccc(OCc2cscn2)cc1.O=NN1CCOCC1	0.5400843620300293
O=C(NCc1ccn[nH]1)c1cc(F)c(Cl)cc1Cl.C=CC(O)C#CC#CC(O)C=CCCCCCCC>>C=C1C(=CC=C2CCCC3(C)C2CCC3C(C)CCCC(O)(C(F)(F)F)C(F)(F)F)CC(O)CC1O.Cc1cc(C(=O)NCc2ccn[nH]2)on1	0.6461538672447205
O=C(Nc1ccc(S(=O)(=O)O)c2cc(S(=O)(=O)O)cc(S(=O)(=O)O)c12)c1cccc([N+](=O)[O-])c1.CCOc1ccc2c3c1OC1C(O)C=CC4C(C2)N(C)CCC341>>Cc1cc2nc3c(=O)[nH]c(=O)nc-3n(C[C@@H](O)[C@@H](O)[C@@H](O)CO)c2cc1C.CCSC(N)=Nc1ccc(C(F)(F)F)cc1	0.5928853750228882
O=C(O)C1OC(OP(=O)(O)OP(=O)(O)OCC2OC(n3ccc(=O)[nH]c3=O)C(O)C2O)C(O)C(O)C1O.CCc1c2c(nc3ccc(O)cc13)-c1cc3c(c(=O)n1C2)COC(=O)C3(O)CC>>CCc1c2c(nc3ccc(OC4OC(C(=O)O)C(O)C(O)C4O)cc13)-c1cc3c(c(=O)n1C2)COC(=O)C3(O)CC.O=c1ccn(C2OC(COP(=O)(O)OP(=O)(O)O)C(O)C2O)c(=O)[nH]1	0.6756756901741028
O=C(O)c1ccccc1NC1OC(COP(=O)(O)O)C(O)C1O>>O=C([O-])c1ccccc1NCC(=O)[C@H](O)[C@H](O)COP(=O)([O-])[O-]	0.32786884903907776
O=C(OCCO)c1ccc(C(=O)OCCO)cc1.O>>O=C([O-])c1ccc(C(=O)OCCO)cc1.OCCO	0.9230769276618958
O=C(OP(=O)(O)O)C(O)COP(=O)(O)O.O=P(O)(O)OCC1OC(O)CC1O>>O=P(O)(O)OCC1OC(OP(=O)(O)O)CC1O.O=C(O)C(O)COP(=O)(O)O	0.4444444477558136
O=C(OP(=O)([O-])[O-])[C@H](O)COP(=O)([O-])[O-]>>O=C([O-])[C@@H](COP(=O)([O-])[O-])OP(=O)([O-])[O-].[H+]	1.0
O=C([O-])/C=C/C(=O)[O-].C=C/C=C(/O)C(=O)[O-].[H+]>>O=C([O-])/C=C/C(=O)/C=C\C=C(\O)C(=O)[O-].O	1.0
O=C([O-])/C=C/c1ccc(O)c(O)c1.CC(=O)C(=O)[O-].[H+]>>O=C(/C=C/c1ccc(O)c(O)c1)/C=C(/O)C(=O)[O-].O	1.0
O=C([O-])C(=O)C=CCC(=O)c1ccccc1>>O=C([O-])C(O)=CC=CC(=O)c1ccccc1	1.0
O=C([O-])C(=O)Cc1ccc(O)cc1.O=O>>O=C([O-])Cc1ccc(O)cc1.O=C=O	1.0
O=C([O-])C(O)=CC=CC(=O)c1ccccc1.[H+]>>Oc1cccc(-c2ccccc2)c1O.O=O	1.0
O=C([O-])C=CC(O)=CC(=O)Cl.O>>O=C([O-])/C=C\C(=O)CC(=O)[O-].[Cl-].[H+]	1.0
O=C([O-])CC(=O)C(=O)[O-].CC(=O)C(=O)[O-]>>O=C([O-])CC(O)(CC(=O)C(=O)[O-])C(=O)[O-]	1.0
O=C([O-])CC(=O)C(=O)[O-].Oc1ccc(O)cc1>>O=C([O-])C[C@H](O)C(=O)[O-].O=C1C=CC(=O)C=C1	1.0
O=C([O-])CC=[N+]([O-])O.O=O.O>>O=CCC(=O)[O-].O=N[O-].[H+].OO	1.0
O=C([O-])CCC[C@H](C(=O)[O-])[C@@H](O)C(=O)[O-]>>O=C([O-])/C=C(/CCCC(=O)[O-])C(=O)[O-].O	1.0
O=C([O-])CNC(=O)c1ccccc1.O>>O=C([O-])c1ccccc1.[NH3+]CC(=O)[O-]	1.0
O=C([O-])CO.[F-].[H+]>>O=C([O-])CF.O	1.0
O=C([O-])[C@@H](CO)OP(=O)([O-])[O-].O=P([O-])([O-])O>>O=C([O-])[C@@H](COP(=O)([O-])[O-])OP(=O)([O-])[O-].O	1.0
O=C([O-])[C@H]1OC(O)[C@H](O)[C@@H](O)[C@@H]1O.[H+].O>>O[C@H]1[C@H](O)[C@@H](O)[C@H](O)[C@@H](O)[C@H]1O.O=O	1.0
O=C([O-])[C@H]1O[C@@H](O)[C@H](O)[C@@H](O)[C@@H]1O.O>>O=C([O-])[C@H]1OC(O)[C@H](O)[C@@H](O)[C@@H]1O.O	1.0
O=C([O-])c1cc(O)c2ccccc2n1.[H].[H].O=O>>O=C([O-])c1cc(O)c2c(n1)C(O)C(O)C=C2.[H]	1.0
O=C([O-])c1ccc(C(=O)OCCO)cc1.O=C([O-])c1ccc(C(=O)OCCO)cc1.[H+]>>O=C([O-])c1ccc(C(=O)OCCO)cc1.O	1.0
O=C([O-])c1ccc(O)cc1.O=P([O-])([O-])O.[H+]>>O=P([O-])([O-])Oc1ccccc1.O=C=O.O	1.0
O=C([O-])c1ccc(O)nc1O.OO>>O=C([O-])c1ccc(O)nc1.O=O.O	1.0
O=C1CC(c2ccccc2)Oc2ccccc21>>O=C(C=Cc1ccccc1)c1ccccc1O	1.0
O=C1C[C@@H](c2ccccc2)Oc2cc(O)cc(O)c21.CC(C)=CCCC(C)=CCCC(C)=CCSCC(=O)O.O=O>>CC1C(OC(=O)C(O)c2ccccc2)CCC(C)(C)N1C.O=C1NCC2(CCN(CCc3ccccc3)CC2)O1.CC=C(C)CC	0.659217894077301
O=C1C[C@@H]2OCC=C3C[NH+]4CC[C@]56c7ccccc7N1[C@H]5[C@H]2[C@H]3C[C@H]46.O=C=O.O>>O=C([O-])CC(=O)N1c2ccccc2[C@@]23CC[NH+]4CC5=CCOC(O)[C@@H]([C@H]12)[C@H]5C[C@H]43.[H+]	1.0
O=C1NC(=O)[C@@H](c2ccccc2)N1.O>>NC(=O)N[C@@H](C(=O)[O-])c1ccccc1.[H+]	1.0
O=C1OCCN1N=Cc1ccc([N+](=O)[O-])o1.ClCCSCCCl>>Cc1nc(SCc2cccc(C(=O)N(C)C)c2)sc1CC(N)=O	0.36764705181121826
O=C1O[C@H](CO)[C@@H](O)[C@H](O)[C@H]1O.Oc1ccc(O)cc1>>OC[C@H]1OC(O)[C@H](O)[C@@H](O)[C@@H]1O.O=C1C=CC(=O)C=C1	1.0
O=C1[C@@H](O)[C@H](O)[C@@H](O)[C@H](O)[C@H]1O>>O=C1C[C@@H](O)[C@H](O)[C@@H](O)C1=O.O	1.0
O=C1c2c(O)cc(O)cc2O[C@H](c2ccc(O)c(O)c2)[C@H]1O.CN1C(=O)CN=C(c2ccccc2F)c2cc([N+](=O)[O-])ccc21.CCNCC(O)c1cccc(O)c1>>O=C(c1c(O)cc(O)cc1O)C(O)Cc1ccc(O)c(O)c1.CC(O)(P(=O)(O)O)P(=O)(O)O	0.6149068474769592
O=C1c2ccccc2O[C@H](c2ccccc2)[C@H]1O.O=C([O-])CCC(=O)[O-].O=C=O>>O=C1C[C@@H](c2ccccc2)Oc2ccccc21.O=C([O-])CCC(=O)C(=O)[O-].O=O	1.0
O=CC(=O)[O-].NC(N)=O>>NC(=O)N[C@@H](O)C(=O)[O-]	1.0
O=CCCC(=O)[O-].C[NH3+].OO>>C[NH2+]CCCC(=O)[O-].O=O.O	1.0
O=CCCC[N+]1=CCCC1>>O=CC1CC[NH+]2CCCC12	1.0
O=CN[C@H](CO)CO[C@@H]1O[C@H](CO)[C@@H](O[C@@H]2O[C@H](CO)[C@H](O)[C@H](O)[C@H]2O)[C@H](O)[C@H]1O.O>>O=CN[C@H](CO)CO[C@@H]1O[C@H](CO)[C@@H](O)[C@H](O)[C@H]1O.OC[C@H]1OC(O)[C@H](O)[C@@H](O)[C@H]1O	1.0
O=COCC(COC=O)OC=O.O>>O=COC[C@H](CO)OC=O.O=C[O-].[H+]	1.0
O=COCCC(=O)N[C@H]1[C@H](OC[C@H]2O[C@H](OP(=O)([O-])[O-])[C@H](NC(=O)CCO)[C@@H](OC(=O)CCO)[C@@H]2O)O[C@H](CO[C@]2(C(=O)[O-])C[C@@H](O[C@]3(C(=O)[O-])C[C@@H](O)[C@@H](O)[C@@H]([C@H](O)CO)O3)[C@@H](O)[C@@H]([C@H](O)CO)O2)[C@@H](OP(=O)([O-])[O-])[C@@H]1OC(=O)CCOC=O.CC(C)=CCC/C(C)=C/CC/C(C)=C/CC/C(C)=C\CC/C(C)=C\CC/C(C)=C\CC/C(C)=C\CC/C(C)=C\CC/C(C)=C\CC/C(C)=C\CC/C(C)=C\COP(=O)([O-])OP(=O)([O-])[O-]>>O=COCCC(=O)N[C@H]1[C@H](OC[C@H]2O[C@H](OP(=O)([O-])OP(=O)([O-])[O-])[C@H](NC(=O)CCO)[C@@H](OC(=O)CCO)[C@@H]2O)O[C@H](CO[C@]2(C(=O)[O-])C[C@@H](O[C@]3(C(=O)[O-])C[C@@H](O)[C@@H](O)[C@@H]([C@H](O)CO)O3)[C@@H](O)[C@@H]([C@H](O)CO)O2)[C@@H](OP(=O)([O-])[O-])[C@@H]1OC(=O)CCOC=O.CC(C)=CCC/C(C)=C/CC/C(C)=C/CC/C(C)=C\CC/C(C)=C\CC/C(C)=C\CC/C(C)=C\CC/C(C)=C\CC/C(C)=C\CC/C(C)=C\CC/C(C)=C\COP(=O)([O-])[O-]	1.0
O=COC[C@@H](O)COP(=O)([O-])OCC(O)COP(=O)([O-])OC[C@@H](COC=O)OC=O.O>>O=COC[C@@H](O)COP(=O)([O-])OCC(O)COP(=O)([O-])OC[C@H](O)COC=O.O=C[O-].[H+]	1.0
O=COC[C@@H](O)COP(=O)([O-])OC[C@@H](O)CO>>O=COC[C@@H](O)COP(=O)([O-])OC[C@@H](O)COC=O.O=P([O-])(OC[C@H](O)CO)OC[C@@H](O)CO	1.0
O=COC[C@@H](O)COP(=O)([O-])[O-].C[N+](C)(C)CCO.[H+]>>C[N+](C)(C)CCOP(=O)([O-])OC[C@H](O)COC=O.O	1.0
O=COC[C@@H](O)CO[C@@H]1O[C@H](CO[C@H]2O[C@H](CO)[C@H](O)[C@H](O)[C@H]2O)[C@H](O)[C@H](O)[C@H]1O.O=C[O-].[H+]>>O=COC[C@H](CO[C@@H]1O[C@H](CO[C@H]2O[C@H](CO)[C@H](O)[C@H](O)[C@H]2O)[C@H](O)[C@H](O)[C@H]1O)OC=O.O	1.0
O=COC[C@H](COP(=O)([O-])OCC(O)CO)OC=O.O>>O=P([O-])([O-])OCC(O)CO.O=COC[C@H](CO)OC=O.[H+]	1.0
O=COC[C@H](CO[C@@H]1O[C@H](CO)[C@H](O)[C@H](O)[C@H]1O)OC=O>>O=COC[C@H](CO[C@@H]1O[C@H](CO)[C@@H](O)[C@H](O)[C@H]1O)OC=O	1.0
O=C[C@@H](O)[C@@H](O)[C@H](O)[C@H](O)COP(=O)([O-])[O-].C=C(OP(=O)([O-])[O-])C(=O)[O-].O>>O=C([O-])[C@]1(O)C[C@H](O)[C@@H](O)[C@H]([C@H](O)[C@H](O)COP(=O)([O-])[O-])O1.O=P([O-])([O-])O	1.0
O=C[C@H](O)C(O)(CO)CO>>O=C(CO)C(O)(CO)CO	1.0
O=C[C@H](O)[C@H](O)CO.O=P([O-])([O-])O>>O=C[C@H](O)[C@H](O)COP(=O)([O-])[O-].O	1.0
O=Cc1cccc([N+](=O)[O-])c1.OO>>O=[N+]([O-])c1cccc(CO)c1.O=O	1.0
O=Cc1cccc2ccccc12.O=O.O>>O=C([O-])c1cccc2ccccc12.[H+].OO	1.0
O=N/C=C1\C=CC=CN1>>N#Cc1ccccn1.O	0.20168067514896393
O=P(O)(O)OC1C(O)C(O)C(OP(=O)(O)O)C(OP(=O)(O)O)C1OP(=O)(O)O.O>>O=P(O)(O)O[C@H]1[C@H](O)[C@H](O)[C@H](OP(=O)(O)O)[C@@H](OP(=O)(O)O)[C@@H]1O.O=P(O)(O)O	0.48750001192092896
O=P(O)(O)OC1OC(CO)C(O)C(O)C1O.O>>OCC1OC(O)C(O)C(O)C1O.O=P(O)(O)O	0.6666666865348816
O=P(O)(O)OP(=O)(O)OP(=O)(O)OC[C@H]1O[C@@H](n2cnc3c(S)ncnc32)[C@H](O)[C@@H]1O.CCOc1ccc2c3c1OC1C(O)C=CC4C(C2)N(C)CCC341>>Cc1cc(-c2ccc(N=Nc3ccc4c(S(=O)(=O)O)cc(S(=O)(=O)O)c(N)c4c3O)c(C)c2)ccc1N=Nc1ccc2c(S(=O)(=O)O)cc(S(=O)(=O)O)c(N)c2c1O.CC(N=O)=C(C)NO	0.604651153087616
O=P(O)(O)O[C@H]1[C@H](O)[C@@H](O)[C@H](O)[C@H](O)[C@@H]1OP(=O)(O)O.CCOc1ccc2c3c1OC1C(O)C=CC4C(C2)N(C)CCC341>>COc1c2ccoc2cc2oc(C)cc(=O)c12.CCSC(N)=Nc1ccc(C(F)(F)F)cc1	0.4780876636505127
O=P(O)(O)Oc1cccc2ccccc12.O>>Oc1cccc2ccccc12.O=P(O)(O)O	0.3076923191547394
O=P([O-])([O-])O.O=P([O-])([O-])O.[H+]>>O=P([O-])([O-])O.O	1.0
O=P([O-])([O-])OC[C@H]1OC(O)[C@H](O)[C@@H](O)[C@H]1O.O>>O=P([O-])([O-])OC[C@H]1O[C@@H](O)[C@H](O)[C@@H](O)[C@H]1O.O	1.0
O=P([O-])([O-])OC[C@H]1OC(O)[C@H](O)[C@@H]1O.NC(=O)c1cccnc1.[H+]>>NC(=O)c1ccc[n+]([C@@H]2O[C@H](COP(=O)([O-])[O-])[C@@H](O)[C@H]2O)c1.O	1.0
O=P([O-])([O-])OC[C@H]1OCC[C@@H]1O.[H+]>>O=P1([O-])OC[C@H]2OCC[C@@H]2O1.O	1.0
O=P([O-])([O-])OC[C@H]1O[C@@H](O)[C@H](O)[C@@H](O)[C@@H]1O.OC[C@H]1O[C@](O)(CO)[C@@H](O)[C@@H]1O>>O=P([O-])([O-])OC[C@H]1O[C@@](CO)(O[C@H]2O[C@H](CO)[C@@H](O)[C@H](O)[C@H]2O)[C@@H](O)[C@@H]1O.O	1.0
O=P([O-])([O-])OC[C@H]1O[C@H](OP(=O)([O-])OP(=O)([O-])[O-])[C@H](O)[C@@H]1O.NC(=O)CC[C@H]([NH3+])C(=O)[O-].O>>[NH3+][C@@H]1O[C@H](COP(=O)([O-])[O-])[C@@H](O)[C@H]1O.[NH3+][C@@H](CCC(=O)[O-])C(=O)[O-].O=P([O-])([O-])OP(=O)([O-])O	1.0
O=P([O-])([O-])OP(=O)([O-])O.C=C1CCC(C(C)C)C2C=C(C)CCC12>>CC(C)=CCC/C(C)=C/CC/C(C)=C\COP(=O)([O-])OP(=O)([O-])[O-]	1.0
O=P([O-])([O-])OP(=O)([O-])O.C=C1CCCC2(C)CCC(C(C)C)=CC12>>CC(C)=CCC/C(C)=C/CC/C(C)=C/COP(=O)([O-])OP(=O)([O-])[O-]	1.0
O=P([O-])([O-])OP(=O)([O-])O.C=C1[C@H]2CC[C@H](C2)C1(C)C>>CC(C)=CCC/C(C)=C/COP(=O)([O-])OP(=O)([O-])[O-]	1.0
O=P([O-])([O-])OP(=O)([O-])O.C=CC(=C)C>>CC(C)=CCOP(=O)([O-])OP(=O)([O-])[O-]	1.0
O=P([O-])([O-])O[C@@H]1[C@H](O)[C@@H](O)[C@H](O)[C@@H](O)[C@@H]1O.O=P([O-])([O-])O>>O=P([O-])([O-])O[C@@H]1[C@@H](O)[C@H](O)[C@@H](O)[C@H](O)[C@@H]1OP(=O)([O-])[O-].O	1.0
O=P([O-])([O-])O[C@H]1O[C@@H](CO)[C@@H](O)[C@@H](O)[C@@H]1O.O>>OC[C@@H]1OC(O)[C@@H](O)[C@H](O)[C@@H]1O.O=P([O-])([O-])O	1.0
O=P([O-])([O-])O[C@H]1[C@H](O)[C@@H](OP(=O)([O-])[O-])[C@H](OP(=O)([O-])[O-])[C@@H](OP(=O)([O-])[O-])[C@H]1O.Nc1ncnc2c1ncn2[C@@H]1O[C@H](COP(=O)([O-])OP(=O)([O-])[O-])[C@@H](O)[C@H]1O.[H+]>>O=P([O-])([O-])O[C@H]1[C@H](O)[C@@H](O)[C@H](OP(=O)([O-])[O-])[C@@H](OP(=O)([O-])[O-])[C@H]1O.Nc1ncnc2c1ncn2[C@@H]1O[C@H](COP(=O)([O-])OP(=O)([O-])OP(=O)([O-])[O-])[C@@H](O)[C@H]1O	1.0
O=S(=O)([O-])ON=C[S-]>>O=S(=O)([O-])[O-].N=C=S	1.0
O=[As]([O-])([O-])[O-].CN(C)C(=O)Nc1cccc(F)c1>>CON(C)C(=O)Nc1ccc(Cl)c(Cl)c1.CCCCCCCCC=CCCCCCCCC(=O)[O-].[Na+]	0.4952380955219269
O=[N+]([O-])c1ccc(O[PH](=O)Oc2ccccc2)cc1.O>>O=[PH](Oc1ccccc1)Oc1ccccc1.O=[N+]([O-])c1ccc(O)cc1	0.4000000059604645
O=[PH]([O-])OC[C@H]1OC[C@H](O)[C@@H]1O.O=P([O-])([O-])O.[H+]>>O=[PH]([O-])OC[C@H]1OC[C@@H]2OP(=O)([O-])O[C@@H]21.O	1.0
O=[PH]([O-])OC[C@H]1OC[C@H](O)[C@@H]1O.O=P([O-])([O-])O>>O=[PH]([O-])OC[C@H]1OC[C@H](OP(=O)([O-])[O-])[C@@H]1O.O	1.0
O=c1[nH]cnc2c([C@@H]3O[C@H](CO)[C@@H](O)[C@H]3O)[nH]nc12.O=O.O>>O=c1[nH]c(=O)c2n[nH]c([C@@H]3O[C@H](CO)[C@@H](O)[C@H]3O)c2[nH]1.OO	0.1463414579629898
O=c1c2[cH:5][c:12]([O-:20])[c:15](-[c:6]3[cH:1][c:10]([OH:18])[c:14]([OH:21])[c:11]([OH:19])[cH:2]3)oc-2[cH:4][c:7]([OH:16])[cH:3]1>>[cH:1]1[c:6]([C@H:15]2[C@@H:12]([OH:20])[CH2:5][c:8]3[c:9]([OH:17])[cH:3][c:7]([OH:16])[cH:4][c:13]3[O:22]2)[cH:2][c:11]([OH:19])[c:14]([OH:21])[c:10]1[OH:18]	0.6747967600822449
O=c1ccn(C2OC(COP(=O)(O)OP(=O)(O)OC3OC(CO)C(O)C(O)C3O)C(O)C2O)c(=O)[nH]1.OCC1OC(Oc2cc3c(O)cc(O)cc3[o+]c2-c2ccc(O)c(O)c2)C(O)C(O)C1O>>OCC1OC(Oc2cc3c(OC4OC(CO)C(O)C(O)C4O)cc(O)cc3[o+]c2-c2ccc(O)c(O)c2)C(O)C(O)C1O.O=c1ccn(C2OC(COP(=O)(O)OP(=O)(O)O)C(O)C2O)c(=O)[nH]1	0.5199999809265137
OCC(O)CO.[H]>>O=C(CO)CO.[H].[H]	1.0
OCC1OC(OCC2OC(O)(CO)C(O)C2O)C(O)C(O)C1O.O>>OCC1OC(O)C(O)C(O)C1O.OCC1OC(O)(CO)C(O)C1O	0.4736842215061188
OCC1OC(Oc2ccccc2)C(O)C(O)C1O.O>>OCC1OC(O)C(O)C(O)C1O.Oc1ccccc1	0.692307710647583
OCCN1CCN(CCCN2c3ccccc3Sc3ccc(C(F)(F)F)cc32)CC1.N#CC(C#N)=NNc1ccc(OC(F)(F)F)cc1>>O=C(O)Cc1ccc(-c2ccccc2)cc1.CCNCCCNCCCCNCCCNCC	0.5422534942626953
OC[C@@]1(O)COC(O)[C@@H]1O>>O=C[C@H](O)C(O)(CO)CO	1.0
OC[C@H]1O[C@@H](OC[C@H]2O[C@@H](O[C@H]3[C@H](O)[C@H](O)[C@H](O[C@H]4[C@H](O)[C@H](O)C(O)O[C@@H]4CO)O[C@@H]3CO)[C@@H](O)[C@@H](O)[C@@H]2O[C@@H]2O[C@H](CO)[C@@H](O)[C@H](O)[C@@H]2O)[C@H](O)[C@@H](O)[C@H]1O.O>>OC[C@H]1O[C@@H](O[C@H]2[C@H](O)[C@H](O)[C@H](O[C@H]3[C@H](O)[C@H](O)[C@H](O[C@H]4[C@H](O)[C@H](O)C(O)O[C@@H]4CO)O[C@@H]3CO)O[C@@H]2CO)[C@@H](O)[C@@H](O)[C@@H]1O.OC[C@H]1OC(O)[C@H](O)[C@@H](O)[C@H]1O	1.0
OC[C@H]1O[C@@H](O[C@H]2[C@H](O)[C@@H](O)C(O)O[C@@H]2CO)[C@H](O)[C@@H](O)[C@H]1O.CC(=O)N[C@H]1[C@H]([C@H](O)[C@H](O)CO)OC(O)(C(=O)[O-])C[C@@H]1O>>CC(=O)N[C@H]1[C@H]([C@H](O)[C@H](O)CO)O[C@@](O[C@H]2[C@@H](O)[C@@H](CO)O[C@@H](O[C@H]3[C@H](O)[C@@H](O)C(O)O[C@@H]3CO)[C@@H]2O)(C(=O)[O-])C[C@@H]1O.O	1.0
OC[C@H]1O[C@@H](O[C@H]2[C@H](O)[C@H](O)[C@H](O[C@H]3[C@H](O)[C@H](O)[C@H](O[C@H]4[C@H](O)[C@H](O)[C@H](O[C@H]5[C@H](O)[C@H](O)[C@H](O[C@H]6[C@H](O)[C@H](O)C(O)O[C@@H]6CO)O[C@@H]5CO)O[C@@H]4CO)O[C@@H]3CO)O[C@@H]2CO)[C@@H](O)[C@@H](O)[C@@H]1O.O>>O=C[C@@H](O)[C@@H](O)[C@H](O)[C@H](O)CO	0.21705426275730133
OC[C@H]1O[C@@](CO)(O[C@H]2O[C@H](CO)[C@@H](O)[C@H](O)[C@H]2O)[C@@H](O)[C@@H]1O.Cc1c(-c2ccccc2)oc2c(C(=O)OCCN3CCCCC3)cccc2c1=O>>CCCCC=CC=CCC(=O)OC12CC(C)C3(O)C(C=C(CO)CC4(O)C(=O)C(C)=CC43)C1C2(C)C.CC(=O)OO	0.6497461795806885
OC[C@H]1O[C@@]2(CO[C@]3(CO)O[C@H](CO)[C@@H](O)[C@@H]3O2)[C@@H](O)[C@@H]1O.O>>OC[C@H]1OC(O)(CO[C@]2(CO)O[C@H](CO)[C@@H](O)[C@@H]2O)[C@@H](O)[C@@H]1O	1.0
OC[C@H]1O[C@H](O[C@H]2[C@H](O)[C@@H](O)[C@@H](O[C@H]3[C@H](O)[C@@H](O)[C@@H](O[C@H]4[C@H](O)[C@@H](O)[C@@H](O[C@H]5[C@H](O)[C@@H](O)[C@@H](O[C@H]6[C@H](O)[C@@H](O)[C@@H](O[C@H]7[C@H](O)[C@@H](O)C(O)O[C@@H]7CO)O[C@@H]6CO)O[C@@H]5CO)O[C@@H]4CO)O[C@@H]3CO)O[C@@H]2CO)[C@H](O)[C@@H](O)[C@@H]1O.O=O>>O=C1O[C@H](CO)[C@@H](O[C@H]2O[C@H](CO)[C@@H](O[C@H]3O[C@H](CO)[C@@H](O[C@H]4O[C@H](CO)[C@@H](O[C@H]5O[C@H](CO)[C@@H](O[C@H]6O[C@H](CO)[C@@H](O[C@H]7O[C@H](CO)[C@@H](O)[C@H](O)[C@H]7O)[C@H](O)[C@H]6O)[C@H](O)[C@H]5O)[C@H](O)[C@H]4O)[C@H](O)[C@H]3O)[C@H](O)[C@H]2O)[C@H](O)[C@H]1O.OO	1.0
ONc1ccccc1>>Nc1ccccc1O	1.0
O[C@H]1[C@H](O)[C@@H](O)[C@H](O)[C@@H](O)[C@H]1O.O=P([O-])([O-])O>>O=P([O-])([O-])O[C@H]1[C@H](O)[C@@H](O)[C@@H](O)[C@@H](O)[C@@H]1O.O	1.0
O[C@H]1[C@H](O)[C@@H](O)[C@H](O)[C@@H](O)[C@H]1O.O=P([O-])([O-])O>>O=P([O-])([O-])O[C@H]1[C@H](O)[C@@H](O)[C@H](O)[C@H](O)[C@@H]1O.O	1.0
Oc1ccc(-c2nc(-c3ccc(F)cc3)c(-c3ccncc3)[nH]2)cc1.CCOc1ccc2c3c1OC1C(O)C=CC4C(C2)N(C)CCC341>>COc1ccc2[nH]c3ccc4cc[n+](CCNCCCCCCNCC[n+]5ccc6ccc7[nH]c8ccc(OC)cc8c7c6c5)cc4c3c2c1.CN1C(=O)CN=C(c2ccccc2F)c2cc([N+](=O)[O-])ccc21.Cn1cnc(CCN)c1.[S]	0.7792792916297913
Oc1cccc(O)c1O.OO>>O=C(O)C=CCC(=O)C(=O)O.O	0.31343284249305725
S=C=S.O>>[SH-].O=C=O.[H+]	1.0
[C-]#N.[C-]#N.[C-]#N.[C-]#N.[C-]#N.[C-]#N.[Fe+3].CC(C)CC(=O)C(=O)O.O>>[C-]#N.[C-]#N.[C-]#N.[C-]#N.[C-]#N.[C-]#N.[Fe+2].CC(C)CC(=O)O.O=C=O.[H]	0.5714285969734192
[C-]#[N+][C@H](C)CC(=O)[O-].O=C([O-])CCC(=O)[O-].O=C=O.O>>C[C@H](CC(=O)[O-])[NH2+]C(O)C(=O)[O-].O=C([O-])CCC(=O)C(=O)[O-].O=O	1.0
[CH2:1]([C:10]1=[CH:6][C@@H:13]2[c:12]3[cH:4][cH:3][cH:5][c:14]4[c:16]3[c:11]([cH:8][nH:17]4)[CH2:7][C@H:15]2[NH+:18]([CH3:2])[CH2:9]1)[OH:20].[OH2:19]>>[CH3:1][C:10]1=[CH:6][C@@H:13]2[c:12]3[cH:4][cH:3][cH:5][c:14]4[c:16]3[c:11]([cH:8][nH:17]4)[CH2:7][C@H:15]2[NH+:18]([CH3:2])[CH2:9]1.[O:19]=[O:20]	0.09090909361839294
[CH2:1]([C@H:2]([C@@H:3]([C@H:4]([CH:5]=[O:9])[OH:8])[OH:7])[OH:6])[OH:10]>>[CH2:1]1[C@@H:2]([OH:6])[C@H:3]([OH:7])[C@@H:4]([OH:8])[CH:5]([OH:9])[O:10]1	0.37634408473968506
[CH2:1]([C@H:2]([C@H:3]([C@H:4]([CH:5]=[O:9])[OH:8])[OH:7])[OH:6])[OH:10]>>[CH2:1]1[C@@H:2]([OH:6])[C@@H:3]([OH:7])[C@@H:4]([OH:8])[CH:5]([OH:9])[O:10]1	0.37634408473968506
[CH2:1]([Cl:3])[Cl:4].[Cl-:2]>>[CH:1]([Cl:2])([Cl:3])[Cl:4]	0.5
[CH2:2]([C@@H:4]1[C@@H:6]([OH:13])[C@H:7]([OH:14])[C@@H:8]([OH:15])[CH:10]([OH:18])[O:16]1)[OH:11].[O:1]=[C:9]([O-:1])[C@@H:5]([CH2:3][OH:12])[OH:17]>>[O:1]=[C:9]([O-:1])[C@@H:5]([CH2:3][OH:12])[O:17][C@@H:10]1[C@H:8]([OH:15])[C@@H:7]([OH:14])[C@H:6]([OH:13])[C@@H:4]([CH2:2][OH:11])[O:16]1.[OH2:18]	0.3164556920528412
[CH2:2]([C@@H:6]1[C@@H:8]([OH:17])[C@H:10]([OH:19])[C:12]([CH2:3][OH:15])([OH:24])[O:23]1)[OH:14].[CH2:1]([C@@H:5]1[C@@H:7]([OH:16])[C@H:9]([OH:18])[C:11]([CH2:4][OH:21])([OH:20])[O:22]1)[OH:13]>>[CH2:1]([C@@H:5]1[C@@H:7]([OH:16])[C@H:9]([OH:18])[C:11]([CH2:4][O:21][C@@:12]2([CH2:3][OH:15])[C@@H:10]([OH:19])[C@H:8]([OH:17])[C@@H:6]([CH2:2][OH:14])[O:23]2)([OH:20])[O:22]1)[OH:13].[OH2:24]	0.3258427083492279
[CH2:2]=[CH:3][CH2:4][N:6]=[C:5]=[S:7].[O:1]=[S:8](=[O:1])([O-:1])[O-:1]>>[O:1]=[S:8](=[O:1])([O-:1])[O:1]/[N:6]=[C:5](/[CH2:4][CH:3]=[CH2:2])[S-:7]	0.5094339847564697
[CH2:5]([C@@H:9]1[C@@H:11]([OH:23])[C@@H:12]([OH:24])[C@H:15]([n:20]2[cH:7][n:19][c:10]3[c:13]([NH2:16])[n:17][cH:6][n:18][c:14]32)[O:25]1)[OH:22].[CH3:1]/[C:8](=[CH:2]\[CH:3]=[O:26])[CH2:4][OH:21]>>[CH3:1]/[C:8](=[CH:2]\[CH2:3][NH:16][c:13]1[c:10]2[c:14]([n:18][cH:6][n:17]1)[n:20]([C@H:15]1[C@H:12]([OH:24])[C@H:11]([OH:23])[C@@H:9]([CH2:5][OH:22])[O:25]1)[cH:7][n:19]2)[CH2:4][OH:21].[OH2:26]	0.18324607610702515
[CH3:1]/[C:9]([CH2:4][CH2:3]/[CH:5]=[C:10](\[CH3:2])[CH:8]=[O:12])=[CH:6]\[CH:7]=[O:11]>>[CH3:1][C@@H:9]([CH2:4][CH2:3]/[CH:5]=[C:10](\[CH3:2])[CH:8]=[O:12])/[CH:6]=[CH:7]/[OH:11]	0.4193548262119293
[CH3:1]/[CH:2]=[CH:3]/[CH:4]=[CH:5]/[CH:6]=[CH:9]/[C@H:12](/[CH:10]=[CH:7]\[CH2:8][CH2:11][NH3+:13])[OH:14]>>[CH3:1]/[CH:2]=[CH:3]/[CH:4]=[CH:5]/[CH:6]=[CH:9]/[C@H:12]([CH2:10]/[CH:7]=[CH:8]/[CH2:11][NH3+:13])[OH:14]	0.07246376574039459
[CH3:1]/[CH:3]=[CH:4]/[CH:5]=[CH:6]/[CH2:7][CH2:9][CH2:12][C@@H:16]([CH3:2])[C:20]([c:19]1[c:21]([OH:25])[c:18](-[c:17]2[cH:13][cH:10][cH:8][cH:11][cH:14]2)[cH:15][nH:23][c:22]1=[O:26])=[O:24]>>[CH3:1]/[CH:3]=[CH:4]/[CH:5]=[CH:6]/[CH2:7][CH2:9][CH2:12][C@@H:16]([CH3:2])[CH:20]([c:19]1[c:21]([OH:25])[c:18](-[c:17]2[cH:13][cH:10][cH:8][cH:11][cH:14]2)[cH:15][nH:23][c:22]1=[O:26])[OH:24]	0.20155039429664612
[CH3:1][C:11](/[CH:6]=[CH:7]/[C:15](=[C:18]1[C:17](=[O:26])[CH2:10][NH:23][C:21]1=[O:27])[OH:24])=[CH:8]\[C@@H:12]([CH3:2])[C@@H:19]1[C@@H:14]([CH3:4])[CH:20]2[C:16](=[O:25])[CH:9]=[C:13]([CH3:3])[C:22]([CH3:5])([O:28]1)[O:29]2>>[CH3:1][C:11](/[CH:6]=[CH:7]/[C:15](=[C:18]1[C:17](=[O:26])[CH2:10][NH:23][C:21]1=[O:27])[OH:24])=[CH:8]\[C@@H:12]([CH3:2])[C@@H:19]1[C@@H:14]([CH3:4])[CH:20]2[C@@H:16]([OH:25])[CH:9]=[C:13]([CH3:3])[C:22]([CH3:5])([O:28]1)[O:29]2	0.17045454680919647
[CH3:1][C:12]1([CH3:2])[CH:5]=[CH:6][c:13]2[c:16]([cH:8][cH:7][c:14]3[c:23]2[O:29][C@@H:20]2[CH2:11][O:28][c:17]4[cH:10][c:19]([O:27][CH3:4])[c:18]([O:26][CH3:3])[cH:9][c:15]4[C@@H:21]2[C:22]3=[O:25])[O:24]1>>[CH3:1][C:12]([CH3:2])=[CH:5][CH2:6][c:13]1[c:16]([O-:24])[cH:8][cH:7][c:14]2[c:23]1[O:29][C@@H:20]1[CH2:11][O:28][c:17]3[cH:10][c:19]([O:27][CH3:4])[c:18]([O:26][CH3:3])[cH:9][c:15]3[C@@H:21]1[C:22]2=[O:25]	0.34090909361839294
[CH3:1][C:16]([CH3:2])([C:5]#[N:17])[O:28][C@H:15]1[C@H:13]([OH:24])[C@@H:11]([OH:22])[C@H:9]([OH:20])[C@@H:7]([CH2:4][OH:25])[O:27]1.[CH2:3]([C@@H:6]1[C@@H:8]([OH:19])[C@H:10]([OH:21])[C@@H:12]([OH:23])[CH:14]([OH:29])[O:26]1)[OH:18]>>[CH3:1][C:16]([CH3:2])([C:5]#[N:17])[O:28][C@H:15]1[C@H:13]([OH:24])[C@@H:11]([OH:22])[C@H:9]([OH:20])[C@@H:7]([CH2:4][O:25][C@H:14]2[C@H:12]([OH:23])[C@@H:10]([OH:21])[C@H:8]([OH:19])[C@@H:6]([CH2:3][OH:18])[O:26]2)[O:27]1.[OH2:29]	0.3285024166107178
[CH3:1][C:30](=[CH:16]\[CH:11]=[CH:12]\[CH:17]=[C:31]([CH3:2])\[CH:19]=[CH:14]\[CH:21]=[C:33]([CH3:4])\[CH:24]=[CH:26]\[C:37]1=[C:35]([CH3:6])[C:38](=[O:41])[CH2:27][CH2:29][C:40]1([CH3:9])[CH3:10])/[CH:18]=[CH:13]/[CH:20]=[C:32]([CH3:3])/[CH:23]=[CH:25]/[C:36]1=[C:34]([CH3:5])[CH:22]([OH:42])[CH2:15][CH2:28][C:39]1([CH3:7])[CH3:8].[OH2:43]>>[CH3:1][C:30](=[CH:16]\[CH:11]=[CH:12]\[CH:17]=[C:31]([CH3:2])\[CH:19]=[CH:14]\[CH:21]=[C:33]([CH3:4])\[CH:24]=[CH:26]\[C:37]1=[C:35]([CH3:6])[C:38](=[O:41])[CH2:27][CH2:29][C:40]1([CH3:9])[CH3:10])/[CH:18]=[CH:13]/[CH:20]=[C:32]([CH3:3])/[CH:23]=[CH:25]/[C:36]1=[C:34]([CH3:5])[CH2:22][CH2:15][CH2:28][C:39]1([CH3:7])[CH3:8].[O:42]=[O:43]	1.0
[CH3:1][C:30](=[CH:16]\[CH:12]=[CH:13]\[CH:17]=[C:31]([CH3:2])\[CH:19]=[CH:15]\[CH:21]=[C:33](/[CH3:4])[C:24]#[C:25][C@:42]12[C:39]([CH3:8])([CH3:9])[CH2:26][C@H:35]([OH:44])[CH2:27][C@@:41]1([CH3:11])[O:47]2)/[CH:18]=[CH:14]/[CH:20]=[C:32](\[CH3:3])[CH:22]=[C:23]=[C:37]1[C:38]([CH3:6])([CH3:7])[CH2:28][C@H:36]([O:46][C:34]([CH3:5])=[O:43])[CH2:29][C@@:40]1([CH3:10])[OH:45]>>[CH3:1][C:30](=[CH:16]\[CH:12]=[CH:13]\[CH:17]=[C:31]([CH3:2])\[CH:19]=[CH:15]\[CH:21]=[C:33]([CH3:4])\[CH:24]=[CH:25]\[C@:42]12[C:39]([CH3:8])([CH3:9])[CH2:26][C@H:35]([OH:44])[CH2:27][C@@:41]1([CH3:11])[O:47]2)/[CH:18]=[CH:14]/[CH:20]=[C:32](\[CH3:3])[CH:22]=[C:23]=[C:37]1[C:38]([CH3:6])([CH3:7])[CH2:28][C@H:36]([O:46][C:34]([CH3:5])=[O:43])[CH2:29][C@@:40]1([CH3:10])[OH:45]	0.0699300691485405
[CH3:1][C:33](=[CH:19]\[CH:12]=[CH:11]\[CH:18]=[C:32]([CH3:2])\[CH:21]=[CH:14]\[CH:24]=[C:35]([CH3:4])\[CH:25]=[CH:15]\[C:23]1=[C:31]([CH3:8])[CH2:17][CH2:13][CH2:20][C:34]1([CH3:5])[CH3:10])/[CH:22]=[CH:16]/[CH:26]=[C:36]([CH3:3])/[CH:27]=[CH:30]/[c:40]1[c:38]([CH3:7])[cH:29][cH:28][c:37]([CH3:6])[c:39]1[CH3:9]>>[CH3:1][C:31]([CH3:2])=[CH:17][CH2:13][CH2:20]/[C:34]([CH3:5])=[CH:23]\[CH:15]=[CH:25][C:35]([CH3:6])=[CH:24][CH:14]=[CH:21][C:32]([CH3:3])=[CH:18]/[CH:11]=[CH:12]/[CH:19]=[C:33]([CH3:4])/[CH:22]=[CH:16]/[CH:26]=[C:36]([CH3:7])/[CH:27]=[CH:30]/[c:40]1[c:38]([CH3:9])[cH:29][cH:28][c:37]([CH3:8])[c:39]1[CH3:10]	0.09255079180002213
[CH3:1][C:40]([CH3:2])=[CH:22][CH2:14][CH2:23]/[C:41]([CH3:3])=[CH:24]\[CH2:15][CH2:25]/[C:42]([CH3:4])=[CH:26]\[CH2:16][CH2:27]/[C:43]([CH3:5])=[CH:28]\[CH2:17][CH2:29]/[C:44]([CH3:6])=[CH:30]\[CH2:18][CH2:31]/[C:45]([CH3:7])=[CH:32]\[CH2:19][CH2:33]/[C:46]([CH3:8])=[CH:34]\[CH2:20][CH2:35]/[C:47]([CH3:9])=[CH:36]\[CH2:21][CH2:37]/[C:48]([CH3:10])=[CH:38]\[CH2:39][C:50]1=[C:49]([CH3:11])[C:51](=[O:55])[C:53]([O:57][CH3:12])=[C:54]([O:58][CH3:13])[C:52]1=[O:56]>>[CH3:1][C:40]([CH3:2])=[CH:22][CH2:14][CH2:23]/[C:41]([CH3:3])=[CH:24]\[CH2:15][CH2:25]/[C:42]([CH3:4])=[CH:26]\[CH2:16][CH2:27]/[C:43]([CH3:5])=[CH:28]\[CH2:17][CH2:29]/[C:44]([CH3:6])=[CH:30]\[CH2:18][CH2:31]/[C:45]([CH3:7])=[CH:32]\[CH2:19][CH2:33]/[C:46]([CH3:8])=[CH:34]\[CH2:20][CH2:35]/[C:47]([CH3:9])=[CH:36]\[CH2:21][CH2:37]/[C:48]([CH3:10])=[CH:38]\[CH2:39][c:50]1[c:49]([CH3:11])[c:51]([OH:55])[c:53]([O:57][CH3:12])[c:54]([O:58][CH3:13])[c:52]1[OH:56]	0.08670520037412643
[CH3:1][C:7]([C@@H:9]([c:8]1[cH:5][cH:3][cH:2][cH:4][cH:6]1)[OH:11])=[O:10]>>[CH3:1][C:7]([C:9]([c:8]1[cH:5][cH:3][cH:2][cH:4][cH:6]1)=[O:11])=[O:10]	0.3529411852359772
[CH3:1][C@@H:4]1[C@@H:6]([OH:10])[CH2:2][C@H:5]([OH:9])[C@@H:3]([OH:7])[O:8]1>>[CH3:1][C@H:4]([C@H:6]([CH2:2][C@@H:5]([CH:3]=[O:7])[OH:9])[OH:10])[OH:8]	0.3510638177394867
[CH3:1][C@H:12]1[C:19](=[O:31])[N:28]2[c:16]3[cH:10][cH:6][cH:4][cH:8][c:14]3[C@@:24]3([CH2:11][C@@H:17]4[C:18](=[O:30])[NH:26][C@:23]([CH3:2])([c:21]5[n:25][c:15]6[cH:9][cH:5][cH:3][cH:7][c:13]6[c:20](=[O:32])[n:27]54)[O:33]3)[C@H:22]2[NH:29]1>>[CH3:1][C@H:12]1[C:19](=[O:31])[N:28]2[c:16]3[cH:10][cH:6][cH:4][cH:8][c:14]3[C@@:24]3([OH:33])[CH2:11][C@@H:17]4[C:18](=[O:30])[NH:26][C@:23]([CH3:2])([c:21]5[n:25][c:15]6[cH:9][cH:5][cH:3][cH:7][c:13]6[c:20](=[O:32])[n:27]54)[N:29]1[C@H:22]32	0.0810810774564743
[CH3:1][C@H:17]1[C:19](=[O:25])/[CH:11]=[CH:7]/[CH:5]=[CH:4]\[CH2:6][C@H:23]([OH:28])[CH2:15]/[CH:10]=[CH:13]/[CH:21]=[CH:3]/[CH:8]=[CH:16]/[C:24](=[O:29])[O:27][C@@H:22]([CH2:18][CH3:2])[CH2:14][CH2:9][CH2:12][C@@H:20]1[OH:26].[OH2:30]>>[CH3:1][CH2:3][C@H:21]1[CH2:13][CH2:10][CH2:15][C@H:23]([OH:28])[C@@H:18]([CH3:2])[C:22](=[O:27])[CH2:14]/[CH:9]=[CH:12]/[C@H:20]([OH:26])[CH2:17][C@H:19]([OH:25])[CH2:11]/[CH:7]=[CH:5]/[CH:4]=[CH:6]/[CH:8]=[CH:16]/[C:24](=[O:29])[O:30]1	0.10952381044626236
[CH3:1][C@H:18]([CH2:7][CH2:6][CH2:14][C@H:25]([CH2:2][OH:29])[CH3:3])[C@H:22]1[CH2:10][CH2:11][C@H:23]2[C@@H:21]3[CH2:9][CH2:8][C:19]4=[CH:17][C:20](=[O:28])[CH2:12][CH2:15][C@:26]4([CH3:4])[C@H:24]3[CH2:13][CH2:16][C@:27]12[CH3:5]>>[CH3:1][C@H:18]([CH2:7][CH2:6][CH2:14][C:25]([CH3:2])([CH3:3])[OH:29])[C@H:22]1[CH2:10][CH2:11][C@H:23]2[C@@H:21]3[CH2:9][CH2:8][C:19]4=[CH:17][C:20](=[O:28])[CH2:12][CH2:15][C@:26]4([CH3:4])[C@H:24]3[CH2:13][CH2:16][C@:27]12[CH3:5]	0.31578946113586426
[CH3:1][C@H:18]([CH2:7][CH2:6][CH2:14][CH:25]([CH3:2])[CH3:3])[C@H:22]1[CH2:10][CH2:11][C@H:23]2[C@@H:21]3[CH2:9][CH2:8][C:19]4=[CH:17][C:20](=[O:28])[CH2:12][CH2:15][C@:26]4([CH3:4])[C@H:24]3[CH2:13][CH2:16][C@:27]12[CH3:5].[OH2:29]>>[CH3:1][C@H:18]([CH2:7][CH2:6][CH2:14][C:25]([CH3:2])([CH3:3])[OH:29])[C@H:22]1[CH2:10][CH2:11][C@H:23]2[C@@H:21]3[CH2:9][CH2:8][C:19]4=[CH:17][C:20](=[O:28])[CH2:12][CH2:15][C@:26]4([CH3:4])[C@H:24]3[CH2:13][CH2:16][C@:27]12[CH3:5]	1.0
[CH3:1][C@H:2]1[C@@H:3]([OH:7])[C@@H:4]([OH:8])[C@H:5]([OH:9])[C:6](=[O:10])[O:11]1>>[CH3:1][C@H:2]1[C@@H:3]([OH:7])[C@@H:4]([OH:8])[C@H:5]([OH:9])[C@@H:6]([OH:10])[O:11]1	0.3529411852359772
[CH3:1][CH2:3][CH2:5][CH2:7][CH2:9]/[CH:11]=[CH:13]\[CH2:15]/[CH:17]=[CH:18]\[CH2:20][CH2:21][CH2:23][CH2:25][CH2:27][CH2:29][CH2:31][C:38](=[O:45])[O:50][CH2:34][C@H:36]([CH2:35][O:51][C@H:43]1[C@H:42]([OH:49])[C@@H:41]([OH:48])[C@@H:40]([OH:47])[C@@H:37]([CH2:33][OH:44])[O:53]1)[O:52][C:39]([CH2:32][CH2:30][CH2:28][CH2:26][CH2:24][CH2:22][CH2:19][CH2:16][CH2:14][CH2:12][CH2:10][CH2:8][CH2:6][CH2:4][CH3:2])=[O:46].[OH2:54].[OH2:55]>>[CH3:1][CH2:3][CH2:5][CH2:7][CH2:9][CH2:11][CH2:13][CH2:15]/[CH:17]=[CH:18]\[CH2:20][CH2:21][CH2:23][CH2:25][CH2:27][CH2:29][CH2:31][C:38](=[O:45])[O:50][CH2:34][C@H:36]([CH2:35][O:51][C@H:43]1[C@H:42]([OH:49])[C@@H:41]([OH:48])[C@@H:40]([OH:47])[C@@H:37]([CH2:33][OH:44])[O:53]1)[O:52][C:39]([CH2:32][CH2:30][CH2:28][CH2:26][CH2:24][CH2:22][CH2:19][CH2:16][CH2:14][CH2:12][CH2:10][CH2:8][CH2:6][CH2:4][CH3:2])=[O:46].[O:54]=[O:55]	1.0
[CH3:1][CH2:3][CH2:5][CH2:7][CH2:9]/[CH:11]=[CH:13]\[CH2:15]/[CH:17]=[CH:19]\[CH2:21][CH2:23][CH2:25][CH2:27][CH2:29][CH2:31][CH2:33][C:40](=[O:47])[O:52][CH2:36][C@H:38]([CH2:37][O:53][C@H:45]1[C@H:44]([OH:51])[C@@H:43]([OH:50])[C@@H:42]([OH:49])[C@@H:39]([CH2:35][OH:46])[O:55]1)[O:54][C:41]([CH2:34][CH2:32][CH2:30][CH2:28][CH2:26][CH2:24][CH2:22]/[CH:20]=[CH:18]/[CH2:16]/[CH:14]=[CH:12]\[CH2:10]/[CH:8]=[CH:6]\[CH2:4][CH3:2])=[O:48].[OH2:56].[OH2:57]>>[CH3:1][CH2:3][CH2:5][CH2:7][CH2:9]/[CH:11]=[CH:13]\[CH2:15]/[CH:17]=[CH:19]\[CH2:21][CH2:23][CH2:25][CH2:27][CH2:29][CH2:31][CH2:33][C:40](=[O:47])[O:52][CH2:36][C@H:38]([CH2:37][O:53][C@H:45]1[C@H:44]([OH:51])[C@@H:43]([OH:50])[C@@H:42]([OH:49])[C@@H:39]([CH2:35][OH:46])[O:55]1)[O:54][C:41]([CH2:34][CH2:32][CH2:30][CH2:28][CH2:26][CH2:24][CH2:22]/[CH:20]=[CH:18]\[CH2:16]/[CH:14]=[CH:12]\[CH2:10][CH2:8][CH2:6][CH2:4][CH3:2])=[O:48].[O:56]=[O:57]	0.7818182110786438
[CH3:1][CH2:4][C@:16]12[CH2:2][C:15]([C:21](=[O:24])[O:25][CH3:3])=[C:20]3[C@:18]4([CH2:11][CH2:13][NH+:23]([CH2:12][CH:7]=[CH:8]1)[C@@H:14]24)[c:17]1[cH:9][cH:5][cH:6][cH:10][c:19]1[NH:22]3>>[CH3:1][CH2:4][C:16]1=[CH:14][NH+:23]([CH2:13][CH2:11][c:18]2[c:17]3[cH:9][cH:5][cH:6][cH:10][c:19]3[nH:22][c:20]2[C:15](=[CH2:2])[C:21](=[O:24])[O:25][CH3:3])[CH2:12][CH:7]=[CH:8]1	0.24277456104755402
[CH3:1][CH2:6][c:7]1[cH:2][cH:4][c:8]([OH:10])[cH:5][cH:3]1.[OH2:9]>>[CH3:1][C@@H:6]([c:7]1[cH:2][cH:4][c:8]([OH:10])[cH:5][cH:3]1)[OH:9]	0.07692307978868484
[CH3:1][CH2:7][C@@H:21]([CH2:9][CH2:8][C@@H:20]([CH3:4])[C@H:25]1[CH2:12][CH2:13][C@H:26]2[C:24]3=[CH:11][CH2:10][C@H:22]4[CH2:18][C@@H:23]([OH:30])[CH2:14][CH2:16][C@:28]4([CH3:5])[C@H:27]3[CH2:15][CH2:17][C@:29]12[CH3:6])[C:19]([CH3:2])=[CH2:3]>>[CH3:1][CH2:7][C@@H:21]([CH2:9][CH2:8][C@@H:20]([CH3:4])[C@H:25]1[CH2:12][CH2:13][C@H:26]2[C:24]3=[CH:11][CH2:10][C@H:22]4[CH2:18][C@@H:23]([OH:30])[CH2:14][CH2:16][C@:28]4([CH3:5])[C@H:27]3[CH2:15][CH2:17][C@:29]12[CH3:6])[CH:19]([CH3:2])[CH3:3]	0.2222222238779068
[CH3:1][CH3:3].[CH3:2][SH:4]>>[CH3:1][CH2:3][S:4][CH3:2]	0.1111111119389534
[CH3:1][CH:14]([CH3:2])[C:16]1=[C:20]2[C@H:17]3[CH2:6][CH:5]=[C:15]([CH:12]=[O:26])[C@@H:11]4[C@@H:19]([C@:25]3([CH3:4])[CH2:10][CH2:9][C@@:24]2([CH3:3])[CH2:8][CH2:7]1)[O:31][C@H:23]1[C@@H:22]([C@@H:21]([OH:28])[C@H:18]([OH:27])[CH2:13][O:30]1)[O:29]4>>[CH3:1][CH:14]([CH3:2])[C:16]1=[C:20]2[C:17]3=[CH:6][CH:5]=[C:15]([CH:12]=[O:26])[CH2:11][C@H:19]([O:31][C@H:23]4[C@H:22]([OH:29])[C@@H:21]([OH:28])[C@H:18]([OH:27])[CH2:13][O:30]4)[C@:25]3([CH3:4])[CH2:10][CH2:9][C@@:24]2([CH3:3])[CH2:8][CH2:7]1	0.08728652447462082
[CH3:1][CH:14]([CH3:2])[C:17]1=[C:22]2[C@H:18]3[CH2:11][C@@H:20]([O:34][C:15]([CH3:3])=[O:29])[C:16]([CH:12]=[O:28])=[CH:10][C@H:21]([O:35][C@H:25]4[C@H:24]([OH:32])[C@@H:23]([OH:31])[C@H:19]([OH:30])[CH2:13][O:33]4)[C@:27]3([CH3:5])[CH2:9][CH2:8][C@@:26]2([CH3:4])[CH2:7][CH2:6]1.[OH:36][OH:37]>>[CH3:1][CH:14]([CH3:2])[C:17]1=[C:22]2[C@H:18]3[CH2:11][C@@H:20]([O:34][C:15]([CH3:3])=[O:29])[C:16]([CH2:12][OH:28])=[CH:10][C@H:21]([O:35][C@H:25]4[C@H:24]([OH:32])[C@@H:23]([OH:31])[C@H:19]([OH:30])[CH2:13][O:33]4)[C@:27]3([CH3:5])[CH2:9][CH2:8][C@@:26]2([CH3:4])[CH2:7][CH2:6]1.[O:36]=[O:37]	0.07500000298023224
[CH3:1][CH:16]([CH3:2])[CH2:14][C@H:24]([C@@H:25]([C@@H:17]([CH3:3])[C@H:21]1[CH2:8][CH2:9][C@H:22]2[C@@H:20]3[CH2:7][CH2:6][C@H:18]4[CH2:15][C:19](=[O:28])[CH2:10][CH2:12][C@:26]4([CH3:4])[C@H:23]3[CH2:11][CH2:13][C@:27]12[CH3:5])[OH:30])[OH:29]>>[CH3:1][CH:16]([CH3:2])[CH2:14][C@H:24]([C@@H:25]([C@@H:17]([CH3:3])[C@H:21]1[CH2:8][CH2:9][C@H:22]2[C@@H:20]3[CH2:7][CH2:6][C@H:18]4[CH2:15][C@H:19]([OH:28])[CH2:10][CH2:12][C@:26]4([CH3:4])[C@H:23]3[CH2:11][CH2:13][C@:27]12[CH3:5])[OH:30])[OH:29]	0.07999999821186066
[CH3:1][CH:3]([CH3:2])[NH:9][c:6]1[n:11][c:4]([OH:13])[n:10][c:5]([NH2:8])[n:12]1.[Cl-:7]>>[CH3:1][CH:3]([CH3:2])[NH:9][c:6]1[n:11][c:4]([Cl:7])[n:10][c:5]([NH2:8])[n:12]1.[OH2:13]	0.0833333358168602
[CH3:1][CH:3]=[C:11]1[C@H:12]2[CH2:8][C@H:15]3[C:18]4=[N:22][c:14]5[cH:7][cH:5][cH:4][cH:6][c:13]5[C:21]45[CH2:9][C@@H:16]([CH:17]2[C@H:19]5[O:26][C:10]([CH3:2])=[O:24])[N:23]3[C@H:20]1[OH:25]>>[CH3:1][CH:3]=[C:11]1[C@H:12]2[CH2:8][C@H:15]3[C:18]4=[N:22][c:14]5[cH:7][cH:5][cH:4][cH:6][c:13]5[C:21]45[CH2:9][C@@H:16]([CH:17]2[C@H:19]5[O:26][C:10]([CH3:2])=[O:24])[N:23]3[C@@H:20]1[OH:25]	0.2183908075094223
[CH3:1][CH:9]([C:12]([c:10]1[cH:6][cH:5][cH:7][c:11]([Cl:14])[cH:8]1)=[O:16])[NH2+:15][C:13]([CH3:2])([CH3:3])[CH3:4]>>[CH3:1][C@@H:9]([C@@H:12]([c:10]1[cH:6][cH:5][cH:7][c:11]([Cl:14])[cH:8]1)[OH:16])[NH2+:15][C:13]([CH3:2])([CH3:3])[CH3:4]	0.4597701132297516
[CH3:1][NH+:18]1[CH2:7][CH2:6][C@:17]23[C:10]4=[CH:3][CH2:5][C:13](=[O:20])[C@@H:16]2[O:21][c:15]2[c:12]([OH:19])[cH:4][cH:2][c:9]([c:14]23)[CH2:8][C@H:11]41>>[CH3:1][NH+:18]1[CH2:7][CH2:6][C@@:17]23[C@H:10]4[CH:3]=[CH:5][C:13](=[O:20])[C@@H:16]2[O:21][c:15]2[c:12]([OH:19])[cH:4][cH:2][c:9]([c:14]23)[CH2:8][C@H:11]41	0.19658119976520538
[CH3:1][NH:12][C:9]([CH2:4][CH2:5][C:10]([c:8]1[cH:3][cH:2][cH:6][n:11][cH:7]1)=[O:14])=[O:13]>>[CH3:1][N:12]1[C:9](=[O:13])[CH2:4][CH2:5][C@:10]1([c:8]1[cH:3][cH:2][cH:6][n:11][cH:7]1)[OH:14]	0.0714285746216774
[CH3:1][O:13][c:9]1[cH:4][c:6]([C@H:8]([CH:5]=[O:10])[OH:12])[cH:2][cH:3][c:7]1[OH:11]>>[CH3:1][O:13][c:9]1[cH:4][c:6]([C@H:8]([CH2:5][OH:10])[OH:12])[cH:2][cH:3][c:7]1[OH:11]	0.09375
[CH3:1][O:19][c:13]1[cH:4][cH:5][c:14]2[c:15]([cH:8]1)[O:18][C@H:6]1[c:10]3[cH:2][cH:3][c:12]([OH:17])[cH:7][c:16]3[O:20][CH2:9][C@H:11]12>>[CH3:1][O:19][c:13]1[cH:4][cH:5][c:14]([C@H:11]2[CH2:6][c:10]3[cH:2][cH:3][c:12]([OH:17])[cH:7][c:16]3[O:20][CH2:9]2)[c:15]([OH:18])[cH:8]1	0.4526315927505493
[CH3:1][O:20][c:14]1[cH:8][c:12]2[c:10]([cH:6][c:13]1[OH:19])[CH2:9][N:17]1[CH2:5][CH2:4][C@@:16]23[CH:3]=[CH:2][C:11](=[O:18])[CH2:7][C@@H:15]31>>[CH3:1][O:20][c:14]1[cH:8][c:12]2[c:10]([cH:6][c:13]1[OH:19])[CH2:9][N:17]1[CH2:5][CH2:4][C@@:16]23[CH2:3][CH2:2][C:11](=[O:18])[CH2:7][C@@H:15]31	0.20253165066242218
[CH3:1][O:21][c:11]1[cH:6][cH:4][c:10](-[c:13]2[cH:8][c:12](=[O:19])[c:16]3[c:14]([c:9]([OH:25])[c:15]([O:22][CH3:2])[c:18]([O:23][CH3:3])[c:17]3[OH:20])[o:24]2)[cH:5][cH:7]1.[OH2:26]>>[CH3:1][O:21][c:11]1[cH:6][cH:4][c:10](-[c:13]2[cH:8][c:12](=[O:19])[c:16]3[c:14]([cH:9][c:15]([O:22][CH3:2])[c:18]([O:23][CH3:3])[c:17]3[OH:20])[o:24]2)[cH:5][cH:7]1.[O:25]=[O:26]	0.0683760717511177
[CH3:1][O:29][c:11]1[cH:4][cH:2][c:10](-[c:13]2[cH:9][o:30][c:15]3[cH:7][c:12]([O-:31])[cH:6][c:14]([OH:24])[c:17]3[c:18]2=[O:25])[cH:3][cH:5]1.[CH2:8]([C@@H:16]1[C@@H:19]([OH:26])[C@H:20]([OH:27])[C@@H:21]([OH:28])[CH:22]([OH:33])[O:32]1)[OH:23]>>[CH3:1][O:29][c:11]1[cH:4][cH:2][c:10](-[c:13]2[cH:9][o:30][c:15]3[cH:7][c:12]([O:31][C@H:22]4[C@H:21]([OH:28])[C@@H:20]([OH:27])[C@H:19]([OH:26])[C@@H:16]([CH2:8][OH:23])[O:32]4)[cH:6][c:14]([OH:24])[c:17]3[c:18]2=[O:25])[cH:3][cH:5]1.[OH2:33]	0.07547169923782349
[CH3:1][c:6]1[cH:4][c:7]([CH2:5][OH:9])[cH:2][cH:3][c:8]1[OH:10]>>[CH3:1][c:6]1[cH:4][c:7]([CH:5]=[O:9])[cH:2][cH:3][c:8]1[OH:10]	0.3541666567325592
[CH3:1][c:9]1[cH:5][c:13](=[O:31])[c:19]2[c:15]([cH:7][c:11]3[c:17]([c:25]2[OH:35])[C:27](=[O:37])[C:21]([C:22]2=[C:30]([O:40][CH3:4])[C:24](=[O:34])[c:12]4[cH:8][c:16]5[c:20]([c:14](=[O:32])[cH:6][c:10]([CH3:2])[o:42]5)[c:26]([OH:36])[c:18]4[C:28]2=[O:38])=[C:29]([O:39][CH3:3])[C:23]3=[O:33])[o:41]1>>[CH3:1][c:9]1[cH:5][c:13](=[O:31])[c:19]2[c:15]([cH:7][c:11]3[c:17]([c:25]2[OH:35])[c:27]([OH:37])[c:21]([C:22]2=[C:30]([O:40][CH3:4])[C:24](=[O:34])[c:12]4[cH:8][c:16]5[c:20]([c:14](=[O:32])[cH:6][c:10]([CH3:2])[o:42]5)[c:26]([OH:36])[c:18]4[C:28]2=[O:38])[c:29]([O:39][CH3:3])[c:23]3[OH:33])[o:41]1	0.449438214302063
[CH3:2][N:44]([CH3:28])[c:34]1[cH:30][c:36]2[c:35]([cH:29][c:33]1[CH3:27])[n:45][c:39]1[c:42](=[O:53])[n-:47][c:43](=[O:54])[n:46][c:41]-1[n:48]2[CH2:31][C@@H:37]([C@@H:40]([C@@H:38]([CH2:32][OH:49])[OH:51])[OH:52])[OH:50].[O:1]=[C:16]([O-:1])[C@H:8]([CH2:3][CH2:4][S:26][CH2:5][C@@H:9]1[C@@H:11]([OH:23])[C@@H:12]([OH:24])[C@H:15]([n:22]2[cH:7][n:21][c:10]3[c:13]([NH2:18])[n:19][cH:6][n:20][c:14]32)[O:25]1)[NH3+:17]>>[CH3:27][c:33]1[cH:29][c:35]2[c:36]([cH:30][c:34]1[NH:44][CH3:28])[n:48]([CH2:31][C@@H:37]([C@@H:40]([C@@H:38]([CH2:32][OH:49])[OH:51])[OH:52])[OH:50])[c:41]1[n:46][c:43](=[O:54])[n-:47][c:42](=[O:53])[c:39]-1[n:45]2.[O:1]=[C:16]([O-:1])[C@H:8]([CH2:3][CH2:4][S+:26]([CH3:2])[CH2:5][C@@H:9]1[C@@H:11]([OH:23])[C@@H:12]([OH:24])[C@H:15]([n:22]2[cH:7][n:21][c:10]3[c:13]([NH2:18])[n:19][cH:6][n:20][c:14]32)[O:25]1)[NH3+:17]	0.4065934121608734
[CH3:2][NH2+:53][C@@H:41]1[CH2:36][C@@H:44]2[n:55]3[c:42]4[cH:34][cH:30][cH:28][cH:32][c:38]4[c:46]4[c:47]5[c:40]([c:45]6[c:39]7[cH:33][cH:29][cH:31][cH:35][c:43]7[n:56]([c:49]6[c:48]43)[C@@:52]([CH3:27])([C@@H:50]1[OH:57])[O:59]2)[CH2:37][NH:54][C:51]5=[O:58].[O:1]=[C:16]([O-:1])[C@H:8]([CH2:3][CH2:4][S:26][CH2:5][C@@H:9]1[C@@H:11]([OH:23])[C@@H:12]([OH:24])[C@H:15]([n:22]2[cH:7][n:21][c:10]3[c:13]([NH2:18])[n:19][cH:6][n:20][c:14]32)[O:25]1)[NH3+:17]>>[CH3:27][C@@:52]12[C@H:50]([OH:57])[C@H:41]([NH3+:53])[CH2:36][C@H:44]([n:55]3[c:42]4[cH:34][cH:30][cH:28][cH:32][c:38]4[c:46]4[c:47]5[c:40]([c:45]6[c:39]7[cH:33][cH:29][cH:31][cH:35][c:43]7[n:56]1[c:49]6[c:48]43)[CH2:37][NH:54][C:51]5=[O:58])[O:59]2.[O:1]=[C:16]([O-:1])[C@H:8]([CH2:3][CH2:4][S+:26]([CH3:2])[CH2:5][C@@H:9]1[C@@H:11]([OH:23])[C@@H:12]([OH:24])[C@H:15]([n:22]2[cH:7][n:21][c:10]3[c:13]([NH2:18])[n:19][cH:6][n:20][c:14]32)[O:25]1)[NH3+:17]	0.43023255467414856
[CH3:2][O:46][c:36]1[cH:33][c:35](-[c:43]2[c:45]([O:52][CH3:30])[c:42](=[O:48])[c:40]3[c:38]([cH:34][c:39]([O:50][CH3:28])[c:44]([O:51][CH3:29])[c:41]3[OH:47])[o:53]2)[cH:31][cH:32][c:37]1[O:49][CH3:27].[O:1]=[C:16]([O-:1])[C@H:8]([CH2:3][CH2:4][S:26][CH2:5][C@@H:9]1[C@@H:11]([OH:23])[C@@H:12]([OH:24])[C@H:15]([n:22]2[cH:7][n:21][c:10]3[c:13]([NH2:18])[n:19][cH:6][n:20][c:14]32)[O:25]1)[NH3+:17]>>[O:1]=[C:16]([O-:1])[C@H:8]([CH2:3][CH2:4][S+:26]([CH3:2])[CH2:5][C@@H:9]1[C@@H:11]([OH:23])[C@@H:12]([OH:24])[C@H:15]([n:22]2[cH:7][n:21][c:10]3[c:13]([NH2:18])[n:19][cH:6][n:20][c:14]32)[O:25]1)[NH3+:17].[CH3:27][O:49][c:37]1[cH:32][cH:31][c:35](-[c:43]2[c:45]([O:52][CH3:30])[c:42](=[O:48])[c:40]3[c:38]([cH:34][c:39]([O:50][CH3:28])[c:44]([O:51][CH3:29])[c:41]3[OH:47])[o:53]2)[cH:33][c:36]1[OH:46]	0.44680851697921753
[CH3:2][Se+:9]([CH3:3])[CH2:5][CH2:4][CH2:6][NH3+:8].[O:1]=[C:7]=[O:1]>>[O:1]=[C:7]([O-:1])[C@H:6]([CH2:4][CH2:5][Se+:9]([CH3:2])[CH3:3])[NH3+:8]	0.5102040767669678
[CH3:2][c:7]1[cH:4][cH:3][c:5]([OH:11])[c:8]([OH:10])[cH:6]1.[O:1]=[N:9][O-:1]>>[O:1]=[N+:9]([O-:1])[c:8]1[cH:5][cH:3][cH:4][c:7]([CH3:2])[cH:6]1.[O:10]=[O:11]	0.2777777910232544
[CH3:3][C:10]([CH3:4])=[CH:7][CH2:8][CH:12]([CH2:9][OH:13])[C:11](=[CH2:5])[CH3:6].[O:1]=[P:15]([O-:1])([O-:1])[O:14][P:16](=[O:2])([O-:2])[OH:2]>>[O:1]=[P:15]([O-:1])([O-:1])[O:14][P:16](=[O:2])([O-:2])[O:13][CH2:9][CH:12]([CH2:8][CH:7]=[C:10]([CH3:3])[CH3:4])[C:11](=[CH2:5])[CH3:6].[OH2:2]	0.3142857253551483
[CH3:3][C:12]1([CH3:4])[CH2:8][CH:10]2[CH2:7][CH:11]1[C:13]([CH3:5])([CH3:6])[C:9]2=[O:14].[O:1]=[C:2]=[O:1].[OH2:15]>>[CH2:2]=[C:9]1[CH:10]2[CH2:7][CH:11]([C:12]([CH3:3])([CH3:4])[CH2:8]2)[C:13]1([CH3:5])[CH3:6].[O:14]=[O:15]	0.1111111119389534
[CH3:3][C:15]([CH3:4])=[C:9]1[CH2:7][CH2:10][C:16]2([CH3:5])[CH2:11][CH2:8][CH:12]=[C:17]([CH3:6])[CH:13]2[CH2:14]1.[O:1]=[P:19]([O-:1])([O-:1])[O:18][P:20](=[O:2])([O-:2])[OH:2]>>[O:1]=[P:19]([O-:1])([O-:1])[O:18][P:20](=[O:2])([O-:2])[O:2][CH2:14]/[CH:13]=[C:17](/[CH3:6])[CH2:12][CH2:8]/[CH:11]=[C:16](/[CH3:5])[CH2:10][CH2:7][CH:9]=[C:15]([CH3:3])[CH3:4]	0.5136986374855042
[CH3:3][C:23]([CH3:4])=[CH:12][CH2:11][CH2:16][C@@:44]([CH3:10])([C@@H:24]1[CH2:13][CH2:18][C@:43]2([CH3:9])[C@@H:31]1[C@H:25]([OH:47])[CH2:20][C@@H:29]1[C@@:41]3([CH3:7])[CH2:17][CH2:15][C@H:30]([O:56][C@H:38]4[C@H:36]([OH:52])[C@@H:34]([OH:50])[C@H:32]([OH:48])[C@@H:26]([CH2:21][OH:45])[O:54]4)[C:40]([CH3:5])([CH3:6])[C@H:28]3[CH2:14][CH2:19][C@:42]12[CH3:8])[OH:57].[O:1]=[P:77]([O-:1])([O:73][C@@H:39]1[C@H:37]([OH:53])[C@@H:35]([OH:51])[C@H:33]([OH:49])[C@@H:27]([CH2:22][OH:46])[O:55]1)[O:76][P:78](=[O:2])([O-:2])[O:74][CH2:60][C@@H:61]1[C@@H:63]([OH:70])[C@@H:64]([OH:71])[C@H:65]([n:68]2[cH:59][cH:58][c:62](=[O:69])[nH:67][c:66]2=[O:72])[O:75]1>>[CH3:3][C:23]([CH3:4])=[CH:12][CH2:11][CH2:16][C@@:44]([CH3:10])([C@@H:24]1[CH2:13][CH2:18][C@:43]2([CH3:9])[C@@H:31]1[C@H:25]([OH:47])[CH2:20][C@H:29]1[C@@:41]3([CH3:7])[CH2:17][CH2:15][C@H:30]([O:56][C@H:38]4[C@H:36]([OH:52])[C@@H:34]([OH:50])[C@H:32]([OH:48])[C@@H:26]([CH2:21][OH:45])[O:54]4)[C:40]([CH3:5])([CH3:6])[C@H:28]3[CH2:14][CH2:19][C@:42]12[CH3:8])[O:57][C@H:39]1[C@H:37]([OH:53])[C@@H:35]([OH:51])[C@H:33]([OH:49])[C@@H:27]([CH2:22][OH:46])[O:55]1.[O:1]=[P:77]([O-:1])([O-:73])[O:76][P:78](=[O:2])([O-:2])[O:74][CH2:60][C@@H:61]1[C@@H:63]([OH:70])[C@@H:64]([OH:71])[C@H:65]([n:68]2[cH:59][cH:58][c:62](=[O:69])[nH:67][c:66]2=[O:72])[O:75]1	0.13824884593486786
[CH3:3][C:58]1([CH3:4])[CH:27]([CH2:10][c:18]2[cH:6][cH:8][c:19]([O:84][C@H:51]3[C@H:36]([OH:75])[C@@H:30]([OH:69])[C@H:46]([O:97][C@H:57]4[C@H:48]([O:83][CH3:5])[C@@H:41]([OH:80])[C@H:47]([O:96][C@H:56]5[C@H:40]([OH:79])[C@@H:34]([OH:73])[C@H:45]([O:95][C@H:55]6[C@H:39]([OH:78])[C@@H:33]([OH:72])[C@H:44]([O:94][C@H:54]7[C@H:38]([OH:77])[C@@H:32]([OH:71])[C@H:43]([O:93][C@H:53]8[C@H:37]([OH:76])[C@@H:31]([OH:70])[C@H:42]([OH:92])[C@@H:21]([CH2:12][OH:61])[O:87]8)[C@@H:22]([CH2:13][OH:62])[O:88]7)[C@@H:23]([CH2:14][OH:63])[O:89]6)[C@@H:24]([CH2:15][OH:64])[O:90]5)[C@@H:26]([CH2:17][OH:66])[O:91]4)[C@@H:25]([CH2:16][OH:65])[O:86]3)[cH:9][cH:7]2)[NH:59][C:50](=[O:82])[C:49]1=[O:81].[O:1]=[P:117]([O-:1])([O:113][C@@H:52]1[C@H:35]([OH:74])[C@@H:29]([OH:68])[C@H:28]([OH:67])[C@@H:20]([CH2:11][OH:60])[O:85]1)[O:116][P:118](=[O:2])([O-:2])[O:114][CH2:100][C@@H:101]1[C@@H:103]([OH:110])[C@@H:104]([OH:111])[C@H:105]([n:108]2[cH:99][cH:98][c:102](=[O:109])[nH:107][c:106]2=[O:112])[O:115]1>>[CH3:3][C:58]1([CH3:4])[CH:27]([CH2:10][c:18]2[cH:6][cH:8][c:19]([O:84][C@H:51]3[C@H:36]([OH:75])[C@@H:30]([OH:69])[C@H:46]([O:97][C@H:57]4[C@H:48]([O:83][CH3:5])[C@@H:41]([OH:80])[C@H:47]([O:96][C@H:56]5[C@H:40]([OH:79])[C@@H:34]([OH:73])[C@H:45]([O:95][C@H:55]6[C@H:39]([OH:78])[C@@H:33]([OH:72])[C@H:44]([O:94][C@H:54]7[C@H:38]([OH:77])[C@@H:32]([OH:71])[C@H:43]([O:93][C@H:53]8[C@H:37]([OH:76])[C@@H:31]([OH:70])[C@H:42]([O:92][C@H:52]9[C@H:35]([OH:74])[C@@H:29]([OH:68])[C@H:28]([OH:67])[C@@H:20]([CH2:11][OH:60])[O:85]9)[C@@H:21]([CH2:12][OH:61])[O:87]8)[C@@H:22]([CH2:13][OH:62])[O:88]7)[C@@H:23]([CH2:14][OH:63])[O:89]6)[C@@H:24]([CH2:15][OH:64])[O:90]5)[C@@H:26]([CH2:17][OH:66])[O:91]4)[C@@H:25]([CH2:16][OH:65])[O:86]3)[cH:9][cH:7]2)[NH:59][C:50](=[O:82])[C:49]1=[O:81].[O:1]=[P:117]([O-:1])([O-:113])[O:116][P:118](=[O:2])([O-:2])[O:114][CH2:100][C@@H:101]1[C@@H:103]([OH:110])[C@@H:104]([OH:111])[C@H:105]([n:108]2[cH:99][cH:98][c:102](=[O:109])[nH:107][c:106]2=[O:112])[O:115]1	0.08173076808452606
[CH3:3][C@@:17]12[CH2:4][C@:18]3([CH2:10][CH2:12][C@@H:20]4[C:21]([CH3:5])([CH3:6])[CH2:14][CH2:8][CH2:15][C@@:22]4([CH3:7])[C@@H:19]3[CH2:11][CH2:9]1)[CH:16]=[CH:13]2.[O:1]=[P:24]([O-:1])([O-:1])[O:23][P:25](=[O:2])([O-:2])[OH:2]>>[O:1]=[P:24]([O-:1])([O-:1])[O:23][P:25](=[O:2])([O-:2])[O:2][CH2:16]/[CH:13]=[C:17](\[CH3:3])[CH2:9][CH2:11][C@@H:19]1[C:18](=[CH2:4])[CH2:10][CH2:12][C@@H:20]2[C:21]([CH3:5])([CH3:6])[CH2:14][CH2:8][CH2:15][C@@:22]12[CH3:7]	0.36974790692329407
[CH3:3][CH:15]([CH3:4])[CH:9]1[C@H:7]2[CH:10]3[C:16]([CH3:5])=[CH:11][CH2:8][C@H:12]2[C@:17]3([CH3:6])[CH2:13][CH2:14]1.[O:1]=[P:19]([O-:1])([O-:1])[O:18][P:20](=[O:2])([O-:2])[OH:2]>>[O:1]=[P:19]([O-:1])([O-:1])[O:18][P:20](=[O:2])([O-:2])[O:2][CH2:14]/[CH:13]=[C:17](/[CH3:6])[CH2:12][CH2:8]/[CH:11]=[C:16](/[CH3:5])[CH2:10][CH2:7][CH:9]=[C:15]([CH3:3])[CH3:4]	0.5460526347160339
[CH3:4][C:11]([NH:38][C@@H:18]1[C@@H:30]([O:63][C@H:35]2[C@H:27]([OH:53])[C@@H:24]([OH:50])[C@@H:20]([OH:46])[C@@H:13]([CH2:6][OH:40])[O:60]2)[C@H:21]([OH:47])[C@@H:14]([CH2:7][OH:41])[O:59][C@H:34]1[O:64][C@H:31]1[C@@H:22]([OH:48])[C@@H:16]([CH2:9][OH:56])[O:61][C@@H:36]([O:62][C@@H:29]2[C@@H:15]([CH2:8][OH:42])[O:57][CH:32]([OH:55])[C@H:26]([OH:52])[C@H:25]2[OH:51])[C@@H:28]1[OH:54])=[O:44].[O:1]=[P:84]([O-:1])([O:80][C@@H:33]1[C@H:17]([NH:37][C:10]([CH3:3])=[O:43])[C@@H:23]([OH:49])[C@H:19]([OH:45])[C@@H:12]([CH2:5][OH:39])[O:58]1)[O:83][P:85](=[O:2])([O-:2])[O:81][CH2:67][C@@H:68]1[C@@H:70]([OH:77])[C@@H:71]([OH:78])[C@H:72]([n:75]2[cH:66][cH:65][c:69](=[O:76])[nH:74][c:73]2=[O:79])[O:82]1>>[CH3:3][C:10]([NH:37][C@@H:17]1[C@@H:23]([OH:49])[C@H:19]([OH:45])[C@@H:12]([CH2:5][OH:39])[O:58][C@H:33]1[O:56][CH2:9][C@@H:16]1[C@H:22]([OH:48])[C@H:31]([O:64][C@H:34]2[C@H:18]([NH:38][C:11]([CH3:4])=[O:44])[C@@H:30]([O:63][C@H:35]3[C@H:27]([OH:53])[C@@H:24]([OH:50])[C@@H:20]([OH:46])[C@@H:13]([CH2:6][OH:40])[O:60]3)[C@H:21]([OH:47])[C@@H:14]([CH2:7][OH:41])[O:59]2)[C@@H:28]([OH:54])[C@H:36]([O:62][C@@H:29]2[C@@H:15]([CH2:8][OH:42])[O:57][CH:32]([OH:55])[C@H:26]([OH:52])[C@H:25]2[OH:51])[O:61]1)=[O:43].[O:1]=[P:84]([O-:1])([O-:80])[O:83][P:85](=[O:2])([O-:2])[O:81][CH2:67][C@@H:68]1[C@@H:70]([OH:77])[C@@H:71]([OH:78])[C@H:72]([n:75]2[cH:66][cH:65][c:69](=[O:76])[nH:74][c:73]2=[O:79])[O:82]1	0.10000000149011612
[CH3:4][C@@H:23]1[C@@H:39]([O:56][C@H:37]2[CH2:20][C@H:33]([OH:46])[C@H:40]([OH:55])[C@@H:24]([CH3:5])[O:53]2)[C@@H:32]([OH:45])[CH2:19][C@H:35]([O:54][C@H:27]2[CH2:10][CH2:13][C@@:41]3([CH3:6])[C@H:26]([CH2:8][CH2:9][C@@H:30]4[C@@H:29]3[CH2:11][CH2:14][C@:42]3([CH3:7])[C@@H:28]([C:25]5=[CH:16][C:34](=[O:47])[O:50][CH2:21]5)[CH2:12][CH2:15][C@:43]43[OH:49])[CH2:17]2)[O:52]1.[O:1]=[P:76]([O-:1])([O:72][C@@H:36]1[CH2:18][C@H:31]([OH:44])[C@H:38]([OH:48])[C@@H:22]([CH3:3])[O:51]1)[O:75][P:77](=[O:2])([O-:2])[O:73][CH2:59][C@@H:60]1[C@@H:62]([OH:69])[C@@H:63]([OH:70])[C@H:64]([n:67]2[cH:58][cH:57][c:61](=[O:68])[nH:66][c:65]2=[O:71])[O:74]1>>[CH3:3][C@@H:22]1[C@@H:38]([OH:48])[C@@H:31]([OH:44])[CH2:18][C@H:36]([O:55][C@@H:40]2[C@@H:24]([CH3:5])[O:53][C@@H:37]([O:56][C@@H:39]3[C@@H:23]([CH3:4])[O:52][C@@H:35]([O:54][C@H:27]4[CH2:10][CH2:13][C@@:41]5([CH3:6])[C@H:26]([CH2:8][CH2:9][C@@H:30]6[C@@H:29]5[CH2:11][CH2:14][C@:42]5([CH3:7])[C@@H:28]([C:25]7=[CH:16][C:34](=[O:47])[O:50][CH2:21]7)[CH2:12][CH2:15][C@:43]65[OH:49])[CH2:17]4)[CH2:19][C@@H:32]3[OH:45])[CH2:20][C@@H:33]2[OH:46])[O:51]1.[O:1]=[P:76]([O-:1])([O-:72])[O:75][P:77](=[O:2])([O-:2])[O:73][CH2:59][C@@H:60]1[C@@H:62]([OH:69])[C@@H:63]([OH:70])[C@H:64]([n:67]2[cH:58][cH:57][c:61](=[O:68])[nH:66][c:65]2=[O:71])[O:74]1	0.12340425699949265
[CH3:4][O:25][c:12]1[c:9]([OH:33])[c:15]([OH:23])[c:17]2[c:16]([cH:10]1)[o:27][c:19](-[c:11]1[cH:6][cH:7][c:13]([OH:21])[c:14]([OH:22])[cH:8]1)[c:20]([O:26][CH3:5])[c:18]2=[O:24].[O:1]=[C:30]([O-:1])[CH2:28][CH2:29][C:31](=[O:2])[O-:2].[O:3]=[C:32]=[O:3]>>[CH3:4][O:25][c:12]1[cH:9][c:15]([OH:23])[c:17]2[c:16]([cH:10]1)[o:27][c:19](-[c:11]1[cH:6][cH:7][c:13]([OH:21])[c:14]([OH:22])[cH:8]1)[c:20]([O:26][CH3:5])[c:18]2=[O:24].[O:1]=[C:30]([CH2:28][CH2:29][C:31](=[O:2])[O-:2])[C:32](=[O:3])[O-:3].[O:1]=[O:33]	0.19298245012760162
[CH3:6][O:43][c:17]1[cH:12][c:19]2[cH:18][c:23]3[c:25]([c:26]([OH:36])[c:22]2[c:20]([OH:34])[cH:13]1)[C:29](=[O:39])[C@:32]1([OH:42])[C:28](=[O:38])[C:24]([C:30]([NH2:33])=[O:40])=[C:21]([O-:35])[CH2:14][C@:31]1([OH:41])[C@H:27]3[OH:37].[O:1]=[P:46]([O-:1])([O:44][CH2:11]/[CH:10]=[C:16](/[CH3:5])[CH2:9][CH2:7][CH:8]=[C:15]([CH3:3])[CH3:4])[O:45][P:47](=[O:2])([O-:2])[O-:2]>>[CH3:3][C:15]([CH3:4])=[CH:8][CH2:7][CH2:9]/[C:16]([CH3:5])=[CH:10]\[CH2:11][c:18]1[c:19]2[cH:12][c:17]([O:43][CH3:6])[cH:13][c:20]([OH:34])[c:22]2[c:26]([OH:36])[c:25]2[c:23]1[C@H:27]([OH:37])[C@@:31]1([OH:41])[CH2:14][C:21]([O-:35])=[C:24]([C:30]([NH2:33])=[O:40])[C:28](=[O:38])[C@@:32]1([OH:42])[C:29]2=[O:39].[O:1]=[P:46]([O-:1])([OH:44])[O:45][P:47](=[O:2])([O-:2])[O-:2]	0.08771929889917374
[CH3][Hg+].[H+]>>[Hg+2].C	1.0
[CH:1]([Cl:5])([Cl:7])[Cl:8].[Cl:2][CH:6]([Cl:3])[Cl:4].[Cl-:10].[Cl-:9]>>[C:6]([Cl:7])([Cl:8])([Cl:9])[Cl:10].[C:1]([Cl:2])([Cl:3])([Cl:4])[Cl:5]	0.08196721225976944
[CH:1]1=[C:3]([OH:7])[C:5](=[O:9])[N:6]=[C:4]([O-:8])[C:2]1=[C:11]1[CH:10]=[C:12]([OH:16])[C:14](=[O:18])[N:15]=[C:13]1[O-:17]>>[cH:10]1[cH:11][c:13]([OH:17])[nH:15][c:14](=[O:18])[c:12]1[O-:16].[cH:1]1[cH:2][c:4]([OH:8])[nH:6][c:5](=[O:9])[c:3]1[O-:7]	0.16981132328510284
[CH:1]1=[C:3]([OH:9])[C:5](=[O:10])[N:7]=[C:4]([Cl:6])[C:2]1=[O:8]>>[cH:1]1[c:2]([OH:8])[c:4]([Cl:6])[n:7][c:5]([OH:10])[c:3]1[OH:9]	0.6631578803062439
[CH:2]([C@@H:4]([C@@H:6]([C@@H:5]([CH2:3][OH:11])[OH:9])[OH:10])[OH:8])=[O:7].[O:1]=[P:12]([O-:1])([O-:1])[OH:1]>>[O:1]=[P:12]([O-:1])([O-:1])[O:11][CH2:3][C@H:5]([C@H:6]([C@H:4]([CH:2]=[O:7])[OH:8])[OH:10])[OH:9].[OH2:1]	0.12230215966701508
[Fe+3].CC=O.O>>CC(=O)[O-].[Fe+2].[H+]	1.0
[Fe+6:71].[cH:1]1[cH:2][c:15]([C:37]([NH:43][C@H:18]2[CH2:10][O:66][C:41](=[O:64])[C@@H:20]([NH:45][C:39]([c:17]3[cH:5][c:14]([C@H:36]4[C@H:34]([OH:59])[C@@H:32]([OH:57])[C@H:30]([OH:55])[C@@H:25]([CH2:9][OH:47])[O:70]4)[cH:7][c:23]([O-:50])[c:28]3[O-:53])=[O:62])[CH2:12][O:68][C:42](=[O:65])[C@@H:19]([NH:44][C:38]([c:16]3[cH:4][c:13]([C@H:35]4[C@H:33]([OH:58])[C@@H:31]([OH:56])[C@H:29]([OH:54])[C@@H:24]([CH2:8][OH:46])[O:69]4)[cH:6][c:22]([O-:49])[c:27]3[O-:52])=[O:61])[CH2:11][O:67][C:40]2=[O:63])=[O:60])[c:26]([O-:51])[c:21]([O-:48])[cH:3]1>>[cH:1]1[cH:2][c:15]([C:37]([NH:43][C@H:18]2[CH2:10][O:66][C:41](=[O:64])[C@@H:20]([NH:45][C:39]([c:17]3[cH:5][c:14]([C@H:36]4[C@H:34]([OH:59])[C@@H:32]([OH:57])[C@H:30]([OH:55])[C@@H:25]([CH2:9][OH:47])[O:70]4)[cH:7][c:23]([OH:50])[c:28]3[OH:53])=[O:62])[CH2:12][O:68][C:42](=[O:65])[C@@H:19]([NH:44][C:38]([c:16]3[cH:4][c:13]([C@H:35]4[C@H:33]([OH:58])[C@@H:31]([OH:56])[C@H:29]([OH:54])[C@@H:24]([CH2:8][OH:46])[O:69]4)[cH:6][c:22]([OH:49])[c:27]3[OH:52])=[O:61])[CH2:11][O:67][C:40]2=[O:63])=[O:60])[c:26]([OH:51])[c:21]([OH:48])[cH:3]1.[Fe+3:71]	0.08965517580509186
[Fe+6:82].[cH:1]1[c:13]([C@H:40]2[C@H:37]([OH:67])[C@@H:34]([OH:64])[C@H:31]([OH:61])[C@@H:25]([CH2:7][OH:52])[O:79]2)[cH:4][c:22]([O-:55])[c:28]([O-:58])[c:16]1[C:43]([NH:49][C@H:19]1[CH2:10][O:76][C:47](=[O:74])[C@@H:21]([NH:51][C:45]([c:18]2[cH:3][c:15]([C@H:42]3[C@H:39]([OH:69])[C@@H:36]([OH:66])[C@H:33]([OH:63])[C@@H:27]([CH2:9][OH:54])[O:81]3)[cH:6][c:24]([O-:57])[c:30]2[O-:60])=[O:72])[CH2:12][O:78][C:48](=[O:75])[C@@H:20]([NH:50][C:44]([c:17]2[cH:2][c:14]([C@H:41]3[C@H:38]([OH:68])[C@@H:35]([OH:65])[C@H:32]([OH:62])[C@@H:26]([CH2:8][OH:53])[O:80]3)[cH:5][c:23]([O-:56])[c:29]2[O-:59])=[O:71])[CH2:11][O:77][C:46]1=[O:73])=[O:70]>>[cH:1]1[c:13]([C@H:40]2[C@H:37]([OH:67])[C@@H:34]([OH:64])[C@H:31]([OH:61])[C@@H:25]([CH2:7][OH:52])[O:79]2)[cH:4][c:22]([OH:55])[c:28]([OH:58])[c:16]1[C:43]([NH:49][C@H:19]1[CH2:10][O:76][C:47](=[O:74])[C@@H:21]([NH:51][C:45]([c:18]2[cH:3][c:15]([C@H:42]3[C@H:39]([OH:69])[C@@H:36]([OH:66])[C@H:33]([OH:63])[C@@H:27]([CH2:9][OH:54])[O:81]3)[cH:6][c:24]([OH:57])[c:30]2[OH:60])=[O:72])[CH2:12][O:78][C:48](=[O:75])[C@@H:20]([NH:50][C:44]([c:17]2[cH:2][c:14]([C@H:41]3[C@H:38]([OH:68])[C@@H:35]([OH:65])[C@H:32]([OH:62])[C@@H:26]([CH2:8][OH:53])[O:80]3)[cH:5][c:23]([OH:56])[c:29]2[OH:59])=[O:71])[CH2:11][O:77][C:46]1=[O:73])=[O:70].[Fe+3:82]	0.07473309338092804
[H].CS.C>>CSC.[H].[H]	1.0
[Mg+2:63].[O:1]=[C:49]([O-:1])[CH2:24][CH2:23][C@H:41]1[C@H:36]([CH3:12])[C:52]2=[C:38]([CH3:14])[c:53]3[c:37]([CH3:13])[c:50]([C@@H:39]([CH3:15])[O-:60])[c:47]([n-:58]3)[CH:29]=[C:44]3[C:35]([CH3:11])=[C:42]([CH2:27][CH:32]([CH3:7])[CH3:8])[C:46](=[N:56]3)/[CH:30]=[c:45]3/[c:40]([CH2:16][CH3:4])[c:51]4[c:55]([n-:57]3)=[C:43]([CH2:28][C:48]4=[O:61])[C:54]1=[N:59]2.[O:2]=[P:65]([O-:2])([O:62][CH2:26]/[CH:25]=[C:34](/[CH3:10])[CH2:22][CH2:18]/[CH:21]=[C:33](/[CH3:9])[CH2:20][CH2:17][CH:19]=[C:31]([CH3:5])[CH3:6])[O:64][P:66](=[O:3])([O-:3])[O-:3]>>[Mg+2:63].[O:1]=[C:49]([CH2:24][CH2:23][C@H:41]1[C@H:36]([CH3:12])[C:52]2=[C:38]([CH3:14])[c:53]3[c:37]([CH3:13])[c:50]([C@@H:39]([CH3:15])[O-:60])[c:47]([n-:58]3)[CH:29]=[C:44]3[C:35]([CH3:11])=[C:42]([CH2:27][CH:32]([CH3:7])[CH3:8])[C:46](=[N:56]3)/[CH:30]=[c:45]3/[c:40]([CH2:16][CH3:4])[c:51]4[c:55]([n-:57]3)=[C:43]([CH2:28][C:48]4=[O:61])[C:54]1=[N:59]2)[O:62][CH2:26]/[CH:25]=[C:34](\[CH3:10])[CH2:22][CH2:18]/[CH:21]=[C:33](\[CH3:9])[CH2:20][CH2:17][CH:19]=[C:31]([CH3:5])[CH3:6].[OH:1][P:65](=[O:2])([O-:2])[O:64][P:66](=[O:3])([O-:3])[O-:3]	0.22580644488334656
[NH2+]=C(NO)NCCC[C@H]([NH3+])C(=O)[O-].[Fe+2].[H+]>>NC(=[NH2+])NCCC[C@H]([NH3+])C(=O)[O-].[Fe+3].O	1.0
[NH2+]=CN[C@@H](CC(=O)[O-])C(=O)[O-].O>>O=CN[C@@H](CC(=O)[O-])C(=O)[O-].[NH4+]	1.0
[NH3+]/C(=C/C=C\C=O)C(=O)[O-]>>Nc1ccccc1O.O=O	1.0
[NH3+]C(=Cc1ccccc1)C(=O)[O-].[NH3+]CC(=O)[O-]>>[NH3+]CC(=O)NC(=Cc1ccccc1)C(=O)[O-].O	1.0
[NH3+]CC(=O)NCCOP(=O)([O-])OC[C@@H](COC=O)OC=O.NCC(=O)[O-]>>NCC(=O)NCC(=O)NCCOP(=O)([O-])OC[C@@H](COC=O)OC=O.O	1.0
[NH3+]CC(=O)N[C@@H](CCC(=O)[O-])C(=O)[O-].O>>[NH3+][C@@H](CCC(=O)[O-])C(=O)[O-].[NH3+]CC(=O)[O-]	1.0
[NH3+]CCC=O.[NH4+].OO>>[NH3+]CCC[NH3+].O=O.O	1.0
[NH3+]CCCC[C@H]([NH3+])C(=O)[O-].O=C=O>>[NH3+][C@H](CCC[C@H]([NH3+])C(=O)[O-])C(=O)[O-].[H+]	1.0
[NH3+]CCCC[NH2+]CCC=O.C=CC=O>>O=CCC[NH2+]CCCC[NH2+]CCC=O	1.0
[NH3+]CCC[C@@H]([NH3+])C(=O)[O-]>>C[C@H]([NH3+])C[C@@H]([NH3+])C(=O)[O-]	1.0
[NH3+]CCC[C@H]([NH3+])C(=O)[O-].[NH4+].O=C=O>>NC(=[NH2+])NCCC[C@H]([NH3+])C(=O)[O-].[H+].O	1.0
[NH3+]CCC[NH2+]CCCC[NH2+]CCC[NH3+].O=O.O>>O=CCC[NH2+]CCCC[NH2+]CCC=O.[NH4+].OO	1.0
[NH3+]CCOP(=O)([O-])OC[C@H](O)COC=O.O=COC[C@H](CO)OC=O>>[NH3+]CCOP(=O)([O-])OC[C@@H](COC=O)OC=O.O=COC(CO)CO	1.0
[NH3+]CCOP(=O)([O-])OC[C@H](O)COC=O.O=C[O-].[H+]>>[NH3+]CCOP(=O)([O-])OC[C@@H](COC=O)OC=O.O	1.0
[NH3+]CCS(=O)(=O)[O-].CCC(=O)[O-]>>CCC(=O)NCCS(=O)(=O)[O-].O	1.0
[NH3+][C@@H](CCC(=O)N[C@@H](CSC(=O)CO)C(=O)NCC(=O)[O-])C(=O)[O-].O>>[NH3+][C@@H](CCC(=O)N[C@@H](CS)C(=O)NCC(=O)[O-])C(=O)[O-].O=C([O-])CO.[H+]	1.0
[NH3+][C@@H](CCC(=O)[O-])C(=O)[O-].C[NH3+]>>C[NH2+][C@@H](CCC(=O)[O-])C(=O)[O-].[NH4+]	1.0
[NH3+][C@@H](CCC(=O)[O-])C(=O)[O-].[Fe+3].[Fe+3].[S-2].[S-2]>>NC(=O)CC[C@H]([NH3+])C(=O)[O-].O=C([O-])CCC(=O)C(=O)[O-].[Fe+2].[Fe+3].[S-2].[S-2].[H+]	1.0
[NH3+][C@@H](CCS)C(=O)[O-].[NH3+][C@@H](CO)C(=O)[O-]>>[NH3+][C@@H](CCSC[C@H]([NH3+])C(=O)[O-])C(=O)[O-].O	1.0
[NH3+][C@@H](CCl)C(=O)[O-].O=C([O-])CS>>[NH3+][C@@H](CSCC(=O)[O-])C(=O)[O-].[Cl-].[H+]	1.0
[NH3+][C@@H](COP(=O)([O-])OC[C@H](O)CO)C(=O)[O-].O>>O=P([O-])([O-])OC[C@H](O)CO.[NH3+][C@@H](CO)C(=O)[O-].[H+]	1.0
[NH3+][C@@H](CS)C(=O)[O-].O=O.O>>O=C([O-])C(=O)CS.[NH4+].OO	1.0
[NH3+][C@@H](Cc1ccccc1)C(=O)[O-].CC(=O)C(=O)[O-]>>O=C([O-])C(=O)Cc1ccccc1.C[C@H]([NH3+])C(=O)[O-]	1.0
[NH3+][C@H](C(=O)[O-])[C@@H](O)C(=O)[O-]>>O=C([O-])CC(=O)C(=O)[O-].[NH4+]	1.0
[NH3+][C@H](CC(=O)[O-])C(=O)[O-]>>[NH3+][C@@H](CC(=O)[O-])C(=O)[O-]	1.0
[NH3+][C@H](CCC[C@H]([NH3+])C(=O)[O-])C(=O)[O-].[H+]>>[NH3+]CCCC[C@H]([NH3+])C(=O)[O-].O=C=O	1.0
[NH3+][C@H](CO)C(=O)[O-]>>C=C([NH3+])C(=O)[O-].O	1.0
[NH3+][C@H](CO)CO[C@@H]1O[C@H](CO)[C@@H](O[C@@H]2O[C@H](CO)[C@H](O[C@H]3O[C@H](CO)[C@H](O)[C@H](O)[C@H]3O)[C@H](O)[C@H]2O)[C@H](O)[C@H]1O.O=C[O-]>>O=CN[C@H](CO)CO[C@@H]1O[C@H](CO)[C@@H](O[C@@H]2O[C@H](CO)[C@H](O[C@H]3O[C@H](CO)[C@H](O)[C@H](O)[C@H]3O)[C@H](O)[C@H]2O)[C@H](O)[C@H]1O.O	1.0
[NH3+][C@H]1C(O)O[C@H](CO)[C@@H](O)[C@@H]1O.O=S(=O)([O-])[O-]>>O=S(=O)([O-])N[C@H]1C(O)O[C@H](CO)[C@@H](O)[C@@H]1O.O	1.0
[NH3+][C@H]1[C@@H](O[C@H]2[C@H](O)[C@@H](O)[C@H]([NH3+])C[C@@H]2[NH3+])O[C@H](C=O)[C@@H](O)[C@@H]1O.OO>>[NH3+][C@H]1[C@@H](O[C@H]2[C@H](O)[C@@H](O)[C@H]([NH3+])C[C@@H]2[NH3+])O[C@H](CO)[C@@H](O)[C@@H]1O.O=O	1.0
[O-][As](O)O.[Cu+2].O>>O=[As]([O-])([O-])O.[Cu+].[H+]	1.0
[O-][Cl+][O-]>>[Cl-].O=O	1.0
[O-][S+](/C=[CH:8]/[NH:18][C:11]([CH3:6])=[O:20])C1=[C:15]([C:17](=[O:1])[O-:1])[N:19]2[C@H:13]([CH2:10]1)[C@@H:12]([CH2:7][CH3:5])[C:16]2=[O:21].[O:2]=[C:25]([O-:2])[CH2:23][CH2:24][C:26](=[O:3])[O-:3].[O:4]=[C:27]=[O:4]>>[O:1]=[C:17]([O-:1])[C:15]1=[C:14]([S:22]/[CH:9]=[CH:8]/[NH:18][C:11]([CH3:6])=[O:20])[CH2:10][C@@H:13]2[C@@H:12]([CH2:7][CH3:5])[C:16](=[O:21])[N:19]21.[O:2]=[C:25]([CH2:23][CH2:24][C:26](=[O:3])[O-:3])[C:27](=[O:4])[O-:4].[O:2]=[O:28]	0.3834586441516876
[O:1]=[C:10]([O-:1])[CH2:6][C:8]([CH2:5][CH:7]1[CH2:3][CH2:4][CH:9]=[N+:11]1[CH3:2])=[O:12].[OH2:13]>>[O:1]=[C:10]([O-:1])[CH2:6][C:8]([CH2:5][CH:7]1[CH2:3][CH2:4][CH:9]([OH:13])[NH+:11]1[CH3:2])=[O:12]	0.0803571417927742
[O:1]=[C:11]1[C@@H:9]([NH:12][C:10]([CH2:7][C:8]([CH2:4][CH2:3][CH3:2])=[O:14])=[O:15])[CH2:5][CH2:6][O:13]1.[OH2:1]>>[O:1]=[C:11]([O-:1])[C@H:9]([CH2:5][CH2:6][OH:13])[NH:12][C:10]([CH2:7][C:8]([CH2:4][CH2:3][CH3:2])=[O:14])=[O:15]	0.1066666692495346
[O:1]=[C:12]([O-:1])[C@@:6]1([OH:17])[CH2:2][C@H:5]([OH:16])[C@@H:9]([NH:13][C:8]([CH2:4][OH:15])=[O:19])[C@H:11]([C@@H:10]([C@@H:7]([CH2:3][OH:14])[OH:18])[OH:20])[O:21]1>>[O:1]=[C:12]([O-:1])[C:6]([CH2:2][C@@H:5]([C@H:9]([C@H:11]([C@@H:10]([C@@H:7]([CH2:3][OH:14])[OH:18])[OH:20])[OH:21])[NH:13][C:8]([CH2:4][OH:15])=[O:19])[OH:16])=[O:17]	0.5546218752861023
[O:1]=[C:141]([O-:1])[C@@:143]1([O:169][CH2:106][C@@H:117]2[C@@H:137]([O:180][P:182](=[O:3])([O-:3])[O-:3])[C@H:126]([NH:146][C:119]([CH2:97][C@@H:108]([CH2:90][CH2:85][CH2:78][CH2:71][CH2:64][CH2:59][CH2:51][CH2:46][CH2:39][CH2:32][CH2:25][CH2:18][CH3:11])[O:170][C:122]([CH2:93][CH2:86][CH2:79][CH2:72][CH2:65][CH2:60][CH2:55][CH2:52][CH2:47][CH2:42][CH2:35][CH2:28][CH2:21][CH2:14][CH3:7])=[O:159])=[O:156])[C@@H:128]([NH:148][C:121]([CH2:99][C@@H:110]([CH2:92][CH2:84][CH2:77][CH2:69][CH2:41][CH2:34][CH2:27][CH2:20][CH3:13])[O:172][C:124]([CH2:95][CH2:88][CH2:81][CH2:74][CH2:67][CH2:62][CH2:57][CH2:54][CH2:49][CH2:44][CH2:37][CH2:30][CH2:23][CH2:16][CH3:9])=[O:161])=[O:158])[C@H:138]([O:168][CH2:105][C@@H:116]3[C@@H:129]([OH:162])[C@H:125]([NH:145][C:118]([CH2:96][C@@H:107]([CH2:89][CH2:82][CH2:75][CH2:70][CH2:63][CH2:58][CH2:50][CH2:45][CH2:38][CH2:31][CH2:24][CH2:17][CH3:10])[OH:152])=[O:155])[C@@H:127]([NH:147][C:120]([CH2:98][C@@H:109]([CH2:91][CH2:83][CH2:76][CH2:68][CH2:40][CH2:33][CH2:26][CH2:19][CH3:12])[O:171][C:123]([CH2:94][CH2:87][CH2:80][CH2:73][CH2:66][CH2:61][CH2:56][CH2:53][CH2:48][CH2:43][CH2:36][CH2:29][CH2:22][CH2:15][CH3:8])=[O:160])=[O:157])[C@@H:139]([O:181][P:183](=[O:4])([O-:4])[O-:4])[O:175]3)[O:176]2)[CH2:101][C@@H:114]([O:177][C@:144]2([C:142](=[O:2])[O-:2])[CH2:100][C@@H:113]([OH:173])[C@@H:131]([OH:164])[C@@H:135]([C@@H:111]([CH2:102][OH:149])[OH:153])[O:179]2)[C@@H:132]([OH:165])[C@@H:136]([C@@H:112]([CH2:103][OH:150])[OH:154])[O:178]1.[O:5]=[P:203]([O-:5])([O:199][C@@H:140]1[C@H:134]([OH:167])[C@@H:133]([OH:166])[C@H:130]([OH:163])[C@@H:115]([CH2:104][OH:151])[O:174]1)[O:202][P:204](=[O:6])([O-:6])[O:200][CH2:186][C@@H:187]1[C@@H:189]([OH:196])[C@@H:190]([OH:197])[C@H:191]([n:194]2[cH:185][cH:184][c:188](=[O:195])[nH:193][c:192]2=[O:198])[O:201]1>>[O:1]=[C:141]([O-:1])[C@@:143]1([O:169][CH2:106][C@@H:117]2[C@@H:137]([O:180][P:182](=[O:3])([O-:3])[O-:3])[C@H:126]([NH:146][C:119]([CH2:97][C@@H:108]([CH2:90][CH2:85][CH2:78][CH2:71][CH2:64][CH2:59][CH2:51][CH2:46][CH2:39][CH2:32][CH2:25][CH2:18][CH3:11])[O:170][C:122]([CH2:93][CH2:86][CH2:79][CH2:72][CH2:65][CH2:60][CH2:55][CH2:52][CH2:47][CH2:42][CH2:35][CH2:28][CH2:21][CH2:14][CH3:7])=[O:159])=[O:156])[C@@H:128]([NH:148][C:121]([CH2:99][C@@H:110]([CH2:92][CH2:84][CH2:77][CH2:69][CH2:41][CH2:34][CH2:27][CH2:20][CH3:13])[O:172][C:124]([CH2:95][CH2:88][CH2:81][CH2:74][CH2:67][CH2:62][CH2:57][CH2:54][CH2:49][CH2:44][CH2:37][CH2:30][CH2:23][CH2:16][CH3:9])=[O:161])=[O:158])[C@H:138]([O:168][CH2:105][C@@H:116]3[C@@H:129]([OH:162])[C@H:125]([NH:145][C:118]([CH2:96][C@@H:107]([CH2:89][CH2:82][CH2:75][CH2:70][CH2:63][CH2:58][CH2:50][CH2:45][CH2:38][CH2:31][CH2:24][CH2:17][CH3:10])[OH:152])=[O:155])[C@@H:127]([NH:147][C:120]([CH2:98][C@@H:109]([CH2:91][CH2:83][CH2:76][CH2:68][CH2:40][CH2:33][CH2:26][CH2:19][CH3:12])[O:171][C:123]([CH2:94][CH2:87][CH2:80][CH2:73][CH2:66][CH2:61][CH2:56][CH2:53][CH2:48][CH2:43][CH2:36][CH2:29][CH2:22][CH2:15][CH3:8])=[O:160])=[O:157])[C@@H:139]([O:181][P:183](=[O:4])([O-:4])[O-:4])[O:175]3)[O:176]2)[CH2:101][C@@H:114]([O:177][C@:144]2([C:142](=[O:2])[O-:2])[CH2:100][C@@H:113]([O:173][C@H:140]3[C@H:134]([OH:167])[C@@H:133]([OH:166])[C@H:130]([OH:163])[C@@H:115]([CH2:104][OH:151])[O:174]3)[C@@H:131]([OH:164])[C@@H:135]([C@@H:111]([CH2:102][OH:149])[OH:153])[O:179]2)[C@@H:132]([OH:165])[C@@H:136]([C@@H:112]([CH2:103][OH:150])[OH:154])[O:178]1.[O:5]=[P:203]([O-:5])([O-:199])[O:202][P:204](=[O:6])([O-:6])[O:200][CH2:186][C@@H:187]1[C@@H:189]([OH:196])[C@@H:190]([OH:197])[C@H:191]([n:194]2[cH:185][cH:184][c:188](=[O:195])[nH:193][c:192]2=[O:198])[O:201]1	0.07623318582773209
[O:1]=[C:16]([O-:1])[C@H:8]([CH2:3][CH2:4][S:26][CH2:5][C@@H:9]1[C@@H:11]([OH:23])[C@@H:12]([OH:24])[C@H:15]([n:22]2[cH:7][n:21][c:10]3[c:13]([NH2:18])[n:19][cH:6][n:20][c:14]32)[O:25]1)[NH3+:17].[CH3:2][O:43][c:33]1[cH:30][c:34]([OH:44])[c:38]2[c:37]([cH:31]1)[o:50][c:41](-[c:32]1[cH:28][c:35]([OH:45])[c:39]([OH:47])[c:36]([OH:46])[cH:29]1)[c:42]([O:49][CH3:27])[c:40]2=[O:48]>>[O:1]=[C:16]([O-:1])[C@H:8]([CH2:3][CH2:4][S+:26]([CH3:2])[CH2:5][C@@H:9]1[C@@H:11]([OH:23])[C@@H:12]([OH:24])[C@H:15]([n:22]2[cH:7][n:21][c:10]3[c:13]([NH2:18])[n:19][cH:6][n:20][c:14]32)[O:25]1)[NH3+:17].[CH3:27][O:49][c:42]1[c:40](=[O:48])[c:38]2[c:34]([OH:44])[cH:30][c:33]([OH:43])[cH:31][c:37]2[o:50][c:41]1-[c:32]1[cH:28][c:35]([OH:45])[c:39]([OH:47])[c:36]([OH:46])[cH:29]1	0.4555555582046509
[O:1]=[C:16]([O-:1])[C@H:8]([CH2:3][CH2:4][S:26][CH2:5][C@@H:9]1[C@@H:11]([OH:23])[C@@H:12]([OH:24])[C@H:15]([n:22]2[cH:7][n:21][c:10]3[c:13]([NH2:18])[n:19][cH:6][n:20][c:14]32)[O:25]1)[NH3+:17].[CH3:2][O:45][c:35]1[cH:31][c:36]2[c:37]([c:38](=[O:46])[c:40]([O-:48])[c:41](-[c:32]3[cH:28][cH:29][c:33]([OH:43])[c:34]([OH:44])[cH:30]3)[o:50]2)[c:39]([OH:47])[c:42]1[O:49][CH3:27]>>[O:1]=[C:16]([O-:1])[C@H:8]([CH2:3][CH2:4][S+:26]([CH3:2])[CH2:5][C@@H:9]1[C@@H:11]([OH:23])[C@@H:12]([OH:24])[C@H:15]([n:22]2[cH:7][n:21][c:10]3[c:13]([NH2:18])[n:19][cH:6][n:20][c:14]32)[O:25]1)[NH3+:17].[CH3:27][O:49][c:42]1[c:35]([OH:45])[cH:31][c:36]2[c:37]([c:38](=[O:46])[c:40]([O-:48])[c:41](-[c:32]3[cH:28][cH:29][c:33]([OH:43])[c:34]([OH:44])[cH:30]3)[o:50]2)[c:39]1[OH:47]	0.483146071434021
[O:1]=[C:17]([O-:1])[C@H:9]([CH2:4][CH2:5][S:27][CH2:6][C@@H:10]1[C@@H:12]([OH:24])[C@@H:13]([OH:25])[C@H:16]([n:23]2[cH:8][n:22][c:11]3[c:14]([NH2:19])[n:20][cH:7][n:21][c:15]32)[O:26]1)[NH3+:18].[O:2]=[C:34]([O-:2])[c:30]1[cH:28][cH:29][c:31]([O:36][CH3:3])[c:32]([NH2:35])[c:33]1[OH:37]>>[O:1]=[C:17]([O-:1])[C@H:9]([CH2:4][CH2:5][S+:27]([CH3:3])[CH2:6][C@@H:10]1[C@@H:12]([OH:24])[C@@H:13]([OH:25])[C@H:16]([n:23]2[cH:8][n:22][c:11]3[c:14]([NH2:19])[n:20][cH:7][n:21][c:15]32)[O:26]1)[NH3+:18].[O:2]=[C:34]([O-:2])[c:30]1[cH:28][cH:29][c:31]([OH:36])[c:32]([NH2:35])[c:33]1[OH:37]	0.4395604431629181
[O:1]=[C:17]1[O:1][C:7]([CH3:2])([OH:18])[CH2:5][C:8]2=[C:11]1[C:16](=[O:21])[c:12]1[c:9]([O:22][CH3:3])[cH:6][c:10]([O:23][CH3:4])[c:15]([OH:20])[c:13]1[C:14]2=[O:19]>>[O:1]=[C:17]([O-:1])[C:11]1=[C:8]([CH2:5][C:7]([CH3:2])=[O:18])[C:14](=[O:19])[c:13]2[c:12]([c:9]([O:22][CH3:3])[cH:6][c:10]([O:23][CH3:4])[c:15]2[OH:20])[C:16]1=[O:21]	0.07216494530439377
[O:1]=[C:18]([O-:1])[C@@H:19]([CH3:2])[CH2:7][CH2:6][CH2:8][C@@H:20]([CH3:3])[C@H:24]1[CH2:11][CH2:12][C@H:25]2[C@@H:23]3[CH2:10][CH:9]=[C:21]4[CH2:17][C@@H:22]([OH:29])[CH2:13][CH2:15][C@:27]4([CH3:4])[C@H:26]3[CH2:14][CH2:16][C@:28]12[CH3:5].[OH2:30]>>[O:1]=[CH:18][C@@H:19]([CH3:2])[CH2:7][CH2:6][CH2:8][C@@H:20]([CH3:3])[C@H:24]1[CH2:11][CH2:12][C@H:25]2[C@@H:23]3[CH2:10][CH:9]=[C:21]4[CH2:17][C@@H:22]([OH:29])[CH2:13][CH2:15][C@:27]4([CH3:4])[C@H:26]3[CH2:14][CH2:16][C@:28]12[CH3:5].[O:1]=[O:30]	0.1538461595773697
[O:1]=[C:19]([O-:1])[C@H:16]([C@H:15]([CH2:8][CH2:6][CH2:7][C@H:14]([CH2:9][CH:13]1[CH2:10][N:30]([C:22]([NH2:26])=[O:33])[C:21](=[NH:25])[NH:28]1)[OH:31])[NH3+:23])[NH3+:24].[O:2]=[C:20]([O-:2])[C@H:17]([CH:11]([CH3:3])[CH3:4])[NH:29][C:18]([C@H:12]([CH3:5])[NH3+:27])=[O:32]>>[O:1]=[C:19]([C@H:16]([C@H:15]([CH2:8][CH2:6][CH2:7][C@H:14]([CH2:9][CH:13]1[CH2:10][N:30]([C:22]([NH2:26])=[O:33])[C:21](=[NH:25])[NH:28]1)[OH:31])[NH3+:23])[NH2:24])[NH:27][C@@H:12]([CH3:5])[C:18]([NH:29][C@@H:17]([CH:11]([CH3:3])[CH3:4])[C:20](=[O:2])[O-:2])=[O:32].[OH2:1]	0.07563025504350662
[O:1]=[C:19]([O-:1])[C@H:18]([C@@H:13]([CH3:4])[CH2:6][CH3:3])[NH:20][C:17]([CH2:12][C@H:14]1[CH2:10][CH2:11][C:16](=[O:21])[C@H:15]1[CH2:9]/[CH:8]=[CH:7]\[CH2:5][CH3:2])=[O:22]>>[O:1]=[C:19]([O-:1])[C@H:18]([C@@H:13]([CH3:4])[CH2:6][CH3:3])[NH:20][C:17]([CH2:12][C@H:14]1[CH2:10][CH2:11][C:16](=[O:21])[C@@H:15]1[CH2:9]/[CH:8]=[CH:7]\[CH2:5][CH3:2])=[O:22]	0.07207207381725311
[O:1]=[C:19]([O-:1])[CH2:10][NH:24][C:20]([C@H:17]([CH2:12][SH:28])[NH:25][C:18]([CH2:8][CH2:7][C@@H:15]([C:21](=[O:2])[O-:2])[NH3+:22])=[O:26])=[O:27].[cH:3]1[cH:4][cH:6][c:16]2[c:14]([cH:5]1)[c:13]([CH2:11][OH:29])[cH:9][nH:23]2>>[O:1]=[C:19]([O-:1])[CH2:10][NH:24][C:20]([C@H:17]([CH2:12][S:28][CH2:11][c:13]1[cH:9][nH:23][c:16]2[cH:6][cH:4][cH:3][cH:5][c:14]12)[NH:25][C:18]([CH2:8][CH2:7][C@@H:15]([C:21](=[O:2])[O-:2])[NH3+:22])=[O:26])=[O:27].[OH2:29]	0.07352941483259201
[O:1]=[C:20]([O-:1])[CH2:12][CH2:9][CH2:6]/[CH:5]=[CH:8]\[CH2:11][C@H:17]1[C@@H:18]2[CH2:15][C@@H:21]([O:23]2)[O:25][C@@H:19]1/[CH:14]=[CH:13]/[C@H:16]([CH2:10][CH2:7][CH2:4][CH2:3][CH3:2])[OH:22].[OH2:24]>>[O:1]=[C:20]([O-:1])[CH2:12][CH2:9][CH2:6]/[CH:5]=[CH:8]\[CH2:11][C@H:17]1[C@@H:18]([OH:23])[CH2:15][CH:21]([OH:24])[O:25][C@@H:19]1/[CH:14]=[CH:13]/[C@H:16]([CH2:10][CH2:7][CH2:4][CH2:3][CH3:2])[OH:22]	1.0
[O:1]=[C:21]([O-:1])[CH2:12][CH2:9][CH2:6]/[CH:5]=[CH:20]\[CH2:16][C:14]1=[C:17](/[CH:13]=[CH:15]/[C@H:18]([CH2:10][CH2:7][CH2:4][CH2:3][CH3:2])[OH:22])[CH2:19][CH2:11][C:8]1=[O:23]>>[O:1]=[C:21]([O-:1])[CH2:12][CH2:9][CH2:6]/[CH:5]=[CH:8]\[CH2:11][C@@H:19]1[C@@H:17](/[CH:13]=[CH:15]/[C@H:18]([CH2:10][CH2:7][CH2:4][CH2:3][CH3:2])[OH:22])[CH:14]=[CH:16][C:20]1=[O:23]	0.3173076808452606
[O:1]=[C:21]([O-:1])[CH2:18][CH2:17][CH2:16][CH2:15][CH2:14][CH2:13][CH2:12]/[CH:11]=[CH:10]\[CH2:9][CH2:8][CH2:7][CH2:6][CH2:5][CH2:4][CH2:3][CH3:2].[CH2:19]([CH2:20][OH:23])[NH3+:22]>>[O:1]=[C:21]([CH2:18][CH2:17][CH2:16][CH2:15][CH2:14][CH2:13][CH2:12]/[CH:11]=[CH:10]\[CH2:9][CH2:8][CH2:7][CH2:6][CH2:5][CH2:4][CH2:3][CH3:2])[NH:22][CH2:19][CH2:20][OH:23].[OH2:1]	1.0
[O:1]=[C:21]([O-:1])[CH2:19][CH2:16][CH2:18][C@@H:20](/[CH:17]=[CH:15]/[CH:14]=[CH:13]\[CH2:12]/[CH:11]=[CH:10]\[CH:9]=[CH:8]\[C@H:7]([CH2:6][CH2:5][CH2:4][CH2:3][CH3:2])[OH:24])[OH:22].[OH2:23]>>[O:1]=[C:21]([O-:1])[CH2:19][CH2:16][CH2:18][C@@H:20](/[CH:17]=[CH:15]/[CH:14]=[CH:13]\[CH2:12]/[CH:11]=[CH:10]\[CH2:9]/[CH:8]=[CH:7]\[CH2:6][CH2:5][CH2:4][CH2:3][CH3:2])[OH:22].[O:23]=[O:24]	0.3580246865749359
[O:1]=[C:23]([O-:1])[CH2:20][CH2:15]/[CH:10]=[CH:14]\[CH2:19]/[CH:22]=[CH:18]\[CH:13]=[CH:9]\[CH:8]=[CH:12]\[C@H:17]1[C@H:21]([CH2:16]/[CH:11]=[CH:7]\[CH2:6]/[CH:5]=[CH:4]\[CH2:3][CH3:2])[O:24]1.[OH2:25]>>[O:1]=[C:23]([O-:1])[CH2:20][CH2:15]/[CH:10]=[CH:14]\[CH2:19][C@H:22](/[CH:18]=[CH:13]/[CH:9]=[CH:8]/[CH:12]=[CH:17]\[C@H:21]([CH2:16]/[CH:11]=[CH:7]\[CH2:6]/[CH:5]=[CH:4]\[CH2:3][CH3:2])[OH:24])[OH:25]	0.0833333358168602
[O:1]=[C:24]([O-:1])[CH2:20][CH2:19][CH2:18]/[CH:17]=[CH:16]\[CH2:15]/[CH:14]=[CH:13]\[CH2:12]/[CH:11]=[CH:10]\[CH2:9]/[CH:8]=[CH:7]\[CH2:6][CH2:5][CH2:4][CH2:3][CH3:2].[CH2:21]([CH:23]([CH2:22][OH:26])[OH:27])[OH:25]>>[O:1]=[C:24]([CH2:20][CH2:19][CH2:18]/[CH:17]=[CH:16]\[CH2:15]/[CH:14]=[CH:13]\[CH2:12]/[CH:11]=[CH:10]\[CH2:9]/[CH:8]=[CH:7]\[CH2:6][CH2:5][CH2:4][CH2:3][CH3:2])[O:27][CH:23]([CH2:21][OH:25])[CH2:22][OH:26].[OH2:1]	0.06756756454706192
[O:1]=[C:34]([O-:1])[C@H:26]([CH2:21][CH2:22][S:44][CH2:23][C@@H:27]1[C@@H:29]([OH:41])[C@@H:30]([OH:42])[C@H:33]([n:40]2[cH:25][n:39][c:28]3[c:31]([NH2:36])[n:37][cH:24][n:38][c:32]32)[O:43]1)[NH3+:35].[CH3:2][CH:8]([CH3:3])[c:13]1[c:10]2[cH:5][c:9]([CH3:4])[cH:6][c:12]3[c:14]2[c:11]([c:15]([OH:17])[c:16]1[O:18][CH3:20])[CH2:7][O:19]3>>[O:1]=[C:34]([O-:1])[C@H:26]([CH2:21][CH2:22][S+:44]([CH3:20])[CH2:23][C@@H:27]1[C@@H:29]([OH:41])[C@@H:30]([OH:42])[C@H:33]([n:40]2[cH:25][n:39][c:28]3[c:31]([NH2:36])[n:37][cH:24][n:38][c:32]32)[O:43]1)[NH3+:35].[CH3:2][CH:8]([CH3:3])[c:13]1[c:10]2[cH:5][c:9]([CH3:4])[cH:6][c:12]3[c:14]2[c:11]([c:15]([OH:17])[c:16]1[OH:18])[CH2:7][O:19]3	0.410526305437088
[O:1]=[C:41]1[C@@H:20]([NH:45][C:39]([c:17]2[cH:5][c:14]([C@H:36]3[C@H:34]([OH:60])[C@@H:32]([OH:58])[C@H:30]([OH:56])[C@@H:25]([CH2:10][OH:48])[O:69]3)[cH:7][c:23]([OH:51])[c:28]2[OH:54])=[O:63])[CH2:12][O:67][C:43](=[O:66])[C@@H:21]([NH:46][C:40]([c:18]2[cH:6][c:15]([C@H:37]3[C@H:35]([OH:61])[C@@H:33]([OH:59])[C@H:31]([OH:57])[C@@H:26]([CH2:11][OH:49])[O:70]3)[cH:8][c:24]([OH:52])[c:29]2[OH:55])=[O:64])[CH2:13][O:68][C:42](=[O:65])[C@@H:19]([NH:44][C:38]([c:16]2[cH:3][cH:2][cH:4][c:22]([OH:50])[c:27]2[OH:53])=[O:62])[CH2:9][O:47]1.[OH2:1]>>[O:1]=[C:41]([O-:1])[C@H:20]([CH2:12][O:67][C:43]([C@H:21]([CH2:13][O:68][C:42]([C@H:19]([CH2:9][OH:47])[NH:44][C:38]([c:16]1[cH:3][cH:2][cH:4][c:22]([OH:50])[c:27]1[OH:53])=[O:62])=[O:65])[NH:46][C:40]([c:18]1[cH:6][c:15]([C@H:37]2[C@H:35]([OH:61])[C@@H:33]([OH:59])[C@H:31]([OH:57])[C@@H:26]([CH2:11][OH:49])[O:70]2)[cH:8][c:24]([OH:52])[c:29]1[OH:55])=[O:64])=[O:66])[NH:45][C:39]([c:17]1[cH:5][c:14]([C@H:36]2[C@H:34]([OH:60])[C@@H:32]([OH:58])[C@H:30]([OH:56])[C@@H:25]([CH2:10][OH:48])[O:69]2)[cH:7][c:23]([OH:51])[c:28]1[OH:54])=[O:63]	0.8877550959587097
[O:1]=[C:43]([CH2:14][CH2:13][C:42]([NH:62][c:35]1[cH:21][c:30]2[cH:22][c:40]([OH:80])[c:41]([OH:81])[cH:23][c:39]2[n+:73]2[c:46]1[NH:59][CH2:18][CH2:15][C@H:38]2[C:53]([NH:68][C@@H:37]([CH2:25][OH:75])[C:52]([NH:65][C@@H:32]([CH2:10][CH2:6][CH2:17][NH:61][C:56]([NH2:57])=[NH2+:58])[C:49]([NH:67][C@@H:36]([CH2:24][OH:74])[C:51]([NH:66][C@@H:33]([CH2:11][CH2:7][CH2:19][N:71]([CH:26]=[O:76])[OH:92])[C:48]([NH:63][C@H:31]1[CH2:9][CH2:4][CH2:5][CH2:16][NH:60][C:54](=[O:90])[C@H:44]([CH:28]([CH3:2])[OH:78])[NH:70][C:55](=[O:91])[C@H:45]([CH:29]([CH3:3])[OH:79])[NH:69][C:50](=[O:86])[C@H:34]([CH2:12][CH2:8][CH2:20][N:72]([CH:27]=[O:77])[OH:93])[NH:64][C:47]1=[O:83])=[O:84])=[O:87])=[O:85])=[O:88])=[O:89])=[O:82])[NH2:94].[OH2:1]>>[O:1]=[C:43]([O-:1])[CH2:14][CH2:13][C:42]([NH:62][c:35]1[cH:21][c:30]2[cH:22][c:40]([OH:80])[c:41]([OH:81])[cH:23][c:39]2[n+:73]2[c:46]1[NH:59][CH2:18][CH2:15][C@H:38]2[C:53]([NH:68][C@@H:37]([CH2:25][OH:75])[C:52]([NH:65][C@@H:32]([CH2:10][CH2:6][CH2:17][NH:61][C:56]([NH2:57])=[NH2+:58])[C:49]([NH:67][C@@H:36]([CH2:24][OH:74])[C:51]([NH:66][C@@H:33]([CH2:11][CH2:7][CH2:19][N:71]([CH:26]=[O:76])[OH:92])[C:48]([NH:63][C@H:31]1[CH2:9][CH2:4][CH2:5][CH2:16][NH:60][C:54](=[O:90])[C@H:44]([CH:28]([CH3:2])[OH:78])[NH:70][C:55](=[O:91])[C@H:45]([C@@H:29]([CH3:3])[OH:79])[NH:69][C:50](=[O:86])[C@H:34]([CH2:12][CH2:8][CH2:20][N:72]([CH:27]=[O:77])[OH:93])[NH:64][C:47]1=[O:83])=[O:84])=[O:87])=[O:85])=[O:88])=[O:89])=[O:82].[NH4+:94]	0.0793650820851326
[O:1]=[C:5]([CH2:3][CH2:4][NH3+:6])[NH:14][C@@H:12]([CH2:8][c:11]1[cH:9][n:15][cH:10][n:16]1[CH3:7])[C:13](=[O:2])[O-:2].[OH2:1]>>[O:2]=[C:13]([O-:2])[C@H:12]([CH2:8][c:11]1[cH:9][n:15][cH:10][n:16]1[CH3:7])[NH3+:14].[O:1]=[C:5]([O-:1])[CH2:3][CH2:4][NH3+:6]	0.1204819306731224
[O:1]=[C:5]([O-:1])[C:4](=[CH2:3])[O:6][C@H:10]1[CH:8]=[CH:7][CH:9]=[C:11]([C:13](=[O:2])[O-:2])[C@@H:12]1[NH3+:14]>>[O:2]=[C:13]([O-:2])[c:11]1[cH:9][cH:7][cH:8][cH:10][c:12]1[NH2:14].[O:1]=[C:5]([O-:1])[C:4]([CH3:3])=[O:6]	0.09701492637395859
[O:1]=[C:5]([O-:1])[C@@H:6]([C:4]([CH3:2])([CH3:3])[OH:7])[OH:8]>>[O:1]=[C:5]([O-:1])[C@:6]([CH3:3])([C:4]([CH3:2])=[O:7])[OH:8]	0.3239436745643616
[O:1]=[C:6]([O-:1])[CH2:4][CH:5]([C:7]([C:9](=[O:3])[O-:3])=[O:10])[C:8](=[O:2])[O-:2]>>[O:1]=[C:6]([O-:1])[CH2:4][C@@H:5]([C@H:7]([C:9](=[O:3])[O-:3])[OH:10])[C:8](=[O:2])[O-:2]	0.09482758492231369
[O:1]=[C:7]([O-:1])[CH2:5][CH2:6][C:8](=[O:2])[O-:2].[O:4]=[P:11]([O-:4])([OH:4])[CH2:10][OH:12].[O:3]=[C:9]=[O:3]>>[O:1]=[C:7]([CH2:5][CH2:6][C:8](=[O:2])[O-:2])[C:9](=[O:3])[O-:3].[O:4]=[P:11]([O-:4])([OH:4])[CH3:10].[O:1]=[O:12]	0.35555556416511536
[O:1]=[C:8]([O-:1])[C@@H:13]1[C@@H:17]([OH:27])[C@H:18]([OH:28])[C@@H:16]([NH:22][C:11]([CH3:5])=[O:25])[C@@H:20]([O:34][P:37](=[O:3])([O-:3])[O:35][P:36](=[O:2])([O-:2])[O:31][CH2:9][C@@H:14]2[C@@H:12]([OH:26])[CH2:6][C@H:15]([n:24]3[cH:7][c:10]([CH3:4])[c:19](=[O:29])[nH:23][c:21]3=[O:30])[O:32]2)[O:33]1>>[OH:1][CH2:8][C@@H:13]1[C@H:17]([OH:27])[C@H:18]([OH:28])[C@@H:16]([NH:22][C:11]([CH3:5])=[O:25])[C@@H:20]([O:34][P:37](=[O:3])([O-:3])[O:35][P:36](=[O:2])([O-:2])[O:31][CH2:9][C@@H:14]2[C@@H:12]([OH:26])[CH2:6][C@H:15]([n:24]3[cH:7][c:10]([CH3:4])[c:19](=[O:29])[nH:23][c:21]3=[O:30])[O:32]2)[O:33]1.[OH2:1]	0.1034482792019844
[O:1]=[C:8]([O-:1])[CH2:6][CH2:4][CH2:2][CH2:3][CH2:5][CH2:7][SH:10].[OH2:9]>>[O:1]=[CH:7][CH2:5][CH2:3][CH2:2][CH2:4][CH2:6][C:8](=[O:1])[O-:9].[SH2:10]	0.10126582533121109
[O:1]=[C:8]([O-:1])[c:5]1[cH:3][cH:2][cH:4][c:6]([OH:10])[c:7]1[NH2:9]>>[O:1]=[C:8]([O-:1])[C:5]1=[CH:3][CH:2]=[CH:4][C@H:6]([OH:10])[C@H:7]1[NH3+:9]	0.3140496015548706
[O:1]=[C:92]([O-:1])[C@H:79]([CH2:54][CH2:22][CH2:23][CH2:58][NH3+:96])[NH:102][C:82]([CH2:56][CH2:55][C@H:78]([C:89]([NH2:97])=[O:111])[NH:103][C:90]([C@H:73]([CH3:17])[NH:98][C:91]([C@@H:75]([CH3:19])[O:115][C@@H:88]1[C@@H:84]([NH:101][C:77]([CH3:21])=[O:107])[C@@H:95]([O:119][P:122](=[O:4])([O-:4])[O:120][P:121](=[O:3])([O-:3])[O:114][CH2:59]/[CH:57]=[C:72](\[CH3:16])[CH2:53][CH2:33]/[CH:52]=[C:71](\[CH3:15])[CH2:51][CH2:32]/[CH:50]=[C:70](\[CH3:14])[CH2:49][CH2:31]/[CH:48]=[C:69](\[CH3:13])[CH2:47][CH2:30]/[CH:46]=[C:68](\[CH3:12])[CH2:45][CH2:29]/[CH:44]=[C:67](\[CH3:11])[CH2:43][CH2:28]/[CH:42]=[C:66](\[CH3:10])[CH2:41][CH2:27]/[CH:40]=[C:65](\[CH3:9])[CH2:39][CH2:26]/[CH:38]=[C:64](/[CH3:8])[CH2:37][CH2:25]/[CH:36]=[C:63](/[CH3:7])[CH2:35][CH2:24][CH:34]=[C:62]([CH3:5])[CH3:6])[O:117][C@H:81]([CH2:61][OH:105])[C@H:87]1[O:118][C@H:94]1[C@H:83]([NH:100][C:76]([CH3:20])=[O:106])[C@@H:86]([OH:110])[C@H:85]([OH:109])[C@@H:80]([CH2:60][OH:104])[O:116]1)=[O:113])=[O:112])=[O:108].[O:2]=[C:93]([O-:2])[C@@H:74]([CH3:18])[NH3+:99]>>[O:1]=[C:92]([C@H:79]([CH2:54][CH2:22][CH2:23][CH2:58][NH3+:96])[NH:102][C:82]([CH2:56][CH2:55][C@H:78]([C:89]([NH2:97])=[O:111])[NH:103][C:90]([C@H:73]([CH3:17])[NH:98][C:91]([C@@H:75]([CH3:19])[O:115][C@@H:88]1[C@@H:84]([NH:101][C:77]([CH3:21])=[O:107])[C@@H:95]([O:119][P:122](=[O:4])([O-:4])[O:120][P:121](=[O:3])([O-:3])[O:114][CH2:59]/[CH:57]=[C:72](\[CH3:16])[CH2:53][CH2:33]/[CH:52]=[C:71](\[CH3:15])[CH2:51][CH2:32]/[CH:50]=[C:70](\[CH3:14])[CH2:49][CH2:31]/[CH:48]=[C:69](\[CH3:13])[CH2:47][CH2:30]/[CH:46]=[C:68](\[CH3:12])[CH2:45][CH2:29]/[CH:44]=[C:67](\[CH3:11])[CH2:43][CH2:28]/[CH:42]=[C:66](\[CH3:10])[CH2:41][CH2:27]/[CH:40]=[C:65](\[CH3:9])[CH2:39][CH2:26]/[CH:38]=[C:64](/[CH3:8])[CH2:37][CH2:25]/[CH:36]=[C:63](/[CH3:7])[CH2:35][CH2:24][CH:34]=[C:62]([CH3:5])[CH3:6])[O:117][C@H:81]([CH2:61][OH:105])[C@H:87]1[O:118][C@H:94]1[C@H:83]([NH:100][C:76]([CH3:20])=[O:106])[C@@H:86]([OH:110])[C@H:85]([OH:109])[C@@H:80]([CH2:60][OH:104])[O:116]1)=[O:113])=[O:112])=[O:108])[NH:99][C@H:74]([CH3:18])[C:93](=[O:2])[O-:2].[OH2:1]	0.08163265138864517
[O:1]=[C:9]([O-:1])[c:7]1[cH:4][c:6]([OH:10])[c:5]([CH3:2])[cH:3][c:8]1[OH:12].[O:11]=[O:13]>>[O:1]=[C:9]([O-:1])[C:7]([CH2:4][C:6](/[C:5]([CH3:2])=[CH:3]/[C:8]([O-:12])=[O:13])=[O:10])=[O:11]	0.35338345170021057
[O:1]=[CH:4][C@H:3]([CH3:2])[NH3+:5].[OH2:1]>>[O:1]=[C:4]([O-:1])[C@H:3]([CH3:2])[NH3+:5]	0.18840579688549042
[O:1]=[CH:7][C:6]1([OH:12])[CH:5]([OH:11])[CH:4]([OH:10])[CH:3]([OH:9])[CH2:2][O:8]1.[OH2:1]>>[O:1]=[C:7]([O-:1])[C:6]([C@H:5]([C@@H:4]([C@H:3]([CH2:2][OH:8])[OH:9])[OH:10])[OH:11])=[O:12]	0.12931033968925476
[O:1]=[P:101]([O-:1])([O:93][CH2:51]/[CH:50]=[C:64](\[CH3:16])[CH2:49][CH2:29]/[CH:48]=[C:63](\[CH3:15])[CH2:47][CH2:28]/[CH:46]=[C:62](\[CH3:14])[CH2:45][CH2:27]/[CH:44]=[C:61](\[CH3:13])[CH2:43][CH2:26]/[CH:42]=[C:60](\[CH3:12])[CH2:41][CH2:25]/[CH:40]=[C:59](\[CH3:11])[CH2:39][CH2:24]/[CH:38]=[C:58](\[CH3:10])[CH2:37][CH2:23]/[CH:36]=[C:57](\[CH3:9])[CH2:35][CH2:22]/[CH:34]=[C:56](/[CH3:8])[CH2:33][CH2:21]/[CH:32]=[C:55](/[CH3:7])[CH2:31][CH2:20][CH:30]=[C:54]([CH3:5])[CH3:6])[O:100][P:102](=[O:2])([O-:2])[O:99][C@@H:80]1[C@H:71]([NH:83][C:67]([CH3:19])=[O:87])[C@@H:78]([O:98][C@H:81]2[C@H:76]([OH:92])[C@H:75]([OH:91])[C@@H:77]([OH:97])[C@H:65]([CH3:17])[O:94]2)[C@H:73]([OH:89])[C@@H:69]([CH2:53][OH:85])[O:96]1.[O:3]=[P:122]([O-:3])([O:118][C@@H:79]1[C@H:70]([NH:82][C:66]([CH3:18])=[O:86])[C@@H:74]([OH:90])[C@@H:72]([OH:88])[C@@H:68]([CH2:52][OH:84])[O:95]1)[O:121][P:123](=[O:4])([O-:4])[O:119][CH2:105][C@@H:106]1[C@@H:108]([OH:115])[C@@H:109]([OH:116])[C@H:110]([n:113]2[cH:104][cH:103][c:107](=[O:114])[nH:112][c:111]2=[O:117])[O:120]1>>[O:1]=[P:101]([O-:1])([O:93][CH2:51]/[CH:50]=[C:64](\[CH3:16])[CH2:49][CH2:29]/[CH:48]=[C:63](\[CH3:15])[CH2:47][CH2:28]/[CH:46]=[C:62](\[CH3:14])[CH2:45][CH2:27]/[CH:44]=[C:61](\[CH3:13])[CH2:43][CH2:26]/[CH:42]=[C:60](\[CH3:12])[CH2:41][CH2:25]/[CH:40]=[C:59](\[CH3:11])[CH2:39][CH2:24]/[CH:38]=[C:58](\[CH3:10])[CH2:37][CH2:23]/[CH:36]=[C:57](\[CH3:9])[CH2:35][CH2:22]/[CH:34]=[C:56](/[CH3:8])[CH2:33][CH2:21]/[CH:32]=[C:55](/[CH3:7])[CH2:31][CH2:20][CH:30]=[C:54]([CH3:5])[CH3:6])[O:100][P:102](=[O:2])([O-:2])[O:99][C@@H:80]1[C@H:71]([NH:83][C:67]([CH3:19])=[O:87])[C@@H:78]([O:98][C@H:81]2[C@H:76]([OH:92])[C@H:75]([OH:91])[C@@H:77]([O:97][C@H:79]3[C@H:70]([NH:82][C:66]([CH3:18])=[O:86])[C@@H:74]([OH:90])[C@@H:72]([OH:88])[C@@H:68]([CH2:52][OH:84])[O:95]3)[C@H:65]([CH3:17])[O:94]2)[C@H:73]([OH:89])[C@@H:69]([CH2:53][OH:85])[O:96]1.[O:3]=[P:122]([O-:3])([O-:118])[O:121][P:123](=[O:4])([O-:4])[O:119][CH2:105][C@@H:106]1[C@@H:108]([OH:115])[C@@H:109]([OH:116])[C@H:110]([n:113]2[cH:104][cH:103][c:107](=[O:114])[nH:112][c:111]2=[O:117])[O:120]1	0.4453781545162201
[O:1]=[P:125]([O-:1])([O:113][CH2:58][C@@H:74]([CH2:59][O:114][P:126](=[O:2])([O-:2])[O:122][C@H:93]1[C@H:81]([NH:97][C:73]([CH3:21])=[O:104])[C@@H:90]([OH:120])[C@@H:83]([OH:107])[C@@H:76]([CH2:55][OH:99])[O:115]1)[OH:105])[O:121][C@@H:89]1[C@@H:78]([CH2:57][OH:101])[O:117][C@@H:91]([O:119][CH:88]2[C@@H:77]([CH2:56][OH:100])[O:118][C@H:92]([O:123][P:128](=[O:4])([O-:4])[O:124][P:127](=[O:3])([O-:3])[O:112][CH2:53]/[CH:52]=[C:70](\[CH3:18])[CH2:51][CH2:31]/[CH:50]=[C:69](\[CH3:17])[CH2:49][CH2:30]/[CH:48]=[C:68](\[CH3:16])[CH2:47][CH2:29]/[CH:46]=[C:67](\[CH3:15])[CH2:45][CH2:28]/[CH:44]=[C:66](\[CH3:14])[CH2:43][CH2:27]/[CH:42]=[C:65](\[CH3:13])[CH2:41][CH2:26]/[CH:40]=[C:64](\[CH3:12])[CH2:39][CH2:25]/[CH:38]=[C:63](\[CH3:11])[CH2:37][CH2:24]/[CH:36]=[C:62](/[CH3:10])[CH2:35][CH2:23]/[CH:34]=[C:61](/[CH3:9])[CH2:33][CH2:22][CH:32]=[C:60]([CH3:7])[CH3:8])[C@H:80]([NH:96][C:72]([CH3:20])=[O:103])[C@H:84]2[OH:108])[C@@H:79]([NH:95][C:71]([CH3:19])=[O:102])[C@H:85]1[OH:109].[O:5]=[P:148]([O-:5])([O:144][C@@H:94]1[C@H:87]([OH:111])[C@@H:86]([OH:110])[C@H:82]([OH:106])[C@@H:75]([CH2:54][OH:98])[O:116]1)[O:147][P:149](=[O:6])([O-:6])[O:145][CH2:131][C@@H:132]1[C@@H:134]([OH:141])[C@@H:135]([OH:142])[C@H:136]([n:139]2[cH:130][cH:129][c:133](=[O:140])[nH:138][c:137]2=[O:143])[O:146]1>>[O:1]=[P:125]([O-:1])([O:113][CH2:58][C@@H:74]([CH2:59][O:114][P:126](=[O:2])([O-:2])[O:122][C@H:93]1[C@H:81]([NH:97][C:73]([CH3:21])=[O:104])[C@@H:90]([O:120][C@H:94]2[C@H:87]([OH:111])[C@@H:86]([OH:110])[C@H:82]([OH:106])[C@@H:75]([CH2:54][OH:98])[O:116]2)[C@@H:83]([OH:107])[C@@H:76]([CH2:55][OH:99])[O:115]1)[OH:105])[O:121][C@@H:89]1[C@@H:78]([CH2:57][OH:101])[O:117][C@@H:91]([O:119][CH:88]2[C@@H:77]([CH2:56][OH:100])[O:118][C@H:92]([O:123][P:128](=[O:4])([O-:4])[O:124][P:127](=[O:3])([O-:3])[O:112][CH2:53]/[CH:52]=[C:70](\[CH3:18])[CH2:51][CH2:31]/[CH:50]=[C:69](\[CH3:17])[CH2:49][CH2:30]/[CH:48]=[C:68](\[CH3:16])[CH2:47][CH2:29]/[CH:46]=[C:67](\[CH3:15])[CH2:45][CH2:28]/[CH:44]=[C:66](\[CH3:14])[CH2:43][CH2:27]/[CH:42]=[C:65](\[CH3:13])[CH2:41][CH2:26]/[CH:40]=[C:64](\[CH3:12])[CH2:39][CH2:25]/[CH:38]=[C:63](\[CH3:11])[CH2:37][CH2:24]/[CH:36]=[C:62](/[CH3:10])[CH2:35][CH2:23]/[CH:34]=[C:61](/[CH3:9])[CH2:33][CH2:22][CH:32]=[C:60]([CH3:7])[CH3:8])[C@H:80]([NH:96][C:72]([CH3:20])=[O:103])[C@H:84]2[OH:108])[C@@H:79]([NH:95][C:71]([CH3:19])=[O:102])[C@H:85]1[OH:109].[O:5]=[P:148]([O-:5])([O-:144])[O:147][P:149](=[O:6])([O-:6])[O:145][CH2:131][C@@H:132]1[C@@H:134]([OH:141])[C@@H:135]([OH:142])[C@H:136]([n:139]2[cH:130][cH:129][c:133](=[O:140])[nH:138][c:137]2=[O:143])[O:146]1	0.08045977354049683
[O:1]=[P:132]([O-:1])([O:118][CH2:49]/[CH:48]=[C:66](\[CH3:16])[CH2:47][CH2:27]/[CH:46]=[C:65](\[CH3:15])[CH2:45][CH2:26]/[CH:44]=[C:64](\[CH3:14])[CH2:43][CH2:25]/[CH:42]=[C:63](\[CH3:13])[CH2:41][CH2:24]/[CH:40]=[C:62](\[CH3:12])[CH2:39][CH2:23]/[CH:38]=[C:61](\[CH3:11])[CH2:37][CH2:22]/[CH:36]=[C:60](\[CH3:10])[CH2:35][CH2:21]/[CH:34]=[C:59](\[CH3:9])[CH2:33][CH2:20]/[CH:32]=[C:58](/[CH3:8])[CH2:31][CH2:19]/[CH:30]=[C:57](/[CH3:7])[CH2:29][CH2:18][CH:28]=[C:56]([CH3:5])[CH3:6])[O:131][P:133](=[O:2])([O-:2])[O:130][C@@H:92]1[C@H:74]([NH:98][C:67]([CH3:17])=[O:105])[C@@H:87]([O:125][C@H:95]2[C@@H:90]([O:128][C@@H:97]3[C@@H:91]([O:129][C@@H:96]4[C@@H:89]([O:127][C@H:94]5[C@@H:86]([OH:117])[C@@H:82]([OH:113])[C@H:76]([OH:107])[C@@H:69]([CH2:51][OH:100])[O:121]5)[C@@H:83]([OH:114])[C@H:77]([OH:108])[C@@H:71]([CH2:53][OH:102])[O:123]4)[C@@H:88]([OH:126])[C@H:80]([OH:111])[C@@H:73]([CH2:55][OH:104])[O:124]3)[C@@H:84]([OH:115])[C@H:78]([OH:109])[C@@H:70]([CH2:52][OH:101])[O:122]2)[C@H:79]([OH:110])[C@@H:72]([CH2:54][OH:103])[O:119]1.[O:3]=[P:153]([O-:3])([O:149][C@@H:93]1[C@H:85]([OH:116])[C@@H:81]([OH:112])[C@H:75]([OH:106])[C@@H:68]([CH2:50][OH:99])[O:120]1)[O:152][P:154](=[O:4])([O-:4])[O:150][CH2:136][C@@H:137]1[C@@H:139]([OH:146])[C@@H:140]([OH:147])[C@H:141]([n:144]2[cH:135][cH:134][c:138](=[O:145])[nH:143][c:142]2=[O:148])[O:151]1>>[O:1]=[P:132]([O-:1])([O:118][CH2:49]/[CH:48]=[C:66](\[CH3:16])[CH2:47][CH2:27]/[CH:46]=[C:65](\[CH3:15])[CH2:45][CH2:26]/[CH:44]=[C:64](\[CH3:14])[CH2:43][CH2:25]/[CH:42]=[C:63](\[CH3:13])[CH2:41][CH2:24]/[CH:40]=[C:62](\[CH3:12])[CH2:39][CH2:23]/[CH:38]=[C:61](\[CH3:11])[CH2:37][CH2:22]/[CH:36]=[C:60](\[CH3:10])[CH2:35][CH2:21]/[CH:34]=[C:59](\[CH3:9])[CH2:33][CH2:20]/[CH:32]=[C:58](/[CH3:8])[CH2:31][CH2:19]/[CH:30]=[C:57](/[CH3:7])[CH2:29][CH2:18][CH:28]=[C:56]([CH3:5])[CH3:6])[O:131][P:133](=[O:2])([O-:2])[O:130][C@@H:92]1[C@H:74]([NH:98][C:67]([CH3:17])=[O:105])[C@@H:87]([O:125][C@H:95]2[C@@H:90]([O:128][C@@H:97]3[C@@H:91]([O:129][C@@H:96]4[C@@H:89]([O:127][C@H:94]5[C@@H:86]([OH:117])[C@@H:82]([OH:113])[C@H:76]([OH:107])[C@@H:69]([CH2:51][OH:100])[O:121]5)[C@@H:83]([OH:114])[C@H:77]([OH:108])[C@@H:71]([CH2:53][OH:102])[O:123]4)[C@@H:88]([O:126][C@@H:93]4[C@H:85]([OH:116])[C@@H:81]([OH:112])[C@H:75]([OH:106])[C@@H:68]([CH2:50][OH:99])[O:120]4)[C@H:80]([OH:111])[C@@H:73]([CH2:55][OH:104])[O:124]3)[C@@H:84]([OH:115])[C@H:78]([OH:109])[C@@H:70]([CH2:52][OH:101])[O:122]2)[C@H:79]([OH:110])[C@@H:72]([CH2:54][OH:103])[O:119]1.[O:3]=[P:153]([O-:3])([O-:149])[O:152][P:154](=[O:4])([O-:4])[O:150][CH2:136][C@@H:137]1[C@@H:139]([OH:146])[C@@H:140]([OH:147])[C@H:141]([n:144]2[cH:135][cH:134][c:138](=[O:145])[nH:143][c:142]2=[O:148])[O:151]1	0.7701149582862854
[O:1]=[P:144]([O-:1])([O:130][CH2:50]/[CH:49]=[C:67](\[CH3:16])[CH2:48][CH2:28]/[CH:47]=[C:66](\[CH3:15])[CH2:46][CH2:27]/[CH:45]=[C:65](\[CH3:14])[CH2:44][CH2:26]/[CH:43]=[C:64](\[CH3:13])[CH2:42][CH2:25]/[CH:41]=[C:63](\[CH3:12])[CH2:40][CH2:24]/[CH:39]=[C:62](\[CH3:11])[CH2:38][CH2:23]/[CH:37]=[C:61](\[CH3:10])[CH2:36][CH2:22]/[CH:35]=[C:60](\[CH3:9])[CH2:34][CH2:21]/[CH:33]=[C:59](/[CH3:8])[CH2:32][CH2:20]/[CH:31]=[C:58](/[CH3:7])[CH2:30][CH2:19][CH:29]=[C:57]([CH3:5])[CH3:6])[O:143][P:145](=[O:2])([O-:2])[O:142][C@@H:98]1[C@H:76]([NH:105][C:69]([CH3:18])=[O:110])[C@@H:95]([O:139][C@@H:104]2[C@@H:93]([OH:127])[C@H:96]([O:140][C@@H:103]3[C@@H:91]([OH:125])[C@@H:86]([OH:120])[C@H:87]([OH:121])[C@H:94]([C@@H:73]([CH2:54][OH:109])[O:135][C@@H:101]4[C@H:89]([OH:123])[C@@H:85]([OH:119])[C@H:80]([OH:114])[C@@H:75]([CH2:56][O:128][C@@H:99]5[C@H:88]([OH:122])[C@@H:84]([OH:118])[C@H:79]([OH:113])[C@@H:74]([CH2:55][O:129][C@@H:100]6[C@H:92]([OH:126])[C@@H:97]([O:141][C@@H:102]7[C@H:90]([OH:124])[C@@H:83]([O:117][C@@H:162]8[C@@H:157]([OH:174])[C@@H:154]([OH:171])[C@H:155]([OH:172])[C@H:158]([C@@H:150]([CH2:146][OH:168])[OH:169])[O:177]8)[C@H:78]([OH:112])[C@@H:70]([CH2:51][OH:106])[O:134]7)[C@H:82]([OH:116])[C@@H:72]([CH2:53][OH:108])[O:133]6)[O:136]5)[O:137]4)[O:138]3)[C@H:77]([OH:111])[C@H:68]([CH3:17])[O:131]2)[C@H:81]([OH:115])[C@@H:71]([CH2:52][OH:107])[O:132]1.[O:3]=[P:179]([O-:3])([O:175][CH2:147][C@@H:151]1[C@@H:153]([OH:170])[C@@H:156]([OH:173])[C@H:161]([n:167]2[cH:149][n:166][c:152]3[c:159]([NH2:163])[n:164][cH:148][n:165][c:160]32)[O:176]1)[O:178][P:180](=[O:4])([O-:4])[O-:4]>>[O:1]=[P:144]([O-:1])([O:130][CH2:50]/[CH:49]=[C:67](\[CH3:16])[CH2:48][CH2:28]/[CH:47]=[C:66](\[CH3:15])[CH2:46][CH2:27]/[CH:45]=[C:65](\[CH3:14])[CH2:44][CH2:26]/[CH:43]=[C:64](\[CH3:13])[CH2:42][CH2:25]/[CH:41]=[C:63](\[CH3:12])[CH2:40][CH2:24]/[CH:39]=[C:62](\[CH3:11])[CH2:38][CH2:23]/[CH:37]=[C:61](\[CH3:10])[CH2:36][CH2:22]/[CH:35]=[C:60](\[CH3:9])[CH2:34][CH2:21]/[CH:33]=[C:59](/[CH3:8])[CH2:32][CH2:20]/[CH:31]=[C:58](/[CH3:7])[CH2:30][CH2:19][CH:29]=[C:57]([CH3:5])[CH3:6])[O:143][P:145](=[O:2])([O-:2])[O:142][C@@H:98]1[C@H:76]([NH:105][C:69]([CH3:18])=[O:110])[C@@H:95]([O:139][C@@H:104]2[C@@H:93]([OH:127])[C@H:96]([O:140][C@@H:103]3[C@@H:91]([OH:125])[C@@H:86]([OH:120])[C@H:87]([OH:121])[C@H:94]([C@@H:73]([CH2:54][OH:109])[O:135][C@@H:101]4[C@H:89]([OH:123])[C@@H:85]([OH:119])[C@H:80]([OH:114])[C@@H:75]([CH2:56][O:128][C@@H:99]5[C@H:88]([OH:122])[C@@H:84]([OH:118])[C@H:79]([OH:113])[C@@H:74]([CH2:55][O:129][C@@H:100]6[C@H:92]([OH:126])[C@@H:97]([O:141][C@@H:102]7[C@H:90]([OH:124])[C@@H:83]([OH:117])[C@H:78]([OH:112])[C@@H:70]([CH2:51][OH:106])[O:134]7)[C@H:82]([OH:116])[C@@H:72]([CH2:53][OH:108])[O:133]6)[O:136]5)[O:137]4)[O:138]3)[C@H:77]([OH:111])[C@H:68]([CH3:17])[O:131]2)[C@H:81]([OH:115])[C@@H:71]([CH2:52][OH:107])[O:132]1.[O:3]=[P:179]([O-:3])([O:175][CH2:147][C@@H:151]1[C@@H:153]([OH:170])[C@@H:156]([OH:173])[C@H:161]([n:167]2[cH:149][n:166][c:152]3[c:159]([NH2:163])[n:164][cH:148][n:165][c:160]32)[O:176]1)[O:178][P:180](=[O:4])([O-:4])[O:4][C@H:162]1[C@@H:157]([OH:174])[C@@H:154]([OH:171])[C@H:155]([OH:172])[C@@H:158]([C@@H:150]([CH2:146][OH:168])[OH:169])[O:177]1	0.0833333358168602
[O:1]=[P:16]([O-:1])([O-:1])[O:13][C@H:7]1[C@@H:5]([OH:11])[C@H:4]([OH:10])[C@@H:6]([OH:12])[C@H:8]([O:14][P:17](=[O:2])([O-:2])[O-:2])[C@H:9]1[OH:15].[O:3]=[P:18]([O-:3])([O-:3])[OH:3]>>[O:1]=[P:16]([O-:1])([O-:1])[O:13][C@H:7]1[C@@H:5]([OH:11])[C@H:4]([OH:10])[C@@H:6]([OH:12])[C@H:8]([O:14][P:17](=[O:2])([O-:2])[O-:2])[C@H:9]1[O:15][P:18](=[O:3])([O-:3])[O-:3].[OH2:3]	0.10144927352666855
[O:1]=[P:22]([O-:1])([O-:1])[O:15][C@H:9]1[C@@H:10]([O:16][P:23](=[O:2])([O-:2])[O-:2])[C@@H:13]([O:19][P:28](=[O:7])([O-:7])[O-:7])[C@H:12]([O:18][P:25](=[O:4])([O-:4])[O-:4])[C@@H:14]([O:20][P:29](=[O:8])([O-:8])[O:21][P:27](=[O:6])([O-:6])[OH:6])[C@H:11]1[O:17][P:24](=[O:3])([O-:3])[O-:3].[O:5]=[P:26]([O-:5])([O-:5])[OH:5]>>[O:1]=[P:22]([O-:1])([O-:1])[O:15][C@@H:9]1[C@H:10]([O:16][P:23](=[O:2])([O-:2])[O-:2])[C@@H:13]([O:19][P:28](=[O:7])([O-:7])[O:7][P:26](=[O:5])([O-:5])[O-:5])[C@H:12]([O:18][P:25](=[O:4])([O-:4])[O-:4])[C@@H:14]([O:20][P:29](=[O:8])([O-:8])[O:21][P:27](=[O:6])([O-:6])[O-:6])[C@H:11]1[O:17][P:24](=[O:3])([O-:3])[O-:3].[OH2:5]	0.18378378450870514
[O:1]=[P:22]([O-:1])([O:19][P:42](=[O:3])([O-:3])[O:38][CH2:24][C@@H:25]([CH2:23][OH:32])[OH:33])[O:20][CH2:6][C@@H:7]1[C@@H:9]([OH:16])[C@@H:10]([OH:17])[C@H:11]([n:15]2[cH:5][cH:4][c:8]([NH2:13])[n:14][c:12]2=[O:18])[O:21]1.[O:2]=[P:41]([O-:2])([O-:2])[O:39][C@@H:30]1[C@@H:27]([OH:35])[C@H:26]([OH:34])[C@H:28]([OH:36])[C@H:31]([OH:40])[C@@H:29]1[OH:37]>>[O:2]=[P:41]([O-:2])([O-:2])[O:39][C@@H:30]1[C@@H:27]([OH:35])[C@H:26]([OH:34])[C@@H:28]([OH:36])[C@H:31]([O:40][P:42](=[O:3])([O-:3])[O:38][CH2:24][C@@H:25]([CH2:23][OH:32])[OH:33])[C@@H:29]1[OH:37].[O:1]=[P:22]([O-:1])([O-:19])[O:20][CH2:6][C@@H:7]1[C@@H:9]([OH:16])[C@@H:10]([OH:17])[C@H:11]([n:15]2[cH:5][cH:4][c:8]([NH2:13])[n:14][c:12]2=[O:18])[O:21]1	0.8518518805503845
[O:1]=[P:22]([O-:1])([O:19][P:42](=[O:3])([O-:3])[O:38][CH2:24][C@H:25]([CH2:23][OH:32])[OH:33])[O:20][CH2:6][C@@H:7]1[C@@H:9]([OH:16])[C@@H:10]([OH:17])[C@H:11]([n:15]2[cH:5][cH:4][c:8]([NH2:13])[n:14][c:12]2=[O:18])[O:21]1.[O:2]=[P:41]([O-:2])([O-:2])[O:39][C@@H:30]1[C@@H:27]([OH:35])[C@H:26]([OH:34])[C@H:28]([OH:36])[C@H:31]([OH:40])[C@@H:29]1[OH:37]>>[O:2]=[P:41]([O-:2])([O-:2])[O:39][C@@H:30]1[C@@H:27]([OH:35])[C@H:26]([OH:34])[C@@H:28]([OH:36])[C@H:31]([O:40][P:42](=[O:3])([O-:3])[O:38][CH2:24][C@H:25]([CH2:23][OH:32])[OH:33])[C@@H:29]1[OH:37].[O:1]=[P:22]([O-:1])([O-:19])[O:20][CH2:6][C@@H:7]1[C@@H:9]([OH:16])[C@@H:10]([OH:17])[C@H:11]([n:15]2[cH:5][cH:4][c:8]([NH2:13])[n:14][c:12]2=[O:18])[O:21]1	0.8518518805503845
[O:1]=[P:29]([O-:1])([O-:1])[O:27][CH2:5][C@@H:9]1[C@@H:11]([OH:24])[C@@H:12]([OH:25])[C@H:15]([n:23]2[cH:7][n:22][c:10]3[c:13]([NH2:19])[n:20][cH:6][n:21][c:14]32)[O:28]1.[CH2:2]1[CH2:3][CH:8]([NH3+:18])[C:16](=[O:26])[NH:17][CH2:4]1>>[O:1]=[P:29]([O-:1])([O:1][C:16]([C@H:8]([CH2:3][CH2:2][CH2:4][NH3+:17])[NH3+:18])=[O:26])[O:27][CH2:5][C@@H:9]1[C@@H:11]([OH:24])[C@@H:12]([OH:25])[C@H:15]([n:23]2[cH:7][n:22][c:10]3[c:13]([NH2:19])[n:20][cH:6][n:21][c:14]32)[O:28]1	0.06730769574642181
[O:1]=[P:31]([O-:1])([O:26][CH2:8][C@@H:13]1[C@@H:11]([OH:21])[CH2:5][C@H:14]([n:20]2[cH:7][c:9]([CH3:3])[c:17](=[O:24])[nH:19][c:18]2=[O:25])[O:28]1)[O:30][P:32](=[O:2])([O-:2])[O:29][C@@H:15]1[CH2:6][C@@H:12]([OH:22])[C:16](=[O:23])[C@@H:10]([CH3:4])[O:27]1>>[O:1]=[P:31]([O-:1])([O:26][CH2:8][C@@H:13]1[C@@H:11]([OH:21])[CH2:5][C@H:14]([n:20]2[cH:7][c:9]([CH3:3])[c:17](=[O:24])[nH:19][c:18]2=[O:25])[O:28]1)[O:30][P:32](=[O:2])([O-:2])[O:29][C@@H:15]1[CH2:6][C@@H:12]([OH:22])[C@H:16]([OH:23])[C@@H:10]([CH3:4])[O:27]1	0.3787878751754761
[O:1]=[P:33]([O-:1])([O:29][CH2:7][C@@H:9]1[C@@H:12]([OH:24])[C@@H:14]([OH:26])[C@H:16]([n:20]2[cH:5][cH:4][c:10](=[O:22])[nH:19][c:18]2=[O:28])[O:30]1)[O:32][P:34](=[O:2])([O-:2])[O-:2].[O:3]=[C:43]([O:3][C@H:17]1[C@H:15]([OH:27])[C@@H:13]([OH:25])[C@H:11]([OH:23])[C@@H:8]([CH2:6][OH:21])[O:31]1)[C@@H:42]([CH2:40][c:41]1[cH:38][cH:36][cH:35][cH:37][cH:39]1)[OH:44]>>[O:1]=[P:33]([O-:1])([O:29][CH2:7][C@@H:9]1[C@@H:12]([OH:24])[C@@H:14]([OH:26])[C@H:16]([n:20]2[cH:5][cH:4][c:10](=[O:22])[nH:19][c:18]2=[O:28])[O:30]1)[O:32][P:34](=[O:2])([O-:2])[O:2][C@@H:17]1[C@H:15]([OH:27])[C@@H:13]([OH:25])[C@H:11]([OH:23])[C@@H:8]([CH2:6][OH:21])[O:31]1.[O:3]=[C:43]([O-:3])[C@@H:42]([CH2:40][c:41]1[cH:38][cH:36][cH:35][cH:37][cH:39]1)[OH:44]	0.6000000238418579
[O:1]=[P:36]([O-:1])([O:32][CH2:5][C@@H:8]1[C@@H:11]([OH:27])[C@@H:13]([OH:29])[C@H:17]([n:24]2[cH:6][n:21][c:9]3[c:15]2[n:22][c:19]([NH2:20])[nH:23][c:16]3=[O:31])[O:33]1)[O:48][P:51](=[O:3])([O-:3])[O:50][C@@H:43]1[C@@H:42]([OH:47])[C@@H:41]([OH:46])[C@H:40]([OH:45])[C@@H:39]([CH2:38][OH:44])[O:49]1.[O:2]=[P:37]([O-:2])([O-:2])[O:35][C@@H:18]1[C@@H:14]([OH:30])[C@H:12]([OH:28])[C@H:10]([OH:26])[C@H:7]([CH2:4][OH:25])[O:34]1>>[O:1]=[P:36]([O-:1])([O:2][P:37](=[O:2])([O-:2])[O:35][C@@H:18]1[C@@H:14]([OH:30])[C@H:12]([OH:28])[C@H:10]([OH:26])[C@H:7]([CH2:4][OH:25])[O:34]1)[O:32][CH2:5][C@@H:8]1[C@@H:11]([OH:27])[C@@H:13]([OH:29])[C@H:17]([n:24]2[cH:6][n:21][c:9]3[c:15]2[n:22][c:19]([NH2:20])[nH:23][c:16]3=[O:31])[O:33]1.[O:3]=[P:51]([O-:3])([O-:48])[O:50][C@@H:43]1[C@@H:42]([OH:47])[C@@H:41]([OH:46])[C@H:40]([OH:45])[C@@H:39]([CH2:38][OH:44])[O:49]1	0.7948718070983887
[O:1]=[P:44]([O-:1])([O-:1])[O:42][C@@H:20]1[C@@H:16]([CH2:11][O:39][P:45](=[O:2])([O-:2])[O:43][P:46](=[O:3])([O-:3])[O:40][CH2:12][C:26]([CH3:5])([CH3:6])[C@H:21]([C:24]([NH:29][CH2:8][CH2:7][C:17]([NH:28][CH2:9][CH2:10][SH:47])=[O:35])=[O:38])[OH:37])[O:41][C@@H:25]([n:33]2[cH:14][n:32][c:18]3[c:22]([NH2:27])[n:30][cH:13][n:31][c:23]32)[C@@H:19]1[OH:36].[CH3:4][C:15](=[O:34])[NH:53][C:50]1=[C:51]([SH:57])/[C:49](=[CH:48]/[SH:56])[NH:54][C:52]1=[O:55]>>[O:1]=[P:44]([O-:1])([O-:1])[O:42][C@@H:20]1[C@@H:16]([CH2:11][O:39][P:45](=[O:2])([O-:2])[O:43][P:46](=[O:3])([O-:3])[O:40][CH2:12][C:26]([CH3:5])([CH3:6])[C@H:21]([C:24]([NH:29][CH2:8][CH2:7][C:17]([NH:28][CH2:9][CH2:10][S:47][C:15]([CH3:4])=[O:34])=[O:35])=[O:38])[OH:37])[O:41][C@@H:25]([n:33]2[cH:14][n:32][c:18]3[c:22]([NH2:27])[n:30][cH:13][n:31][c:23]32)[C@@H:19]1[OH:36].[CH:48](=[C:49]1\[C:51]([SH:57])=[C:50]([NH2:53])[C:52](=[O:55])[NH:54]1)\[SH:56]	0.3265306055545807
[O:1]=[P:44]([O-:1])([O-:1])[O:42][C@@H:20]1[C@@H:16]([CH2:11][O:39][P:45](=[O:2])([O-:2])[O:43][P:46](=[O:3])([O-:3])[O:40][CH2:12][C:26]([CH3:5])([CH3:6])[C@H:21]([C:24]([NH:29][CH2:8][CH2:7][C:17]([NH:28][CH2:9][CH2:10][SH:47])=[O:35])=[O:38])[OH:37])[O:41][C@@H:25]([n:33]2[cH:14][n:32][c:18]3[c:22]([NH2:27])[n:30][cH:13][n:31][c:23]32)[C@@H:19]1[OH:36].[CH3:4][C:15](=[O:34])[O:51][CH2:50][CH2:49][CH3:48]>>[O:1]=[P:44]([O-:1])([O-:1])[O:42][C@@H:20]1[C@@H:16]([CH2:11][O:39][P:45](=[O:2])([O-:2])[O:43][P:46](=[O:3])([O-:3])[O:40][CH2:12][C:26]([CH3:5])([CH3:6])[C@H:21]([C:24]([NH:29][CH2:8][CH2:7][C:17]([NH:28][CH2:9][CH2:10][S:47][C:15]([CH3:4])=[O:34])=[O:35])=[O:38])[OH:37])[O:41][C@@H:25]([n:33]2[cH:14][n:32][c:18]3[c:22]([NH2:27])[n:30][cH:13][n:31][c:23]32)[C@@H:19]1[OH:36].[CH3:48][CH2:49][CH2:50][OH:51]	0.4000000059604645
[O:1]=[P:45]([O-:1])([O-:1])[O:43][C@@H:21]1[C@@H:17]([CH2:12][O:40][P:46](=[O:2])([O-:2])[O:44][P:47](=[O:3])([O-:3])[O:41][CH2:13][C:27]([CH3:6])([CH3:7])[C@H:22]([C:25]([NH:30][CH2:9][CH2:8][C:18]([NH:29][CH2:10][CH2:11][SH:48])=[O:36])=[O:39])[OH:38])[O:42][C@@H:26]([n:34]2[cH:15][n:33][c:19]3[c:23]([NH2:28])[n:31][cH:14][n:32][c:24]32)[C@@H:20]1[OH:37].[O:4]=[P:52]([O-:4])([O-:4])[C@H:50]([CH3:49])[NH:51][C:16]([CH3:5])=[O:35]>>[O:1]=[P:45]([O-:1])([O-:1])[O:43][C@@H:21]1[C@@H:17]([CH2:12][O:40][P:46](=[O:2])([O-:2])[O:44][P:47](=[O:3])([O-:3])[O:41][CH2:13][C:27]([CH3:6])([CH3:7])[C@H:22]([C:25]([NH:30][CH2:9][CH2:8][C:18]([NH:29][CH2:10][CH2:11][S:48][C:16]([CH3:5])=[O:35])=[O:36])=[O:39])[OH:38])[O:42][C@@H:26]([n:34]2[cH:15][n:33][c:19]3[c:23]([NH2:28])[n:31][cH:14][n:32][c:24]32)[C@@H:20]1[OH:37].[O:4]=[P:52]([O-:4])([O-:4])[C@H:50]([CH3:49])[NH3+:51]	0.32926830649375916
[O:1]=[P:45]([O-:1])([O-:1])[O:43][C@@H:21]1[C@@H:17]([CH2:12][O:40][P:46](=[O:2])([O-:2])[O:44][P:47](=[O:3])([O-:3])[O:41][CH2:13][C:27]([CH3:6])([CH3:7])[C@H:22]([C:25]([NH:30][CH2:9][CH2:8][C:18]([NH:29][CH2:10][CH2:11][SH:48])=[O:36])=[O:39])[OH:38])[O:42][C@@H:26]([n:34]2[cH:15][n:33][c:19]3[c:23]([NH2:28])[n:31][cH:14][n:32][c:24]32)[C@@H:20]1[OH:37].[O:4]=[P:53]([O-:4])([OH:4])[CH2:51][CH2:49][CH2:50][NH:52][C:16]([CH3:5])=[O:35]>>[O:1]=[P:45]([O-:1])([O-:1])[O:43][C@@H:21]1[C@@H:17]([CH2:12][O:40][P:46](=[O:2])([O-:2])[O:44][P:47](=[O:3])([O-:3])[O:41][CH2:13][C:27]([CH3:6])([CH3:7])[C@H:22]([C:25]([NH:30][CH2:9][CH2:8][C:18]([NH:29][CH2:10][CH2:11][S:48][C:16]([CH3:5])=[O:35])=[O:36])=[O:39])[OH:38])[O:42][C@@H:26]([n:34]2[cH:15][n:33][c:19]3[c:23]([NH2:28])[n:31][cH:14][n:32][c:24]32)[C@@H:20]1[OH:37].[O:4]=[P:53]([O-:4])([OH:4])[CH2:51][CH2:49][CH2:50][NH3+:52]	0.3333333432674408
[O:1]=[P:46]([O-:1])([O-:1])[O:44][C@@H:21]1[C@@H:16]([CH2:12][O:41][P:47](=[O:2])([O-:2])[O:45][P:48](=[O:3])([O-:3])[O:42][CH2:13][C:27]([CH3:5])([CH3:6])[C@H:22]([C:25]([NH:30][CH2:8][CH2:7][C:17]([NH:29][CH2:9][CH2:10][SH:49])=[O:36])=[O:40])[OH:39])[O:43][C@@H:26]([n:34]2[cH:15][n:33][c:19]3[c:23]([NH2:28])[n:31][cH:14][n:32][c:24]32)[C@@H:20]1[OH:38].[O:4]=[C:50]([O-:4])[C:18]([CH2:11][OH:35])=[O:37]>>[O:1]=[P:46]([O-:1])([O-:1])[O:44][C@@H:21]1[C@@H:16]([CH2:12][O:41][P:47](=[O:2])([O-:2])[O:45][P:48](=[O:3])([O-:3])[O:42][CH2:13][C:27]([CH3:5])([CH3:6])[C@H:22]([C:25]([NH:30][CH2:8][CH2:7][C:17]([NH:29][CH2:9][CH2:10][S:49][C:18]([CH2:11][OH:35])=[O:37])=[O:36])=[O:40])[OH:39])[O:43][C@@H:26]([n:34]2[cH:15][n:33][c:19]3[c:23]([NH2:28])[n:31][cH:14][n:32][c:24]32)[C@@H:20]1[OH:38].[O:4]=[C:50]=[O:4]	0.3544303774833679
[O:1]=[P:47]([O-:1])([O-:1])[O:45][C@@H:23]1[C@@H:19]([CH2:14][O:42][P:48](=[O:2])([O-:2])[O:46][P:49](=[O:3])([O-:3])[O:43][CH2:15][C:29]([CH3:8])([CH3:9])[C@H:24]([C:27]([NH:32][CH2:11][CH2:10][C:20]([NH:31][CH2:12][CH2:13][S:50][C:18]([CH2:7][C:65]([CH2:54][CH3:51])=[O:83])=[O:37])=[O:38])=[O:41])[OH:40])[O:44][C@@H:28]([n:36]2[cH:17][n:35][c:21]3[c:25]([NH2:30])[n:33][cH:16][n:34][c:26]32)[C@@H:22]1[OH:39].[O:4]=[P:92]([O-:4])([O-:4])[O:90][C@@H:68]1[C@@H:63]([CH2:59][O:87][P:93](=[O:5])([O-:5])[O:91][P:94](=[O:6])([O-:6])[O:88][CH2:60][C:74]([CH3:52])([CH3:53])[C@H:69]([C:72]([NH:77][CH2:56][CH2:55][C:64]([NH:76][CH2:57][CH2:58][SH:95])=[O:82])=[O:86])[OH:85])[O:89][C@@H:73]([n:81]2[cH:62][n:80][c:66]3[c:70]([NH2:75])[n:78][cH:61][n:79][c:71]32)[C@@H:67]1[OH:84]>>[O:4]=[P:92]([O-:4])([O-:4])[O:90][C@@H:68]1[C@@H:63]([CH2:59][O:87][P:93](=[O:5])([O-:5])[O:91][P:94](=[O:6])([O-:6])[O:88][CH2:60][C:74]([CH3:52])([CH3:53])[C@H:69]([C:72]([NH:77][CH2:56][CH2:55][C:64]([NH:76][CH2:57][CH2:58][S:95][C:65]([CH2:54][CH3:51])=[O:83])=[O:82])=[O:86])[OH:85])[O:89][C@@H:73]([n:81]2[cH:62][n:80][c:66]3[c:70]([NH2:75])[n:78][cH:61][n:79][c:71]32)[C@@H:67]1[OH:84].[O:1]=[P:47]([O-:1])([O-:1])[O:45][C@@H:23]1[C@@H:19]([CH2:14][O:42][P:48](=[O:2])([O-:2])[O:46][P:49](=[O:3])([O-:3])[O:43][CH2:15][C:29]([CH3:8])([CH3:9])[C@H:24]([C:27]([NH:32][CH2:11][CH2:10][C:20]([NH:31][CH2:12][CH2:13][S:50][C:18]([CH3:7])=[O:37])=[O:38])=[O:41])[OH:40])[O:44][C@@H:28]([n:36]2[cH:17][n:35][c:21]3[c:25]([NH2:30])[n:33][cH:16][n:34][c:26]32)[C@@H:22]1[OH:39]	0.21875
[O:1]=[P:47]([O-:1])([O-:1])[O:45][C@@H:23]1[C@@H:19]([CH2:14][O:42][P:48](=[O:2])([O-:2])[O:46][P:49](=[O:3])([O-:3])[O:43][CH2:15][C:29]([CH3:8])([CH3:9])[C@H:24]([C:27]([NH:32][CH2:11][CH2:10][C:20]([NH:31][CH2:12][CH2:13][S:50][C:18]([CH2:7][C:72]([CH2:61]/[CH:60]=[CH:59]/[CH2:58][CH2:57][CH2:56][CH2:55][CH2:54][CH3:51])=[O:90])=[O:37])=[O:38])=[O:41])[OH:40])[O:44][C@@H:28]([n:36]2[cH:17][n:35][c:21]3[c:25]([NH2:30])[n:33][cH:16][n:34][c:26]32)[C@@H:22]1[OH:39].[O:4]=[P:99]([O-:4])([O-:4])[O:97][C@@H:75]1[C@@H:70]([CH2:66][O:94][P:100](=[O:5])([O-:5])[O:98][P:101](=[O:6])([O-:6])[O:95][CH2:67][C:81]([CH3:52])([CH3:53])[C@H:76]([C:79]([NH:84][CH2:63][CH2:62][C:71]([NH:83][CH2:64][CH2:65][SH:102])=[O:89])=[O:93])[OH:92])[O:96][C@@H:80]([n:88]2[cH:69][n:87][c:73]3[c:77]([NH2:82])[n:85][cH:68][n:86][c:78]32)[C@@H:74]1[OH:91]>>[O:4]=[P:99]([O-:4])([O-:4])[O:97][C@@H:75]1[C@@H:70]([CH2:66][O:94][P:100](=[O:5])([O-:5])[O:98][P:101](=[O:6])([O-:6])[O:95][CH2:67][C:81]([CH3:52])([CH3:53])[C@H:76]([C:79]([NH:84][CH2:63][CH2:62][C:71]([NH:83][CH2:64][CH2:65][S:102][C:72]([CH2:61]/[CH:60]=[CH:59]/[CH2:58][CH2:57][CH2:56][CH2:55][CH2:54][CH3:51])=[O:90])=[O:89])=[O:93])[OH:92])[O:96][C@@H:80]([n:88]2[cH:69][n:87][c:73]3[c:77]([NH2:82])[n:85][cH:68][n:86][c:78]32)[C@@H:74]1[OH:91].[O:1]=[P:47]([O-:1])([O-:1])[O:45][C@@H:23]1[C@@H:19]([CH2:14][O:42][P:48](=[O:2])([O-:2])[O:46][P:49](=[O:3])([O-:3])[O:43][CH2:15][C:29]([CH3:8])([CH3:9])[C@H:24]([C:27]([NH:32][CH2:11][CH2:10][C:20]([NH:31][CH2:12][CH2:13][S:50][C:18]([CH3:7])=[O:37])=[O:38])=[O:41])[OH:40])[O:44][C@@H:28]([n:36]2[cH:17][n:35][c:21]3[c:25]([NH2:30])[n:33][cH:16][n:34][c:26]32)[C@@H:22]1[OH:39]	0.8870967626571655
[O:1]=[P:48]([O-:1])([O-:1])[O:46][C@@H:24]1[C@@H:20]([CH2:15][O:43][P:49](=[O:2])([O-:2])[O:47][P:50](=[O:3])([O-:3])[O:44][CH2:16][C:30]([CH3:9])([CH3:10])[C@H:25]([C:28]([NH:33][CH2:12][CH2:11][C:21]([NH:32][CH2:13][CH2:14][S:51][C:19]([CH2:8][C:72]([CH2:58][CH2:55][CH:67]([CH3:52])[C:68]([CH2:56][CH2:57][C:71](=[O:4])[O-:4])=[O:89])=[O:91])=[O:38])=[O:39])=[O:42])[OH:41])[O:45][C@@H:29]([n:37]2[cH:18][n:36][c:22]3[c:26]([NH2:31])[n:34][cH:17][n:35][c:27]32)[C@@H:23]1[OH:40].[O:5]=[P:100]([O-:5])([O-:5])[O:98][C@@H:75]1[C@@H:69]([CH2:63][O:95][P:101](=[O:6])([O-:6])[O:99][P:102](=[O:7])([O-:7])[O:96][CH2:64][C:81]([CH3:53])([CH3:54])[C@H:76]([C:79]([NH:84][CH2:60][CH2:59][C:70]([NH:83][CH2:61][CH2:62][SH:103])=[O:90])=[O:94])[OH:93])[O:97][C@@H:80]([n:88]2[cH:66][n:87][c:73]3[c:77]([NH2:82])[n:85][cH:65][n:86][c:78]32)[C@@H:74]1[OH:92]>>[O:4]=[C:71]([O-:4])[CH2:57][CH2:56][C:68]([CH:67]([CH3:52])[CH2:55][CH2:58][C:72](=[O:91])[S:103][CH2:62][CH2:61][NH:83][C:70]([CH2:59][CH2:60][NH:84][C:79]([C@@H:76]([C:81]([CH3:53])([CH3:54])[CH2:64][O:96][P:102](=[O:7])([O-:7])[O:99][P:101](=[O:6])([O-:6])[O:95][CH2:63][C@@H:69]1[C@@H:75]([O:98][P:100](=[O:5])([O-:5])[O-:5])[C@@H:74]([OH:92])[C@H:80]([n:88]2[cH:66][n:87][c:73]3[c:77]([NH2:82])[n:85][cH:65][n:86][c:78]32)[O:97]1)[OH:93])=[O:94])=[O:90])=[O:89].[O:1]=[P:48]([O-:1])([O-:1])[O:46][C@@H:24]1[C@@H:20]([CH2:15][O:43][P:49](=[O:2])([O-:2])[O:47][P:50](=[O:3])([O-:3])[O:44][CH2:16][C:30]([CH3:9])([CH3:10])[C@H:25]([C:28]([NH:33][CH2:12][CH2:11][C:21]([NH:32][CH2:13][CH2:14][S:51][C:19]([CH3:8])=[O:38])=[O:39])=[O:42])[OH:41])[O:45][C@@H:29]([n:37]2[cH:18][n:36][c:22]3[c:26]([NH2:31])[n:34][cH:17][n:35][c:27]32)[C@@H:23]1[OH:40]	0.10915493220090866
[O:1]=[P:51]([O-:1])([O:47][C@@H:22]1[C@H:20]([OH:27])[C@@H:19]([OH:26])[C@H:18]([OH:25])[C@@H:17]([CH2:11][OH:23])[O:31]1)[O:50][P:52](=[O:2])([O-:2])[O:48][CH2:34][C@@H:35]1[C@@H:37]([OH:44])[C@@H:38]([OH:45])[C@H:39]([n:42]2[cH:33][cH:32][c:36](=[O:43])[nH:41][c:40]2=[O:46])[O:49]1.[cH:3]1[cH:6][cH:10][c:16]([OH:30])[c:13]([CH2:12][O:29][C:21]([c:14]2[cH:8][cH:4][cH:5][cH:9][c:15]2[OH:24])=[O:28])[cH:7]1>>[cH:3]1[cH:6][cH:10][c:16]([O:30][C@H:22]2[C@H:20]([OH:27])[C@@H:19]([OH:26])[C@H:18]([OH:25])[C@@H:17]([CH2:11][OH:23])[O:31]2)[c:13]([CH2:12][O:29][C:21]([c:14]2[cH:8][cH:4][cH:5][cH:9][c:15]2[OH:24])=[O:28])[cH:7]1.[O:1]=[P:51]([O-:1])([O-:47])[O:50][P:52](=[O:2])([O-:2])[O:48][CH2:34][C@@H:35]1[C@@H:37]([OH:44])[C@@H:38]([OH:45])[C@H:39]([n:42]2[cH:33][cH:32][c:36](=[O:43])[nH:41][c:40]2=[O:46])[O:49]1	0.15032680332660675
[O:1]=[P:51]([O-:1])([O:48][CH2:30]/[CH:29]=[C:38](\[CH3:10])[CH2:28][CH2:16]/[CH:27]=[C:37](\[CH3:9])[CH2:26][CH2:15]/[CH:25]=[C:36](\[CH3:8])[CH2:24][CH2:14]/[CH:23]=[C:35](\[CH3:7])[CH2:22][CH2:13]/[CH:21]=[C:34](\[CH3:6])[CH2:20][CH2:12]/[CH:19]=[C:33](\[CH3:5])[CH2:18][CH2:11][CH:17]=[C:32]([CH3:3])[CH3:4])[O:50][C@@H:43]1[C@@H:42]([OH:47])[C@@H:41]([OH:46])[C@H:40]([OH:45])[C@@H:39]([CH2:31][O:44][C:147]([CH:135]([CH2:126][CH2:120][CH2:114][CH2:108][CH2:102][CH2:96][CH2:90][CH2:84][CH2:82][CH2:81][CH2:80][CH2:79][CH2:78][CH2:77][CH2:76][CH2:75][CH2:73][CH2:71][CH2:69][CH2:67][CH2:65][CH2:63][CH2:61][CH2:59][CH2:57][CH3:52])[C@@H:137]([CH2:127][CH2:121][CH2:115][CH2:109][CH2:103][CH2:97][CH2:91][CH2:86][CH2:89][CH2:95][CH2:101][CH2:107][CH2:113][CH2:119][CH2:125][CH:134]2[CH2:129][CH:136]2[CH:132]([CH3:54])[CH2:123][CH2:117][CH2:111][CH2:105][CH2:99][CH2:93][CH2:88][CH2:85][CH2:92][CH2:98][CH2:104][CH2:110][CH2:116][CH2:122][CH2:128][CH:138]([CH:133]([CH3:55])[CH2:124][CH2:118][CH2:112][CH2:106][CH2:100][CH2:94][CH2:87][CH2:83][CH2:74][CH2:72][CH2:70][CH2:68][CH2:66][CH2:64][CH2:62][CH2:60][CH2:58][CH3:53])[O:158][CH3:56])[OH:150])=[O:157])[O:49]1.[O:2]=[P:164]([O-:2])([O-:2])[O:160][CH2:131][C@@H:140]1[C@@H:142]([OH:152])[C@H:144]([OH:154])[C@@H:146]([OH:156])[C@@H:149]([O:163][C@@H:148]2[C@H:145]([OH:155])[C@@H:143]([OH:153])[C@H:141]([OH:151])[C@@H:139]([CH2:130][OH:159])[O:161]2)[O:162]1>>[O:2]=[P:164]([O-:2])([O-:2])[O:160][CH2:131][C@@H:140]1[C@@H:142]([OH:152])[C@H:144]([OH:154])[C@@H:146]([OH:156])[C@@H:149]([O:163][C@@H:148]2[C@H:145]([OH:155])[C@@H:143]([OH:153])[C@H:141]([OH:151])[C@@H:139]([CH2:130][O:159][C:147]([CH:135]([CH2:126][CH2:120][CH2:114][CH2:108][CH2:102][CH2:96][CH2:90][CH2:84][CH2:82][CH2:81][CH2:80][CH2:79][CH2:78][CH2:77][CH2:76][CH2:75][CH2:73][CH2:71][CH2:69][CH2:67][CH2:65][CH2:63][CH2:61][CH2:59][CH2:57][CH3:52])[C@@H:137]([CH2:127][CH2:121][CH2:115][CH2:109][CH2:103][CH2:97][CH2:91][CH2:86][CH2:89][CH2:95][CH2:101][CH2:107][CH2:113][CH2:119][CH2:125][CH:134]3[CH2:129][CH:136]3[CH:132]([CH3:54])[CH2:123][CH2:117][CH2:111][CH2:105][CH2:99][CH2:93][CH2:88][CH2:85][CH2:92][CH2:98][CH2:104][CH2:110][CH2:116][CH2:122][CH2:128][CH:138]([CH:133]([CH3:55])[CH2:124][CH2:118][CH2:112][CH2:106][CH2:100][CH2:94][CH2:87][CH2:83][CH2:74][CH2:72][CH2:70][CH2:68][CH2:66][CH2:64][CH2:62][CH2:60][CH2:58][CH3:53])[O:158][CH3:56])[OH:150])=[O:157])[O:161]2)[O:162]1.[O:1]=[P:51]([O-:1])([O:48][CH2:30]/[CH:29]=[C:38](/[CH3:10])[CH2:28][CH2:16]/[CH:27]=[C:37](/[CH3:9])[CH2:26][CH2:15]/[CH:25]=[C:36](/[CH3:8])[CH2:24][CH2:14]/[CH:23]=[C:35](/[CH3:7])[CH2:22][CH2:13]/[CH:21]=[C:34](/[CH3:6])[CH2:20][CH2:12]/[CH:19]=[C:33](/[CH3:5])[CH2:18][CH2:11][CH:17]=[C:32]([CH3:3])[CH3:4])[O:50][C@@H:43]1[C@@H:42]([OH:47])[C@@H:41]([OH:46])[C@H:40]([OH:45])[C@@H:39]([CH2:31][OH:44])[O:49]1	0.668639063835144
[O:1]=[P:52]([O-:1])([O-:1])[O:50][C@@H:27]1[C@@H:22]([CH2:16][O:47][P:53](=[O:2])([O-:2])[O:51][P:54](=[O:3])([O-:3])[O:48][CH2:17][C:33]([CH3:4])([CH3:5])[C@H:28]([C:31]([NH:36][CH2:12][CH2:11][C:23]([NH:35][CH2:13][CH2:14][S:55][C:24]([CH3:15])=[O:43])=[O:42])=[O:46])[OH:45])[O:49][C@@H:32]([n:40]2[cH:19][n:39][c:25]3[c:29]([NH2:34])[n:37][cH:18][n:38][c:30]32)[C@@H:26]1[OH:44].[cH:6]1[cH:7][cH:9][c:20]([CH:21]=[O:41])[cH:10][cH:8]1>>[O:1]=[P:52]([O-:1])([O-:1])[O:50][C@@H:27]1[C@@H:22]([CH2:16][O:47][P:53](=[O:2])([O-:2])[O:51][P:54](=[O:3])([O-:3])[O:48][CH2:17][C:33]([CH3:4])([CH3:5])[C@H:28]([C:31]([NH:36][CH2:12][CH2:11][C:23]([NH:35][CH2:13][CH2:14][S:55][C:24]([CH2:15][C@@H:21]([c:20]2[cH:9][cH:7][cH:6][cH:8][cH:10]2)[OH:41])=[O:43])=[O:42])=[O:46])[OH:45])[O:49][C@@H:32]([n:40]2[cH:19][n:39][c:25]3[c:29]([NH2:34])[n:37][cH:18][n:38][c:30]32)[C@@H:26]1[OH:44]	0.4545454680919647
[O:1]=[P:56]([O-:1])([O-:1])[O:54][C@@H:32]1[C@@H:27]([CH2:23][O:51][P:57](=[O:2])([O-:2])[O:55][P:58](=[O:3])([O-:3])[O:52][CH2:24][C:38]([CH3:5])([CH3:6])[C@H:33]([C:36]([NH:41][CH2:20][CH2:19][C:28]([NH:40][CH2:21][CH2:22][S:59][C:29](/[CH:18]=[CH:17]/[CH2:16]/[CH:15]=[CH:14]\[CH2:13][CH2:12][CH2:11][CH2:10][CH2:9][CH2:8][CH2:7][CH3:4])=[O:47])=[O:46])=[O:50])[OH:49])[O:53][C@@H:37]([n:45]2[cH:26][n:44][c:30]3[c:34]([NH2:39])[n:42][cH:25][n:43][c:35]32)[C@@H:31]1[OH:48].[OH:60][OH:61]>>[O:1]=[P:56]([O-:1])([O-:1])[O:54][C@@H:32]1[C@@H:27]([CH2:23][O:51][P:57](=[O:2])([O-:2])[O:55][P:58](=[O:3])([O-:3])[O:52][CH2:24][C:38]([CH3:5])([CH3:6])[C@H:33]([C:36]([NH:41][CH2:20][CH2:19][C:28]([NH:40][CH2:21][CH2:22][S:59][C:29]([CH2:18][CH2:17][CH2:16]/[CH:15]=[CH:14]\[CH2:13][CH2:12][CH2:11][CH2:10][CH2:9][CH2:8][CH2:7][CH3:4])=[O:47])=[O:46])=[O:50])[OH:49])[O:53][C@@H:37]([n:45]2[cH:26][n:44][c:30]3[c:34]([NH2:39])[n:42][cH:25][n:43][c:35]32)[C@@H:31]1[OH:48].[O:60]=[O:61]	0.7288135886192322
[O:1]=[P:57]([O-:1])([O-:1])[O:55][C@@H:32]1[C@@H:27]([CH2:22][O:52][P:58](=[O:2])([O-:2])[O:56][P:59](=[O:3])([O-:3])[O:53][CH2:23][C:38]([CH3:5])([CH3:6])[C@H:33]([C:36]([NH:41][CH2:18][CH2:17][C:28]([NH:40][CH2:19][CH2:20][S:60][C:29](/[CH:21]=[CH:26]/[CH2:16]/[CH:15]=[CH:14]\[CH:13]=[CH:12]\[CH2:11][CH2:10][CH2:9][CH2:8][CH2:7][CH3:4])=[O:48])=[O:47])=[O:51])[OH:50])[O:54][C@@H:37]([n:45]2[cH:25][n:44][c:30]3[c:34]([NH2:39])[n:42][cH:24][n:43][c:35]32)[C@@H:31]1[OH:49].[OH2:46]>>[O:1]=[P:57]([O-:1])([O-:1])[O:55][C@@H:32]1[C@@H:27]([CH2:22][O:52][P:58](=[O:2])([O-:2])[O:56][P:59](=[O:3])([O-:3])[O:53][CH2:23][C:38]([CH3:5])([CH3:6])[C@H:33]([C:36]([NH:41][CH2:18][CH2:17][C:28]([NH:40][CH2:19][CH2:20][S:60][C:29]([CH2:21][C@@H:26]([CH2:16]/[CH:15]=[CH:14]\[CH:13]=[CH:12]\[CH2:11][CH2:10][CH2:9][CH2:8][CH2:7][CH3:4])[OH:46])=[O:48])=[O:47])=[O:51])[OH:50])[O:54][C@@H:37]([n:45]2[cH:25][n:44][c:30]3[c:34]([NH2:39])[n:42][cH:24][n:43][c:35]32)[C@@H:31]1[OH:49]	0.3611111044883728
[O:1]=[P:5]([O-:1])([OH:1])[C:3](=[CH2:2])[NH2:4]>>[O:1]=[P:5]([O-:1])([OH:1])[C:3]([CH3:2])=[NH:4]	0.2857142984867096
[O:1]=[P:60]([O-:1])([O:56][C@@H:27]1[C@H:23]([OH:33])[C@@H:22]([OH:32])[C@H:19]([OH:29])[C@@H:17]([CH2:11][OH:28])[O:40]1)[O:59][P:61](=[O:2])([O-:2])[O:57][CH2:43][C@@H:44]1[C@@H:46]([OH:53])[C@@H:47]([OH:54])[C@H:48]([n:51]2[cH:42][cH:41][c:45](=[O:52])[nH:50][c:49]2=[O:55])[O:58]1.[CH3:3][O:34][c:13]1[cH:8][cH:7][c:12](-[c:24]2[c:26]([O:37][CH3:6])[c:21](=[O:31])[c:18]3[c:15]([cH:10][c:16]([O:35][CH3:4])[c:25]([O:36][CH3:5])[c:20]3[OH:30])[o:38]2)[cH:9][c:14]1[OH:39]>>[CH3:3][O:34][c:13]1[cH:8][cH:7][c:12](-[c:24]2[c:26]([O:37][CH3:6])[c:21](=[O:31])[c:18]3[c:15]([cH:10][c:16]([O:35][CH3:4])[c:25]([O:36][CH3:5])[c:20]3[OH:30])[o:38]2)[cH:9][c:14]1[O:39][C@H:27]1[C@H:23]([OH:33])[C@@H:22]([OH:32])[C@H:19]([OH:29])[C@@H:17]([CH2:11][OH:28])[O:40]1.[O:1]=[P:60]([O-:1])([O-:56])[O:59][P:61](=[O:2])([O-:2])[O:57][CH2:43][C@@H:44]1[C@@H:46]([OH:53])[C@@H:47]([OH:54])[C@H:48]([n:51]2[cH:42][cH:41][c:45](=[O:52])[nH:50][c:49]2=[O:55])[O:58]1	0.17610062658786774
[O:1]=[P:65]([O-:1])([O-:1])[O:63][C@@H:40]1[C@@H:35]([CH2:30][O:60][P:66](=[O:2])([O-:2])[O:64][P:67](=[O:3])([O-:3])[O:61][CH2:31][C:46]([CH3:5])([CH3:6])[C@H:41]([C:44]([NH:49][CH2:26][CH2:25][C:36]([NH:48][CH2:27][CH2:28][S:68][C:37](/[CH:29]=[CH:34]/[CH2:24][CH2:23][CH2:22]/[CH:21]=[CH:20]\[CH2:19]/[CH:18]=[CH:17]\[CH2:16]/[CH:15]=[CH:14]\[CH2:13]/[CH:12]=[CH:11]\[CH2:10]/[CH:9]=[CH:8]\[CH2:7][CH3:4])=[O:56])=[O:55])=[O:59])[OH:58])[O:62][C@@H:45]([n:53]2[cH:33][n:52][c:38]3[c:42]([NH2:47])[n:50][cH:32][n:51][c:43]32)[C@@H:39]1[OH:57].[OH2:54]>>[O:1]=[P:65]([O-:1])([O-:1])[O:63][C@@H:40]1[C@@H:35]([CH2:30][O:60][P:66](=[O:2])([O-:2])[O:64][P:67](=[O:3])([O-:3])[O:61][CH2:31][C:46]([CH3:5])([CH3:6])[C@H:41]([C:44]([NH:49][CH2:26][CH2:25][C:36]([NH:48][CH2:27][CH2:28][S:68][C:37]([CH2:29][C@@H:34]([CH2:24][CH2:23][CH2:22]/[CH:21]=[CH:20]\[CH2:19]/[CH:18]=[CH:17]\[CH2:16]/[CH:15]=[CH:14]\[CH2:13]/[CH:12]=[CH:11]\[CH2:10]/[CH:9]=[CH:8]\[CH2:7][CH3:4])[OH:54])=[O:56])=[O:55])=[O:59])[OH:58])[O:62][C@@H:45]([n:53]2[cH:33][n:52][c:38]3[c:42]([NH2:47])[n:50][cH:32][n:51][c:43]32)[C@@H:39]1[OH:57]	1.0
[O:1]=[P:65]([O-:1])([O-:1])[O:63][C@@H:40]1[C@@H:35]([CH2:30][O:60][P:66](=[O:2])([O-:2])[O:64][P:67](=[O:3])([O-:3])[O:61][CH2:31][C:46]([CH3:5])([CH3:6])[C@H:41]([C:44]([NH:49][CH2:26][CH2:25][C:36]([NH:48][CH2:27][CH2:28][S:68][C:37](/[CH:29]=[CH:34]/[CH2:24][CH2:23][CH2:22][CH2:21][CH2:20][CH2:19][CH2:18][CH2:17][CH2:16]/[CH:15]=[CH:14]\[CH2:13][CH2:12][CH2:11][CH2:10][CH2:9][CH2:8][CH2:7][CH3:4])=[O:56])=[O:55])=[O:59])[OH:58])[O:62][C@@H:45]([n:53]2[cH:33][n:52][c:38]3[c:42]([NH2:47])[n:50][cH:32][n:51][c:43]32)[C@@H:39]1[OH:57].[OH2:54]>>[O:1]=[P:65]([O-:1])([O-:1])[O:63][C@@H:40]1[C@@H:35]([CH2:30][O:60][P:66](=[O:2])([O-:2])[O:64][P:67](=[O:3])([O-:3])[O:61][CH2:31][C:46]([CH3:5])([CH3:6])[C@H:41]([C:44]([NH:49][CH2:26][CH2:25][C:36]([NH:48][CH2:27][CH2:28][S:68][C:37]([CH2:29][C@@H:34]([CH2:24][CH2:23][CH2:22][CH2:21][CH2:20][CH2:19][CH2:18][CH2:17][CH2:16]/[CH:15]=[CH:14]\[CH2:13][CH2:12][CH2:11][CH2:10][CH2:9][CH2:8][CH2:7][CH3:4])[OH:54])=[O:56])=[O:55])=[O:59])[OH:58])[O:62][C@@H:45]([n:53]2[cH:33][n:52][c:38]3[c:42]([NH2:47])[n:50][cH:32][n:51][c:43]32)[C@@H:39]1[OH:57]	1.0
[O:1]=[P:68]([O-:1])([O-:1])[O:66][C@@H:40]1[C@@H:34]([CH2:23][O:63][P:69](=[O:2])([O-:2])[O:67][P:70](=[O:3])([O-:3])[O:64][CH2:24][C:46]([CH3:5])([CH3:6])[C@H:41]([C:44]([NH:51][CH2:18][CH2:15][C:35]([NH:50][CH2:19][CH2:20][S:71][C:36]([CH2:12][CH2:9][C@@H:27]([CH3:4])[C@H:30]2[CH2:10][CH2:11][C@H:31]3[C@H:37]4[C@H:32]([CH2:14][CH2:17][C@:48]23[CH3:8])[C@@:47]2([CH3:7])[CH2:16][CH2:13][C:29](=[O:56])[CH2:21][C@H:28]2[CH2:22][C@@H:33]4[OH:57])=[O:59])=[O:58])=[O:62])[OH:61])[O:65][C@@H:45]([n:55]2[cH:26][n:54][c:38]3[c:42]([NH2:49])[n:52][cH:25][n:53][c:43]32)[C@@H:39]1[OH:60]>>[O:1]=[P:68]([O-:1])([O-:1])[O:66][C@@H:40]1[C@@H:34]([CH2:23][O:63][P:69](=[O:2])([O-:2])[O:67][P:70](=[O:3])([O-:3])[O:64][CH2:24][C:46]([CH3:5])([CH3:6])[C@H:41]([C:44]([NH:51][CH2:18][CH2:15][C:35]([NH:50][CH2:19][CH2:20][S:71][C:36]([CH2:12][CH2:9][C@@H:27]([CH3:4])[C@H:30]2[CH2:10][CH2:11][C@H:31]3[C@H:37]4[C@H:32]([CH2:14][CH2:17][C@:48]23[CH3:8])[C@@:47]2([CH3:7])[CH2:16][CH2:13][C@@H:29]([OH:56])[CH2:21][C@H:28]2[CH2:22][C@@H:33]4[OH:57])=[O:59])=[O:58])=[O:62])[OH:61])[O:65][C@@H:45]([n:55]2[cH:26][n:54][c:38]3[c:42]([NH2:49])[n:52][cH:25][n:53][c:43]32)[C@@H:39]1[OH:60]	0.6000000238418579
[O:1]=[P:68]([O-:1])([O-:1])[O:66][C@@H:44]1[C@@H:39]([CH2:35][O:63][P:69](=[O:2])([O-:2])[O:67][P:70](=[O:3])([O-:3])[O:64][CH2:36][C:50]([CH3:5])([CH3:6])[C@H:45]([C:48]([NH:53][CH2:32][CH2:31][C:40]([NH:52][CH2:33][CH2:34][S:71][C:41](/[CH:30]=[CH:29]/[CH2:28][CH2:27][CH2:26][CH2:25][CH2:24][CH2:23][CH2:22][CH2:21][CH2:20][CH2:19][CH2:18][CH2:17][CH2:16][CH2:15][CH2:14][CH2:13][CH2:12][CH2:11][CH2:10][CH2:9][CH2:8][CH2:7][CH3:4])=[O:59])=[O:58])=[O:62])[OH:61])[O:65][C@@H:49]([n:57]2[cH:38][n:56][c:42]3[c:46]([NH2:51])[n:54][cH:37][n:55][c:47]32)[C@@H:43]1[OH:60]>>[O:1]=[P:68]([O-:1])([O-:1])[O:66][C@@H:44]1[C@@H:39]([CH2:35][O:63][P:69](=[O:2])([O-:2])[O:67][P:70](=[O:3])([O-:3])[O:64][CH2:36][C:50]([CH3:5])([CH3:6])[C@H:45]([C:48]([NH:53][CH2:32][CH2:31][C:40]([NH:52][CH2:33][CH2:34][S:71][C:41]([CH2:30][CH2:29][CH2:28][CH2:27][CH2:26][CH2:25][CH2:24][CH2:23][CH2:22][CH2:21][CH2:20][CH2:19][CH2:18][CH2:17][CH2:16][CH2:15][CH2:14][CH2:13][CH2:12][CH2:11][CH2:10][CH2:9][CH2:8][CH2:7][CH3:4])=[O:59])=[O:58])=[O:62])[OH:61])[O:65][C@@H:49]([n:57]2[cH:38][n:56][c:42]3[c:46]([NH2:51])[n:54][cH:37][n:55][c:47]32)[C@@H:43]1[OH:60]	0.06474819779396057
[O:1]=[P:70]([O-:1])([O:66][C@@H:33]1[C@H:31]([OH:43])[C@@H:29]([OH:41])[C@H:27]([OH:39])[C@@H:25]([CH2:13][OH:35])[O:49]1)[O:69][P:71](=[O:2])([O-:2])[O:67][CH2:53][C@@H:54]1[C@@H:56]([OH:63])[C@@H:57]([OH:64])[C@H:58]([n:61]2[cH:52][cH:51][c:55](=[O:62])[nH:60][c:59]2=[O:65])[O:68]1.[CH3:3][O:45][c:23]1[cH:11][c:17]([CH2:9][C@H:19]([CH2:15][OH:47])[C@H:20]([CH2:10][c:18]2[cH:6][cH:8][c:22]([OH:38])[c:24]([O:46][CH3:4])[cH:12]2)[CH2:16][O:48][C@@H:34]2[C@@H:32]([OH:44])[C@H:30]([OH:42])[C@@H:28]([OH:40])[C@H:26]([CH2:14][OH:36])[O:50]2)[cH:5][cH:7][c:21]1[OH:37]>>[CH3:3][O:45][c:23]1[cH:11][c:17]([CH2:9][C@H:19]([CH2:15][O:47][C@@H:33]2[C@@H:31]([OH:43])[C@H:29]([OH:41])[C@@H:27]([OH:39])[C@H:25]([CH2:13][OH:35])[O:49]2)[C@H:20]([CH2:10][c:18]2[cH:6][cH:8][c:22]([OH:38])[c:24]([O:46][CH3:4])[cH:12]2)[CH2:16][O:48][C@@H:34]2[C@@H:32]([OH:44])[C@H:30]([OH:42])[C@@H:28]([OH:40])[C@H:26]([CH2:14][OH:36])[O:50]2)[cH:5][cH:7][c:21]1[OH:37].[O:1]=[P:70]([O-:1])([O-:66])[O:69][P:71](=[O:2])([O-:2])[O:67][CH2:53][C@@H:54]1[C@@H:56]([OH:63])[C@@H:57]([OH:64])[C@H:58]([n:61]2[cH:52][cH:51][c:55](=[O:62])[nH:60][c:59]2=[O:65])[O:68]1	0.13978494703769684
[O:1]=[P:72]([O-:1])([O-:1])[O:70][C@@H:48]1[C@@H:44]([CH2:39][O:67][P:73](=[O:2])([O-:2])[O:71][P:74](=[O:3])([O-:3])[O:68][CH2:40][C:54]([CH3:33])([CH3:34])[C@H:49]([C:52]([NH:57][CH2:36][CH2:35][C:45]([NH:56][CH2:37][CH2:38][SH:75])=[O:63])=[O:66])[OH:65])[O:69][C@@H:53]([n:61]2[cH:42][n:60][c:46]3[c:50]([NH2:55])[n:58][cH:41][n:59][c:51]32)[C@@H:47]1[OH:64].[CH3:4][C:11]1=[C:15]2[C@@H:16]([OH:26])[C:18](=[O:27])[C@:21]3([CH3:7])[C@@H:13]([OH:25])[CH2:8][C@@H:14]4[C@@:22]([O:29][C:43]([CH3:32])=[O:62])([CH2:10][O:31]4)[C@H:17]3[C@H:19]([OH:28])[C@:23]([OH:30])([CH2:9][C@@H:12]1[OH:24])[C:20]2([CH3:5])[CH3:6]>>[O:1]=[P:72]([O-:1])([O-:1])[O:70][C@@H:48]1[C@@H:44]([CH2:39][O:67][P:73](=[O:2])([O-:2])[O:71][P:74](=[O:3])([O-:3])[O:68][CH2:40][C:54]([CH3:33])([CH3:34])[C@H:49]([C:52]([NH:57][CH2:36][CH2:35][C:45]([NH:56][CH2:37][CH2:38][S:75][C:43]([CH3:32])=[O:62])=[O:63])=[O:66])[OH:65])[O:69][C@@H:53]([n:61]2[cH:42][n:60][c:46]3[c:50]([NH2:55])[n:58][cH:41][n:59][c:51]32)[C@@H:47]1[OH:64].[CH3:4][C:11]1=[C:15]2[C@@H:16]([OH:26])[C:18](=[O:27])[C@:21]3([CH3:7])[C@@H:13]([OH:25])[CH2:8][C@@H:14]4[C@@:22]([OH:29])([CH2:10][O:31]4)[C@H:17]3[C@H:19]([OH:28])[C@:23]([OH:30])([CH2:9][C@@H:12]1[OH:24])[C:20]2([CH3:5])[CH3:6]	0.2641509473323822
[O:1]=[P:86]([O-:1])([O-:1])[O:84][C@@H:61]1[C@@H:56]([CH2:50][O:81][P:87](=[O:2])([O-:2])[O:85][P:88](=[O:3])([O-:3])[O:82][CH2:51][C:67]([CH3:38])([CH3:39])[C@H:62]([C:65]([NH:70][CH2:47][CH2:46][C:57]([NH:69][CH2:48][CH2:49][SH:89])=[O:76])=[O:80])[OH:79])[O:83][C@@H:66]([n:74]2[cH:53][n:73][c:59]3[c:63]([NH2:68])[n:71][cH:52][n:72][c:64]32)[C@@H:60]1[OH:78].[CH3:4][O:34][c:15]1[cH:7][c:11](-[c:23]2[c:24]([O:37][C@H:25]3[C@H:22]([OH:33])[C@@H:21]([O:32][C:58](/[CH:45]=[CH:42]/[c:54]4[cH:40][cH:43][c:55]([OH:75])[cH:44][cH:41]4)=[O:77])[C@H:19]([OH:30])[C@@H:17]([CH2:10][OH:26])[O:36]3)[c:20](=[O:31])[c:18]3[c:14]([OH:29])[cH:8][c:12]([OH:27])[cH:9][c:16]3[o:35]2)[cH:5][cH:6][c:13]1[OH:28]>>[O:1]=[P:86]([O-:1])([O-:1])[O:84][C@@H:61]1[C@@H:56]([CH2:50][O:81][P:87](=[O:2])([O-:2])[O:85][P:88](=[O:3])([O-:3])[O:82][CH2:51][C:67]([CH3:38])([CH3:39])[C@H:62]([C:65]([NH:70][CH2:47][CH2:46][C:57]([NH:69][CH2:48][CH2:49][S:89][C:58](/[CH:45]=[CH:42]/[c:54]2[cH:40][cH:43][c:55]([OH:75])[cH:44][cH:41]2)=[O:77])=[O:76])=[O:80])[OH:79])[O:83][C@@H:66]([n:74]2[cH:53][n:73][c:59]3[c:63]([NH2:68])[n:71][cH:52][n:72][c:64]32)[C@@H:60]1[OH:78].[CH3:4][O:34][c:15]1[cH:7][c:11](-[c:23]2[c:24]([O:37][C@H:25]3[C@H:22]([OH:33])[C@@H:21]([OH:32])[C@H:19]([OH:30])[C@@H:17]([CH2:10][OH:26])[O:36]3)[c:20](=[O:31])[c:18]3[c:14]([OH:29])[cH:8][c:12]([OH:27])[cH:9][c:16]3[o:35]2)[cH:5][cH:6][c:13]1[OH:28]	0.3684210479259491
[O:1]=[S:6](=[O:1])([O-:1])/[CH:3]=[CH:2]\[NH2:4].[OH2:5]>>[O:1]=[S:6](=[O:1])([CH2:3][CH:2]=[O:5])[NH2:4].[OH2:1]	0.08064515888690948
[O:1]=[c:11]1[o:1][c:3]2[cH:4][c:9]([OH:13])[c:10]([OH:14])[cH:6][c:7]2[cH:5][c:8]1[N+:12]#[C-:2]>>[O:1]=[C:11]([O-:1])/[C:8](=[CH:5]/[C:7]1=[CH:6][C:10](=[O:14])[C:9](=[O:13])[CH:4]=[CH:3]1)[N+:12]#[C-:2]	0.12574850022792816
[O:2]=[C:12]([O-:2])[C@@H:10]1[C@H:8]([OH:22])[C@H:5]([OH:17])[C@@H:6]([OH:18])[CH:13]([OH:20])[O:21]1.[O:1]=[C:11]([O-:1])[C@@H:9]1[C@H:4]([OH:16])[C@H:3]([OH:15])[C@@H:7]([OH:19])[CH:14]([OH:24])[O:23]1>>[O:1]=[C:11]([O-:1])[C@@H:9]1[C@H:4]([OH:16])[C@H:3]([OH:15])[C@@H:7]([OH:19])[C@@H:14]([O:22][C@@H:8]2[C@H:5]([OH:17])[C@@H:6]([OH:18])[C@@H:13]([OH:20])[O:21][C@@H:10]2[C:12](=[O:2])[O-:2])[O:23]1.[OH2:24]	0.07909604161977768
[O:2]=[C:12]([O-:2])[C@H:10]([CH2:7][S:16][CH:9]([CH3:4])[CH:8]([CH3:3])[CH2:6][OH:15])[NH3+:13].[O:1]=[C:11]([O-:1])[CH2:5][NH3+:14]>>[O:1]=[C:11]([O-:1])[CH2:5][NH:14][C:12](=[O:2])[C@H:10]([CH2:7][S:16][CH:9]([CH3:4])[CH:8]([CH3:3])[CH2:6][OH:15])[NH3+:13].[OH2:2]	0.1315789520740509
[O:2]=[C:13]([O-:2])[C@H:8]([CH2:4][CH2:5][C:10]([NH:16][C@@H:25]([CH2:22][CH:24]1[CH2:21][C:23]1=[CH2:20])[C:26](=[O:3])[O-:3])=[O:17])[NH3+:14].[O:1]=[C:11]([O-:1])[CH2:6][NH:15][C:12]([C@H:9]([CH2:7][SH:19])[NH3+:27])=[O:18]>>[O:1]=[C:11]([O-:1])[CH2:6][NH:15][C:12]([C@H:9]([CH2:7][SH:19])[NH:16][C:10]([CH2:5][CH2:4][C@@H:8]([C:13](=[O:2])[O-:2])[NH3+:14])=[O:17])=[O:18].[O:3]=[C:26]([O-:3])[CH:25]([CH2:22][CH:24]1[CH2:21][C:23]1=[CH2:20])[NH3+:27]	0.08208955079317093
[O:2]=[C:15]([O-:2])[C@H:12]([CH2:10][S:20]/[C:13]([CH2:8][c:11]1[cH:6][cH:4][cH:3][cH:5][cH:7]1)=[N:18]/[OH:19])[NH3+:16].[O:1]=[C:14]([O-:1])[CH2:9][NH3+:17]>>[O:1]=[C:14]([O-:1])[CH2:9][NH:17][C:15](=[O:2])[C@H:12]([CH2:10][S:20]/[C:13]([CH2:8][c:11]1[cH:6][cH:4][cH:3][cH:5][cH:7]1)=[N:18]/[OH:19])[NH3+:16].[OH2:2]	0.12820513546466827
[O:2]=[C:16]([O-:2])[C@H:13]([CH2:12][S:22]/[C:14]([CH2:9][CH2:7][CH2:5][CH2:4][CH2:6][CH2:8][CH2:10][S:21][CH3:3])=[N:19]\[OH:20])[NH3+:17].[O:1]=[C:15]([O-:1])[CH2:11][NH3+:18]>>[O:1]=[C:15]([O-:1])[CH2:11][NH:18][C:16](=[O:2])[C@H:13]([CH2:12][S:22]/[C:14]([CH2:9][CH2:7][CH2:5][CH2:4][CH2:6][CH2:8][CH2:10][S:21][CH3:3])=[N:19]\[OH:20])[NH3+:17].[OH2:2]	0.10126582533121109
[O:2]=[C:17]([O-:2])[C@H:14]1[C:18]([CH3:3])([CH3:4])[S:22][C@@H:16]2[C@H:13]([NH:19][C:30]([CH2:28][O:32][c:29]3[cH:26][cH:24][cH:23][cH:25][cH:27]3)=[O:31])[C:15](=[O:21])[N:20]12.[O:1]=[C:12]([O-:1])[CH2:10][c:11]1[cH:8][cH:6][cH:5][cH:7][cH:9]1>>[O:1]=[C:12]([CH2:10][c:11]1[cH:8][cH:6][cH:5][cH:7][cH:9]1)[NH:19][C@@H:13]1[C:15](=[O:21])[N:20]2[C@@H:14]([C:17](=[O:2])[O-:2])[C:18]([CH3:3])([CH3:4])[S:22][C@H:16]12.[O-:1][C:30]([CH2:28][O:32][c:29]1[cH:26][cH:24][cH:23][cH:25][cH:27]1)=[O:31]	0.07777778059244156
[O:2]=[C:3]([O-:2])[C@H:4]1[N:6]=[C:16]([c:17]2[n:18][c:14]3[cH:10][cH:9][c:13]([OH:19])[cH:11][c:15]3[s:20]2)[S:8][CH2:12]1.[O:1]=[C:5]=[O:1].[OH2:7]>>[O-:1][C:17](=[O:2])[CH:14]([CH2:12][S:20][c:16]1[cH:11][c:13]([OH:19])[cH:9][cH:10][c:15]1[OH:2])[NH3+:18].[O-:1][C:5]([C@H:4]([CH2:3][SH:8])[NH3+:6])=[O:7]	0.0791366919875145
[O:2]=[P:14]([O-:2])([O-:2])[O:12][CH2:4][C:6]([C@@H:7]([C@@H:5]([CH2:3][OH:11])[OH:8])[OH:10])=[O:9].[O:1]=[P:13]([O-:1])([O-:1])[OH:1]>>[O:1]=[P:13]([O-:1])([O-:1])[O:11][CH2:3][C@H:5]([C@H:7]([C:6]([CH2:4][O:12][P:14](=[O:2])([O-:2])[O-:2])=[O:9])[OH:10])[OH:8].[OH2:1]	0.08163265138864517
[O:2]=[P:25]([O-:2])([O:21][CH2:4][C@@H:7]1[C@@H:9]([OH:19])[C@@H:10]([OH:20])[C@H:13]([n:18]2[cH:6][n:17][c:8]3[c:11]([NH2:14])[n:15][cH:5][n:16][c:12]32)[O:22]1)[O:23][P:26](=[O:3])([O-:3])[O-:3].[O:1]=[P:24]([O-:1])([O-:1])[O:36][C:30]1=[C:29]([O-:35])[C@@H:31]([C@H:28]([CH2:27][OH:33])[OH:34])[O:38][C:32]1=[O:37]>>[O:1]=[P:24]([O-:1])([O-:1])[O:3][P:26](=[O:3])([O-:3])[O:23][P:25](=[O:2])([O-:2])[O:21][CH2:4][C@@H:7]1[C@@H:9]([OH:19])[C@@H:10]([OH:20])[C@H:13]([n:18]2[cH:6][n:17][c:8]3[c:11]([NH2:14])[n:15][cH:5][n:16][c:12]32)[O:22]1.[CH2:27]([C@@H:28]([C@@H:31]1[C:29]([O-:35])=[C:30]([OH:36])[C:32](=[O:37])[O:38]1)[OH:34])[OH:33]	0.28947368264198303
[O:2]=[P:31]([O-:2])([O-:2])[O:27][CH2:6][C@@H:10]1[C@@H:13]([OH:23])[C@H:14]([OH:24])[C@@H:12]([NH3+:20])[C@H:18]([O:30][C@@H:16]2[C@@H:9]([CH2:5][OH:21])[O:28][CH:17]([OH:26])[C@H:11]([NH:19][C:7]([CH3:3])=[O:22])[C@H:15]2[OH:25])[O:29]1.[O:1]=[C:8]([O-:1])[CH3:4]>>[O:1]=[C:8]([CH3:4])[NH:20][C@@H:12]1[C@@H:14]([OH:24])[C@H:13]([OH:23])[C@@H:10]([CH2:6][O:27][P:31](=[O:2])([O-:2])[O-:2])[O:29][C@H:18]1[O:30][C@@H:16]1[C@@H:9]([CH2:5][OH:21])[O:28][CH:17]([OH:26])[C@H:11]([NH:19][C:7]([CH3:3])=[O:22])[C@H:15]1[OH:25].[OH2:1]	0.0803212821483612
[O:2]=[P:44]([O-:2])([O-:2])[O:42][C@@H:21]1[C@@H:17]([CH2:12][O:39][P:45](=[O:3])([O-:3])[O:43][P:46](=[O:4])([O-:4])[O:40][CH2:13][C:27]([CH3:6])([CH3:7])[C@H:22]([C:25]([NH:30][CH2:9][CH2:8][C:18]([NH:29][CH2:10][CH2:11][S:47][C:51](/[CH:50]=[CH:49]/[CH3:48])=[O:52])=[O:35])=[O:38])[OH:37])[O:41][C@@H:26]([n:34]2[cH:15][n:33][c:19]3[c:23]([NH2:28])[n:31][cH:14][n:32][c:24]32)[C@@H:20]1[OH:36].[O:1]=[C:16]([O-:1])[CH3:5]>>[O:1]=[C:16]([CH3:5])[S:47][CH2:11][CH2:10][NH:29][C:18]([CH2:8][CH2:9][NH:30][C:25]([C@@H:22]([C:27]([CH3:6])([CH3:7])[CH2:13][O:40][P:46](=[O:4])([O-:4])[O:43][P:45](=[O:3])([O-:3])[O:39][CH2:12][C@@H:17]1[C@@H:21]([O:42][P:44](=[O:2])([O-:2])[O-:2])[C@@H:20]([OH:36])[C@H:26]([n:34]2[cH:15][n:33][c:19]3[c:23]([NH2:28])[n:31][cH:14][n:32][c:24]32)[O:41]1)[OH:37])=[O:38])=[O:35].[O-:1][C:51](/[CH:50]=[CH:49]/[CH3:48])=[O:52]	0.7345678806304932
[O:2]=[P:47]([O-:2])([O:43][C@@H:21]1[C@H:20]([OH:26])[C@@H:19]([OH:25])[C@H:18]([OH:24])[C@@H:16]([CH2:12][OH:23])[O:27]1)[O:46][P:48](=[O:3])([O-:3])[O:44][CH2:30][C@@H:31]1[C@@H:33]([OH:40])[C@@H:34]([OH:41])[C@H:35]([n:38]2[cH:29][cH:28][c:32](=[O:39])[nH:37][c:36]2=[O:42])[O:45]1.[O:1]=[C:17]([O-:1])[CH2:10][CH2:6][CH2:7][c:13]1[cH:11][nH:22][c:15]2[cH:9][cH:5][cH:4][cH:8][c:14]12>>[O:1]=[C:17]([O:1][C@H:21]1[C@H:20]([OH:26])[C@@H:19]([OH:25])[C@H:18]([OH:24])[C@@H:16]([CH2:12][OH:23])[O:27]1)[CH2:10][CH2:6][CH2:7][c:13]1[cH:11][nH:22][c:15]2[cH:9][cH:5][cH:4][cH:8][c:14]12.[O:2]=[P:47]([O-:2])([O-:43])[O:46][P:48](=[O:3])([O-:3])[O:44][CH2:30][C@@H:31]1[C@@H:33]([OH:40])[C@@H:34]([OH:41])[C@H:35]([n:38]2[cH:29][cH:28][c:32](=[O:39])[nH:37][c:36]2=[O:42])[O:45]1	0.1497005969285965
[O:2]=[P:48]([O-:2])([O-:2])[O:46][CH2:40][C@@H:41]([CH2:39][O:45][C:42]([CH2:37][CH2:35][CH2:33][CH2:31][CH2:29][CH2:27][CH2:25][CH2:18][CH2:16][CH2:14][CH2:12][CH2:10][CH2:8][CH2:6][CH3:4])=[O:44])[OH:47].[O:1]=[C:43]([O-:1])[CH2:38][CH2:36]/[CH:34]=[CH:32]\[CH2:30]/[CH:28]=[CH:26]\[CH2:24]/[CH:23]=[CH:22]\[CH2:21]/[CH:20]=[CH:19]\[CH2:17]/[CH:15]=[CH:13]\[CH2:11]/[CH:9]=[CH:7]\[CH2:5][CH3:3]>>[O:1]=[C:43]([CH2:38][CH2:36]/[CH:34]=[CH:32]\[CH2:30]/[CH:28]=[CH:26]\[CH2:24]/[CH:23]=[CH:22]\[CH2:21]/[CH:20]=[CH:19]\[CH2:17]/[CH:15]=[CH:13]\[CH2:11]/[CH:9]=[CH:7]\[CH2:5][CH3:3])[O:47][C@H:41]([CH2:39][O:45][C:42]([CH2:37][CH2:35][CH2:33][CH2:31][CH2:29][CH2:27][CH2:25][CH2:18][CH2:16][CH2:14][CH2:12][CH2:10][CH2:8][CH2:6][CH3:4])=[O:44])[CH2:40][O:46][P:48](=[O:2])([O-:2])[O-:2].[OH2:1]	0.14705882966518402
[O:2]=[P:48]([O-:2])([O-:2])[O:46][CH2:40][C@@H:41]([CH2:39][OH:45])[O:47][C:43]([CH2:38][CH2:36][CH2:34]/[CH:32]=[CH:30]\[CH2:28]/[CH:26]=[CH:24]\[CH2:22]/[CH:21]=[CH:19]\[CH2:17]/[CH:15]=[CH:13]\[CH2:11][CH2:9][CH2:7][CH2:5][CH3:3])=[O:44].[O:1]=[C:42]([O-:1])[CH2:37][CH2:35][CH2:33][CH2:31][CH2:29][CH2:27][CH2:25][CH2:23][CH2:20][CH2:18][CH2:16][CH2:14][CH2:12][CH2:10][CH2:8][CH2:6][CH3:4]>>[O:1]=[C:42]([CH2:37][CH2:35][CH2:33][CH2:31][CH2:29][CH2:27][CH2:25][CH2:23][CH2:20][CH2:18][CH2:16][CH2:14][CH2:12][CH2:10][CH2:8][CH2:6][CH3:4])[O:45][CH2:39][C@H:41]([CH2:40][O:46][P:48](=[O:2])([O-:2])[O-:2])[O:47][C:43]([CH2:38][CH2:36][CH2:34]/[CH:32]=[CH:30]\[CH2:28]/[CH:26]=[CH:24]\[CH2:22]/[CH:21]=[CH:19]\[CH2:17]/[CH:15]=[CH:13]\[CH2:11][CH2:9][CH2:7][CH2:5][CH3:3])=[O:44].[OH2:1]	0.14705882966518402
[O:2]=[P:50]([O-:2])([O-:2])[O:48][C@@H:25]1[C@@H:21]([CH2:15][O:45][P:51](=[O:3])([O-:3])[O:49][P:52](=[O:4])([O-:4])[O:46][CH2:16][C:32]([CH3:5])([CH3:6])[C@H:26]([C:29]([NH:35][CH2:11][CH2:10][C:22]([NH:34][CH2:12][CH2:13][SH:53])=[O:41])=[O:44])[OH:43])[O:47][C@@H:30]([n:39]2[cH:18][n:38][c:23]3[c:27]([NH2:33])[n:36][cH:17][n:37][c:28]32)[C@@H:24]1[OH:42].[O:1]=[C:31]([O-:1])[c:19]1[cH:8][cH:7][cH:9][c:20]([OH:40])[cH:14]1>>[O:1]=[C:31]([c:19]1[cH:8][cH:7][cH:9][c:20]([OH:40])[cH:14]1)[S:53][CH2:13][CH2:12][NH:34][C:22]([CH2:10][CH2:11][NH:35][C:29]([C@@H:26]([C:32]([CH3:5])([CH3:6])[CH2:16][O:46][P:52](=[O:4])([O-:4])[O:49][P:51](=[O:3])([O-:3])[O:45][CH2:15][C@@H:21]1[C@@H:25]([O:48][P:50](=[O:2])([O-:2])[O-:2])[C@@H:24]([OH:42])[C@H:30]([n:39]2[cH:18][n:38][c:23]3[c:27]([NH2:33])[n:36][cH:17][n:37][c:28]32)[O:47]1)[OH:43])=[O:44])=[O:41].[OH2:1]	0.7643678188323975
[O:2]=[P:54]([O-:2])([O:49][CH2:22][C@@H:26]1[C@@H:32]([OH:46])[C@@H:33]([OH:47])[C@H:34]([n:40]2[cH:19][cH:18][c:27](=[O:43])[nH:39][c:36]2=[O:48])[O:50]1)[O:53][P:55](=[O:3])([O-:3])[O:52][C@@H:35]1[C@H:30]([NH3+:37])[C@@H:29]([NH:38][C:28]([CH2:20][C@@H:24]([CH2:17][CH2:16][CH2:15][CH2:14][CH2:13][CH2:12][CH2:11][CH2:10][CH2:9][CH2:8][CH2:7][CH2:6][CH3:4])[OH:42])=[O:44])[C@H:31]([OH:45])[C@@H:25]([CH2:21][OH:41])[O:51]1.[O:1]=[C:23]([O-:1])[CH3:5]>>[O:1]=[C:23]([CH3:5])[NH:37][C@@H:30]1[C@@H:29]([NH:38][C:28]([CH2:20][C@@H:24]([CH2:17][CH2:16][CH2:15][CH2:14][CH2:13][CH2:12][CH2:11][CH2:10][CH2:9][CH2:8][CH2:7][CH2:6][CH3:4])[OH:42])=[O:44])[C@H:31]([OH:45])[C@@H:25]([CH2:21][OH:41])[O:51][C@@H:35]1[O:52][P:55](=[O:3])([O-:3])[O:53][P:54](=[O:2])([O-:2])[O:49][CH2:22][C@@H:26]1[C@@H:32]([OH:46])[C@@H:33]([OH:47])[C@H:34]([n:40]2[cH:19][cH:18][c:27](=[O:43])[nH:39][c:36]2=[O:48])[O:50]1.[OH2:1]	0.1733333319425583
[O:2]=[S:54](=[O:2])([O-:2])[O:52]/[N:44]=[C:39](/[CH2:32][c:35]1[cH:33][n:45]([O:50][CH3:3])[c:37]2[cH:31][cH:29][cH:28][cH:30][c:36]12)[S:53][C@H:43]1[C@H:42]([OH:49])[C@@H:41]([OH:48])[C@H:40]([OH:47])[C@@H:38]([CH2:34][OH:46])[O:51]1.[O:1]=[C:17]([O-:1])[C@H:9]([CH2:4][CH2:5][S:27][CH2:6][C@@H:10]1[C@@H:12]([OH:24])[C@@H:13]([OH:25])[C@H:16]([n:23]2[cH:8][n:22][c:11]3[c:14]([NH2:19])[n:20][cH:7][n:21][c:15]32)[O:26]1)[NH3+:18]>>[O:2]=[S:54](=[O:2])([O-:2])[O:52]/[N:44]=[C:39](/[CH2:32][c:35]1[cH:33][n:45]([OH:50])[c:37]2[cH:31][cH:29][cH:28][cH:30][c:36]12)[S:53][C@H:43]1[C@H:42]([OH:49])[C@@H:41]([OH:48])[C@H:40]([OH:47])[C@@H:38]([CH2:34][OH:46])[O:51]1.[O:1]=[C:17]([O-:1])[C@H:9]([CH2:4][CH2:5][S+:27]([CH3:3])[CH2:6][C@@H:10]1[C@@H:12]([OH:24])[C@@H:13]([OH:25])[C@H:16]([n:23]2[cH:8][n:22][c:11]3[c:14]([NH2:19])[n:20][cH:7][n:21][c:15]32)[O:26]1)[NH3+:18]	0.4337349534034729
[O:3]=[C:71]([O-:3])[C@@H:67]1[C@H:65]([S:81][CH2:60][CH2:59][NH:73][C:66]([CH2:57][CH2:58][NH:74][C:69]([C@@H:68]([C:72]([CH3:55])([CH3:56])[CH2:62][OH:76])[OH:78])=[O:79])=[O:77])[CH2:61][C@H:64]2[C@@H:63]([CH2:54][CH3:4])[C:70](=[O:80])[N:75]21.[O:1]=[C:18]([O-:1])[C@H:10]([CH2:5][CH2:6][S:28][CH2:7][C@@H:11]1[C@@H:13]([OH:25])[C@@H:14]([OH:26])[C@H:17]([n:24]2[cH:9][n:23][c:12]3[c:15]([NH2:20])[n:21][cH:8][n:22][c:16]32)[O:27]1)[NH3+:19].[CH3:32][C@@H:36]1[C@@H:38]([OH:50])[C@@H:39]([OH:51])[C@H:42]([n:49]2[cH:34][n:48][c:37]3[c:40]([NH2:45])[n:46][cH:33][n:47][c:41]32)[O:52]1.[O:2]=[C:43]([O-:2])[C@H:35]([CH2:30][CH2:31][S:53][CH3:29])[NH3+:44]>>[O:3]=[C:71]([O-:3])[C@@H:67]1[C@H:65]([S:81][CH2:60][CH2:59][NH:73][C:66]([CH2:57][CH2:58][NH:74][C:69]([C@@H:68]([C:72]([CH3:55])([CH3:56])[CH2:62][OH:76])[OH:78])=[O:79])=[O:77])[CH2:61][C@H:64]2[C@@H:63]([CH3:54])[C:70](=[O:80])[N:75]21.[O:2]=[C:43]([O-:2])[C@H:35]([CH2:30][CH2:31][S+:53]([CH3:29])[CH2:32][C@@H:36]1[C@@H:38]([OH:50])[C@@H:39]([OH:51])[C@H:42]([n:49]2[cH:34][n:48][c:37]3[c:40]([NH2:45])[n:46][cH:33][n:47][c:41]32)[O:52]1)[NH3+:44].[O:1]=[C:18]([O-:1])[C@H:10]([CH2:5][CH2:6][S+:28]([CH3:4])[CH2:7][C@@H:11]1[C@@H:13]([OH:25])[C@@H:14]([OH:26])[C@H:17]([n:24]2[cH:9][n:23][c:12]3[c:15]([NH2:20])[n:21][cH:8][n:22][c:16]32)[O:27]1)[NH3+:19]	0.6549295783042908
[O:3]=[P:118]([O-:3])([O:112][CH2:79]/[CH:78]=[C:92](\[CH3:46])[CH2:77][CH2:57]/[CH:76]=[C:91](\[CH3:45])[CH2:75][CH2:56]/[CH:74]=[C:90](\[CH3:44])[CH2:73][CH2:55]/[CH:72]=[C:89](\[CH3:43])[CH2:71][CH2:54]/[CH:70]=[C:88](\[CH3:42])[CH2:69][CH2:53]/[CH:68]=[C:87](\[CH3:41])[CH2:67][CH2:52]/[CH:66]=[C:86](\[CH3:40])[CH2:65][CH2:51]/[CH:64]=[C:85](\[CH3:39])[CH2:63][CH2:50]/[CH:62]=[C:84](/[CH3:38])[CH2:61][CH2:49]/[CH:60]=[C:83](/[CH3:37])[CH2:59][CH2:48][CH:58]=[C:82]([CH3:35])[CH3:36])[O:117][P:119](=[O:4])([O-:4])[O:116][C@@H:102]1[C@H:96]([NH:104][C:93]([CH3:47])=[O:107])[C@@H:101]([O:115][C@@H:103]2[C@H:100]([O:111][C@H:19]3[C@H:17]([OH:26])[C@H:16]([OH:25])[C@@H:15]([OH:24])[C@H:11]([CH3:6])[O:30]3)[C@@H:99]([OH:110])[C@@H:97]([OH:108])[C@@H:94]([CH2:80][OH:105])[O:114]2)[C@H:98]([OH:109])[C@@H:95]([CH2:81][OH:106])[O:113]1.[O:1]=[P:33]([O-:1])([O:29][CH2:9][C@@H:13]1[C@@H:12]([OH:23])[CH2:7][C@H:14]([n:22]2[cH:8][c:10]([CH3:5])[c:18](=[O:27])[nH:21][c:20]2=[O:28])[O:31]1)[O:32][P:34](=[O:2])([O-:2])[O-:2]>>[O:3]=[P:118]([O-:3])([O:112][CH2:79]/[CH:78]=[C:92](\[CH3:46])[CH2:77][CH2:57]/[CH:76]=[C:91](\[CH3:45])[CH2:75][CH2:56]/[CH:74]=[C:90](\[CH3:44])[CH2:73][CH2:55]/[CH:72]=[C:89](\[CH3:43])[CH2:71][CH2:54]/[CH:70]=[C:88](\[CH3:42])[CH2:69][CH2:53]/[CH:68]=[C:87](\[CH3:41])[CH2:67][CH2:52]/[CH:66]=[C:86](\[CH3:40])[CH2:65][CH2:51]/[CH:64]=[C:85](\[CH3:39])[CH2:63][CH2:50]/[CH:62]=[C:84](/[CH3:38])[CH2:61][CH2:49]/[CH:60]=[C:83](/[CH3:37])[CH2:59][CH2:48][CH:58]=[C:82]([CH3:35])[CH3:36])[O:117][P:119](=[O:4])([O-:4])[O:116][C@@H:102]1[C@H:96]([NH:104][C:93]([CH3:47])=[O:107])[C@@H:101]([O:115][C@@H:103]2[C@H:100]([OH:111])[C@@H:99]([OH:110])[C@@H:97]([OH:108])[C@@H:94]([CH2:80][OH:105])[O:114]2)[C@H:98]([OH:109])[C@@H:95]([CH2:81][OH:106])[O:113]1.[O:1]=[P:33]([O-:1])([O:29][CH2:9][C@@H:13]1[C@@H:12]([OH:23])[CH2:7][C@H:14]([n:22]2[cH:8][c:10]([CH3:5])[c:18](=[O:27])[nH:21][c:20]2=[O:28])[O:31]1)[O:32][P:34](=[O:2])([O-:2])[O:2][C@@H:19]1[C@H:17]([OH:26])[C@H:16]([OH:25])[C@@H:15]([OH:24])[C@H:11]([CH3:6])[O:30]1	0.48739495873451233
[O:3]=[P:137]([O-:3])([O:127][CH2:82]/[CH:81]=[C:94](\[CH3:46])[CH2:80][CH2:60]/[CH:79]=[C:93](\[CH3:45])[CH2:78][CH2:59]/[CH:77]=[C:92](\[CH3:44])[CH2:76][CH2:58]/[CH:75]=[C:91](\[CH3:43])[CH2:74][CH2:57]/[CH:73]=[C:90](\[CH3:42])[CH2:72][CH2:56]/[CH:71]=[C:89](\[CH3:41])[CH2:70][CH2:55]/[CH:69]=[C:88](\[CH3:40])[CH2:68][CH2:54]/[CH:67]=[C:87](\[CH3:39])[CH2:66][CH2:53]/[CH:65]=[C:86](/[CH3:38])[CH2:64][CH2:52]/[CH:63]=[C:85](/[CH3:37])[CH2:62][CH2:51][CH:61]=[C:84]([CH3:35])[CH3:36])[O:136][P:138](=[O:4])([O-:4])[O:135][C@@H:112]1[C@H:100]([NH:116][C:98]([CH3:50])=[O:118])[C@@H:109]([O:132][C@H:115]2[C@H:111]([O:134][C@H:114]3[C@H:108]([OH:126])[C@H:110]([O:133][C@H:113]4[C@H:107]([O:125][C@H:19]5[C@H:17]([OH:26])[C@H:16]([OH:25])[C@@H:15]([OH:24])[C@H:11]([CH3:6])[O:30]5)[C@H:105]([OH:123])[C@@H:101]([OH:119])[C@H:95]([CH3:47])[O:128]4)[C@@H:103]([OH:121])[C@H:97]([CH3:49])[O:129]3)[C@H:106]([OH:124])[C@@H:102]([OH:120])[C@H:96]([CH3:48])[O:130]2)[C@H:104]([OH:122])[C@@H:99]([CH2:83][OH:117])[O:131]1.[O:1]=[P:33]([O-:1])([O:29][CH2:9][C@@H:13]1[C@@H:12]([OH:23])[CH2:7][C@H:14]([n:22]2[cH:8][c:10]([CH3:5])[c:18](=[O:27])[nH:21][c:20]2=[O:28])[O:31]1)[O:32][P:34](=[O:2])([O-:2])[O-:2]>>[O:3]=[P:137]([O-:3])([O:127][CH2:82]/[CH:81]=[C:94](\[CH3:46])[CH2:80][CH2:60]/[CH:79]=[C:93](\[CH3:45])[CH2:78][CH2:59]/[CH:77]=[C:92](\[CH3:44])[CH2:76][CH2:58]/[CH:75]=[C:91](\[CH3:43])[CH2:74][CH2:57]/[CH:73]=[C:90](\[CH3:42])[CH2:72][CH2:56]/[CH:71]=[C:89](\[CH3:41])[CH2:70][CH2:55]/[CH:69]=[C:88](\[CH3:40])[CH2:68][CH2:54]/[CH:67]=[C:87](\[CH3:39])[CH2:66][CH2:53]/[CH:65]=[C:86](/[CH3:38])[CH2:64][CH2:52]/[CH:63]=[C:85](/[CH3:37])[CH2:62][CH2:51][CH:61]=[C:84]([CH3:35])[CH3:36])[O:136][P:138](=[O:4])([O-:4])[O:135][C@@H:112]1[C@H:100]([NH:116][C:98]([CH3:50])=[O:118])[C@@H:109]([O:132][C@H:115]2[C@H:111]([O:134][C@H:114]3[C@H:108]([OH:126])[C@H:110]([O:133][C@H:113]4[C@H:107]([OH:125])[C@H:105]([OH:123])[C@@H:101]([OH:119])[C@H:95]([CH3:47])[O:128]4)[C@@H:103]([OH:121])[C@H:97]([CH3:49])[O:129]3)[C@H:106]([OH:124])[C@@H:102]([OH:120])[C@H:96]([CH3:48])[O:130]2)[C@H:104]([OH:122])[C@@H:99]([CH2:83][OH:117])[O:131]1.[O:1]=[P:33]([O-:1])([O:29][CH2:9][C@@H:13]1[C@@H:12]([OH:23])[CH2:7][C@H:14]([n:22]2[cH:8][c:10]([CH3:5])[c:18](=[O:27])[nH:21][c:20]2=[O:28])[O:31]1)[O:32][P:34](=[O:2])([O-:2])[O:2][C@@H:19]1[C@H:17]([OH:26])[C@H:16]([OH:25])[C@@H:15]([OH:24])[C@H:11]([CH3:6])[O:30]1	0.41129031777381897
[O:3]=[P:140]([O-:3])([O:130][CH2:85]/[CH:84]=[C:97](\[CH3:49])[CH2:83][CH2:63]/[CH:82]=[C:96](\[CH3:48])[CH2:81][CH2:62]/[CH:80]=[C:95](\[CH3:47])[CH2:79][CH2:61]/[CH:78]=[C:94](\[CH3:46])[CH2:77][CH2:60]/[CH:76]=[C:93](\[CH3:45])[CH2:75][CH2:59]/[CH:74]=[C:92](\[CH3:44])[CH2:73][CH2:58]/[CH:72]=[C:91](\[CH3:43])[CH2:71][CH2:57]/[CH:70]=[C:90](\[CH3:42])[CH2:69][CH2:56]/[CH:68]=[C:89](/[CH3:41])[CH2:67][CH2:55]/[CH:66]=[C:88](/[CH3:40])[CH2:65][CH2:54][CH:64]=[C:87]([CH3:38])[CH3:39])[O:139][P:141](=[O:4])([O-:4])[O:138][C@@H:115]1[C@H:103]([NH:119][C:101]([CH3:53])=[O:121])[C@@H:107]([OH:125])[C@H:112]([O:135][C@@H:117]2[C@H:111]([OH:129])[C@H:113]([O:136][C@H:118]3[C@H:114]([O:137][C@H:116]4[C@H:110]([O:128][C@@H:21]5[C@H:19]([OH:29])[C@@H:17]([NH:23][C:13]([CH3:7])=[O:26])[C@@H:18]([OH:28])[C@@H:12]([CH3:6])[O:33]5)[C@H:108]([OH:126])[C@@H:104]([OH:122])[C@H:98]([CH3:50])[O:131]4)[C@H:109]([OH:127])[C@@H:105]([OH:123])[C@H:99]([CH3:51])[O:133]3)[C@@H:106]([OH:124])[C@H:100]([CH3:52])[O:132]2)[C@@H:102]([CH2:86][OH:120])[O:134]1.[O:1]=[P:36]([O-:1])([O:32][CH2:10][C@@H:15]1[C@@H:14]([OH:27])[CH2:8][C@H:16]([n:25]2[cH:9][c:11]([CH3:5])[c:20](=[O:30])[nH:24][c:22]2=[O:31])[O:34]1)[O:35][P:37](=[O:2])([O-:2])[O-:2]>>[O:3]=[P:140]([O-:3])([O:130][CH2:85]/[CH:84]=[C:97](\[CH3:49])[CH2:83][CH2:63]/[CH:82]=[C:96](\[CH3:48])[CH2:81][CH2:62]/[CH:80]=[C:95](\[CH3:47])[CH2:79][CH2:61]/[CH:78]=[C:94](\[CH3:46])[CH2:77][CH2:60]/[CH:76]=[C:93](\[CH3:45])[CH2:75][CH2:59]/[CH:74]=[C:92](\[CH3:44])[CH2:73][CH2:58]/[CH:72]=[C:91](\[CH3:43])[CH2:71][CH2:57]/[CH:70]=[C:90](\[CH3:42])[CH2:69][CH2:56]/[CH:68]=[C:89](/[CH3:41])[CH2:67][CH2:55]/[CH:66]=[C:88](/[CH3:40])[CH2:65][CH2:54][CH:64]=[C:87]([CH3:38])[CH3:39])[O:139][P:141](=[O:4])([O-:4])[O:138][C@@H:115]1[C@H:103]([NH:119][C:101]([CH3:53])=[O:121])[C@@H:107]([OH:125])[C@H:112]([O:135][C@@H:117]2[C@H:111]([OH:129])[C@H:113]([O:136][C@H:118]3[C@H:114]([O:137][C@H:116]4[C@H:110]([OH:128])[C@H:108]([OH:126])[C@@H:104]([OH:122])[C@H:98]([CH3:50])[O:131]4)[C@H:109]([OH:127])[C@@H:105]([OH:123])[C@H:99]([CH3:51])[O:133]3)[C@@H:106]([OH:124])[C@H:100]([CH3:52])[O:132]2)[C@@H:102]([CH2:86][OH:120])[O:134]1.[O:1]=[P:36]([O-:1])([O:32][CH2:10][C@@H:15]1[C@@H:14]([OH:27])[CH2:8][C@H:16]([n:25]2[cH:9][c:11]([CH3:5])[c:20](=[O:30])[nH:24][c:22]2=[O:31])[O:34]1)[O:35][P:37](=[O:2])([O-:2])[O:2][C@@H:21]1[C@H:19]([OH:29])[C@@H:17]([NH:23][C:13]([CH3:7])=[O:26])[C@@H:18]([OH:28])[C@@H:12]([CH3:6])[O:33]1	0.31192660331726074
[O:3]=[P:22]([O-:3])([O-:3])[O:21][CH2:11][C@H:12]1[CH2:10][C@H:13]([NH3+:9])[C@H:15]([OH:19])[C@@H:16]([OH:20])[C@@H:14]1[OH:18].[O:1]=[C:7]([O-:1])[CH2:5][CH2:4][C:6]([C:8](=[O:2])[O-:2])=[O:17]>>[O:3]=[P:22]([O-:3])([O-:3])[O:21][CH2:11][C@H:12]1[CH2:10][C:13](=[O:17])[C@H:15]([OH:19])[C@@H:16]([OH:20])[C@@H:14]1[OH:18].[O:1]=[C:7]([O-:1])[CH2:5][CH2:4][C@@H:6]([C:8](=[O:2])[O-:2])[NH3+:9]	0.32786884903907776
[O:3]=[S:25](=[O:3])([O-:3])[O:57][C@H:50]([C@@H:41]([CH3:29])[CH:43]1[CH2:32][CH2:33][C@H:44]2[CH:42]3[CH2:38][O:59][C:51](=[O:58])[C@H:46]4[CH2:36][C@H:47]([OH:54])[C@H:48]([OH:55])[CH2:37][C@:53]4([CH3:31])[CH:45]3[CH2:34][CH2:35][C@:52]12[CH3:30])[C@@H:49]([C@@H:40]([CH3:28])[CH:39]([CH3:26])[CH3:27])[OH:56].[O:1]=[P:23]([O-:1])([O-:1])[O:22][C@@H:10]1[C@@H:7]([CH2:4][O:20][P:24](=[O:2])([O-:2])[O-:2])[O:21][C@@H:13]([n:18]2[cH:6][n:17][c:8]3[c:11]([NH2:14])[n:15][cH:5][n:16][c:12]32)[C@@H:9]1[OH:19]>>[CH3:26][CH:39]([CH3:27])[C@H:40]([CH3:28])[C@H:49]([C@@H:50]([C@@H:41]([CH3:29])[C@H:43]1[CH2:32][CH2:33][C@H:44]2[C@H:42]3[CH2:38][O:59][C:51](=[O:58])[C@H:46]4[CH2:36][C@H:47]([OH:54])[C@H:48]([OH:55])[CH2:37][C@:53]4([CH3:31])[C@H:45]3[CH2:34][CH2:35][C@:52]12[CH3:30])[OH:57])[OH:56].[O:1]=[P:23]([O-:1])([O-:1])[O:22][C@@H:10]1[C@@H:7]([CH2:4][O:20][P:24](=[O:2])([O-:2])[O:2][S:25](=[O:3])(=[O:3])[O-:3])[O:21][C@@H:13]([n:18]2[cH:6][n:17][c:8]3[c:11]([NH2:14])[n:15][cH:5][n:16][c:12]32)[C@@H:9]1[OH:19]	0.20325203239917755
[O:4]=[C:58]1[N:51]2[c:42]3[cH:36][cH:32][cH:30][cH:34][c:40]3[C@:48]([CH2:37][C@@H:43]3[C:45](=[O:53])[NH:49][C@@H:38]([CH3:28])[c:44]4[n:50][c:41]5[cH:35][cH:31][cH:29][cH:33][c:39]5[c:46](=[O:54])[n:52]43)([OH:55])[C@H:47]2[NH:59][C@H:57]1[CH3:56].[O:2]=[P:26]([O-:2])([O-:2])[O:22][CH2:5][C@@H:8]1[C@@H:10]([OH:20])[C@@H:11]([OH:21])[C@H:14]([n:19]2[cH:7][n:18][c:9]3[c:12]([NH2:15])[n:16][cH:6][n:17][c:13]32)[O:23]1.[O:1]=[P:25]([O-:1])([O-:1])[O:24][P:27](=[O:3])([O-:3])[OH:3].[OH2:4]>>[O:1]=[P:25]([O-:1])([O-:1])[O:24][P:27]([O:2][P:26](=[O:2])([O-:2])[O:22][CH2:5][C@@H:8]1[C@@H:10]([OH:20])[C@@H:11]([OH:21])[C@H:14]([n:19]2[cH:7][n:18][c:9]3[c:12]([NH2:15])[n:16][cH:6][n:17][c:13]32)[O:23]1)(=[O:3])[O-:3].[OH:3][CH:47]1[C@@:48]([CH2:37][C@@H:43]2[C:45](=[O:53])[NH:49][C@@H:38]([CH3:28])[c:44]3[n:50][c:41]4[cH:35][cH:31][cH:29][cH:33][c:39]4[c:46](=[O:54])[n:52]32)([OH:55])[c:40]2[cH:34][cH:30][cH:32][cH:36][c:42]2[NH:51]1.[O:4]=[C:58]([O-:4])[C@H:57]([CH3:56])[NH3+:59]	0.2554347813129425
[O:4]=[P:67]([O-:4])([O-:4])[O:65][C@@H:44]1[C@@H:40]([CH2:36][O:62][P:68](=[O:5])([O-:5])[O:66][P:69](=[O:6])([O-:6])[O:63][CH2:37][C:50]([CH3:30])([CH3:31])[C@H:45]([C:48]([NH:53][CH2:33][CH2:32][C:41]([NH:52][CH2:34][CH2:35][S:70][C:95]([CH:87]([CH3:72])[C:94]([CH2:80][CH2:75][C@@H:86]([CH3:71])[C@H:91]2[CH2:78][CH2:79][C@H:92]3[C@@H:90]4[CH2:77][CH2:76][C:88]5=[CH:85][C:89](=[O:98])[CH2:81][CH2:83][C@:96]5([CH3:73])[C@H:93]4[CH2:82][CH2:84][C@:97]23[CH3:74])=[O:99])=[O:100])=[O:58])=[O:61])[OH:60])[O:64][C@@H:49]([n:57]2[cH:39][n:56][c:42]3[c:46]([NH2:51])[n:54][cH:38][n:55][c:47]32)[C@@H:43]1[OH:59].[O:2]=[P:28]([O-:2])([O-:2])[O:24][CH2:7][C@@H:10]1[C@@H:12]([OH:22])[C@@H:13]([OH:23])[C@H:16]([n:21]2[cH:9][n:20][c:11]3[c:14]([NH2:17])[n:18][cH:8][n:19][c:15]32)[O:25]1.[O:1]=[P:27]([O-:1])([O-:1])[O:26][P:29](=[O:3])([O-:3])[OH:3]>>[O:4]=[P:67]([O-:4])([O-:4])[O:65][C@@H:44]1[C@@H:40]([CH2:36][O:62][P:68](=[O:5])([O-:5])[O:66][P:69](=[O:6])([O-:6])[O:63][CH2:37][C:50]([CH3:30])([CH3:31])[C@H:45]([C:48]([NH:53][CH2:33][CH2:32][C:41]([NH:52][CH2:34][CH2:35][SH:70])=[O:58])=[O:61])[OH:60])[O:64][C@@H:49]([n:57]2[cH:39][n:56][c:42]3[c:46]([NH2:51])[n:54][cH:38][n:55][c:47]32)[C@@H:43]1[OH:59].[O-:3][C:95]([CH:87]([CH3:72])[C:94]([CH2:80][CH2:75][C@@H:86]([CH3:71])[C@H:91]1[CH2:78][CH2:79][C@H:92]2[C@@H:90]3[CH2:77][CH2:76][C:88]4=[CH:85][C:89](=[O:98])[CH2:81][CH2:83][C@:96]4([CH3:73])[C@H:93]3[CH2:82][CH2:84][C@:97]12[CH3:74])=[O:99])=[O:100].[O:1]=[P:27]([O-:1])([O-:1])[O:26][P:29]([O:2][P:28](=[O:2])([O-:2])[O:24][CH2:7][C@@H:10]1[C@@H:12]([OH:22])[C@@H:13]([OH:23])[C@H:16]([n:21]2[cH:9][n:20][c:11]3[c:14]([NH2:17])[n:18][cH:8][n:19][c:15]32)[O:25]1)(=[O:3])[O-:3]	0.5596330165863037
[O:4]=[P:94]([O-:4])([O-:4])[O:92][C@@H:69]1[C@@H:64]([CH2:59][O:89][P:95](=[O:5])([O-:5])[O:93][P:96](=[O:6])([O-:6])[O:90][CH2:60][C:75]([CH3:49])([CH3:50])[C@H:70]([C:73]([NH:78][CH2:55][CH2:54][C:65]([NH:77][CH2:56][CH2:57][S:97][C:66]([CH2:58][CH:63]([CH2:53][CH3:52])[OH:83])=[O:85])=[O:84])=[O:88])[OH:87])[O:91][C@@H:74]([n:82]2[cH:62][n:81][c:67]3[c:71]([NH2:76])[n:79][cH:61][n:80][c:72]32)[C@@H:68]1[OH:86].[O:1]=[P:44]([O-:1])([O-:1])[O:42][C@@H:21]1[C@@H:17]([CH2:13][O:39][P:45](=[O:2])([O-:2])[O:43][P:46](=[O:3])([O-:3])[O:40][CH2:14][C:27]([CH3:7])([CH3:8])[C@H:22]([C:25]([NH:30][CH2:10][CH2:9][C:18]([NH:29][CH2:11][CH2:12][S:47][C:51]([CH3:48])=[O:98])=[O:35])=[O:38])[OH:37])[O:41][C@@H:26]([n:34]2[cH:16][n:33][c:19]3[c:23]([NH2:28])[n:31][cH:15][n:32][c:24]32)[C@@H:20]1[OH:36].[OH:99][OH:100]>>[O:4]=[P:94]([O-:4])([O-:4])[O:92][C@@H:69]1[C@@H:64]([CH2:59][O:89][P:95](=[O:5])([O-:5])[O:93][P:96](=[O:6])([O-:6])[O:90][CH2:60][C:75]([CH3:49])([CH3:50])[C@H:70]([C:73]([NH:78][CH2:55][CH2:54][C:65]([NH:77][CH2:56][CH2:57][S:97][C:66]([CH2:58][CH:63]([CH2:53][CH2:52][CH2:51][CH3:48])[OH:83])=[O:85])=[O:84])=[O:88])[OH:87])[O:91][C@@H:74]([n:82]2[cH:62][n:81][c:67]3[c:71]([NH2:76])[n:79][cH:61][n:80][c:72]32)[C@@H:68]1[OH:86].[O:1]=[P:44]([O-:1])([O-:1])[O:42][C@@H:21]1[C@@H:17]([CH2:13][O:39][P:45](=[O:2])([O-:2])[O:43][P:46](=[O:3])([O-:3])[O:40][CH2:14][C:27]([CH3:7])([CH3:8])[C@H:22]([C:25]([NH:30][CH2:10][CH2:9][C:18]([NH:29][CH2:11][CH2:12][SH:47])=[O:35])=[O:38])[OH:37])[O:41][C@@H:26]([n:34]2[cH:16][n:33][c:19]3[c:23]([NH2:28])[n:31][cH:15][n:32][c:24]32)[C@@H:20]1[OH:36].[O:99]=[O:100].[OH2:98]	0.2857142984867096
[O:5]=[C:59]([O-:5])[CH2:57][CH2:54]/[CH:51]=[CH:53]\[CH2:56][C@@H:58](/[CH:55]=[CH:52]/[CH:50]=[CH:49]\[CH2:48]/[CH:47]=[CH:46]\[CH2:45]/[CH:44]=[CH:43]\[CH2:42]/[CH:41]=[CH:40]\[CH2:39][CH3:38])[O:60][OH:61].[O:1]=[C:20]([O-:1])[CH2:10][NH:28][C:22]([C@H:16]([CH2:12][SH:36])[NH:30][C:18]([CH2:8][CH2:6][C@@H:14]([C:24](=[O:3])[O-:3])[NH3+:26])=[O:32])=[O:34].[O:2]=[C:21]([O-:2])[CH2:11][NH:29][C:23]([C@H:17]([CH2:13][SH:37])[NH:31][C:19]([CH2:9][CH2:7][C@@H:15]([C:25](=[O:4])[O-:4])[NH3+:27])=[O:33])=[O:35]>>[O:1]=[C:20]([O-:1])[CH2:10][NH:28][C:22]([C@H:16]([CH2:12][S:36][S:37][CH2:13][C@@H:17]([C:23]([NH:29][CH2:11][C:21](=[O:2])[O-:2])=[O:35])[NH:31][C:19]([CH2:9][CH2:7][C@@H:15]([C:25](=[O:4])[O-:4])[NH3+:27])=[O:33])[NH:30][C:18]([CH2:8][CH2:6][C@@H:14]([C:24](=[O:3])[O-:3])[NH3+:26])=[O:32])=[O:34].[O:5]=[C:59]([O-:5])[CH2:57][CH2:54]/[CH:51]=[CH:53]\[CH2:56][C@@H:58](/[CH:55]=[CH:52]/[CH:50]=[CH:49]\[CH2:48]/[CH:47]=[CH:46]\[CH2:45]/[CH:44]=[CH:43]\[CH2:42]/[CH:41]=[CH:40]\[CH2:39][CH3:38])[OH:60].[OH2:61]	0.6915887594223022
[O]c1ccc(O)cc1.O>>Oc1ccc(O)cc1.O=O	1.0
[cH:1]1[cH:2][c:6](-[c:7]2[cH:4][nH:14][cH:5][c:9]2[Cl:12])[c:10]([NH:13][OH:16])[c:8]([Cl:11])[cH:3]1.[OH2:15]>>[cH:1]1[cH:2][c:6](-[c:7]2[cH:4][nH:14][cH:5][c:9]2[Cl:12])[c:10]([NH2:13])[c:8]([Cl:11])[cH:3]1.[O:15]=[O:16]	0.10447761416435242
[cH:1]1[cH:2][c:6]([OH:14])[cH:10][c:12]2[c:4]1[c:8]1[c:5]([cH:3][c:7]([OH:15])[c:9]([OH:16])[c:11]1[OH:18])[c:13](=[O:19])[o:20]2.[OH2:17]>>[cH:1]1[cH:2][c:6]([OH:14])[c:10]([OH:17])[c:12]2[c:4]1[c:8]1[c:5]([cH:3][c:7]([OH:15])[c:9]([OH:16])[c:11]1[OH:18])[c:13](=[O:19])[o:20]2	0.13333334028720856
[cH:1]1[cH:2][cH:4][c:9]2[c:7]([cH:3]1)[c:8]([C:10]([CH:6]=[O:12])=[O:13])[cH:5][nH:11]2>>[cH:1]1[cH:2][cH:4][c:9]2[c:7]([cH:3]1)[c:8]([C:10]([CH2:6][OH:12])=[O:13])[cH:5][nH:11]2	0.2112676054239273
[cH:1]1[cH:2][cH:4][c:9]2[c:8]([cH:3]1)[c:7]([CH3:6])[cH:5][nH:10]2.[O:12]=[O:13].[OH2:11]>>[cH:1]1[cH:2][cH:4][c:9]2[c:8]([cH:3]1)[c:7]([CH2:6][OH:11])[cH:5][nH:10]2.[OH:12][OH:13]	0.3050847351551056
[cH:1]1[cH:2][cH:6][c:11]([O:14][C:12]2=[CH:9][C:10]([Br:13])=[CH:5][C@H:4]([OH:16])[C@@H:8]2[OH:15])[cH:7][cH:3]1>>[cH:1]1[cH:2][cH:6][c:11]([O:14][c:12]2[cH:8][cH:4][cH:5][c:10]([Br:13])[cH:9]2)[cH:7][cH:3]1.[O:15]=[O:16]	0.1066666692495346
[cH:1]1[cH:2][n:6][cH:3][c:5]([OH:10])[c:4]1[OH:8].[O:7]=[O:9]>>[CH:1](=[CH:2]/[NH:6][CH:3]=[O:7])\[C:4]([C:5](=[O:9])[O-:10])=[O:8]	0.140625
[cH:2]1[cH:3][cH:5][c:7]([OH:10])[c:6]([OH:11])[cH:4]1.[O:1]=[C:8]=[O:1].[F-:9]>>[O:1]=[C:8]([O-:1])[c:6]1[cH:4][cH:2][cH:3][cH:5][c:7]1[F:9].[O:10]=[O:11]	0.2261904776096344
[cH:2]1[cH:3][cH:5][c:7]([OH:11])[c:6]([OH:10])[cH:4]1.[O:1]=[C:8]=[O:1].[I-:9]>>[O:1]=[C:8]([O-:1])[c:6]1[cH:4][cH:2][cH:3][cH:5][c:7]1[I:9].[O:10]=[O:11]	0.5522388219833374
[cH:6]1[cH:8][c:14]([CH:16]2[CH2:11][O:28][c:22]3[cH:15][c:18]([O-:25])[cH:10][c:19]([OH:26])[c:20]3[C:21]2=[O:27])[c:17]([OH:24])[cH:9][c:13]1[OH:23].[O:1]=[P:31]([O-:1])([O:29][CH2:7][CH:5]=[C:12]([CH3:3])[CH3:4])[O:30][P:32](=[O:2])([O-:2])[O-:2]>>[CH3:3][C:12]([CH3:4])=[CH:5][CH2:7][c:15]1[c:18]([O-:25])[cH:10][c:19]([OH:26])[c:20]2[c:22]1[O:28][CH2:11][CH:16]([c:14]1[cH:8][cH:6][c:13]([OH:23])[cH:9][c:17]1[OH:24])[C:21]2=[O:27].[O:1]=[P:31]([OH:1])([O-:29])[O:30][P:32](=[O:2])([O-:2])[O-:2]	0.3781512677669525
c1ccc(C2CO2)cc1>>O=CCc1ccccc1	1.0
c1ccc(Sc2ccccc2)cc1>>O=Cc1ccc(O)c(O)c1	0.23943662643432617
